{"scores": {"Phylum": {"std": 0.08285010901770125, "mean": 0.5719848756472308, "err": 0.01657002180354025, "scores": [0.6516442621705779, 0.4722610722610723, 0.778557185586099, 0.6363974416183252, 0.596644231680728, 0.5612078977932636, 0.5717922891835935, 0.5161764705882352, 0.4613333333333334, 0.5406490275893261, 0.5497294168889207, 0.4461279461279461, 0.6550726286646186, 0.6076689639144387, 0.5724965334297943, 0.6984126984126985, 0.6700994815748914, 0.5857317173715887, 0.5224111911794076, 0.6788766788766789, 0.5240203080450619, 0.4600550964187328, 0.5350027967815498, 0.5326941986234022, 0.4745590230664858]}, "Class": {"std": 0.0682991231663547, "mean": 0.5982676386246001, "err": 0.01365982463327094, "scores": [0.5677429293773019, 0.6155815768930523, 0.6834475872327984, 0.6559675683791696, 0.6569487719060064, 0.6662548241749363, 0.45943627450980395, 0.5315228121354222, 0.5834802654912093, 0.6002568168265842, 0.580607315389924, 0.6335567223004795, 0.6832585978737438, 0.4454603174603175, 0.6416238459309717, 0.5282620552170315, 0.6901264710821738, 0.6301775207085348, 0.6356332293832294, 0.5816700082895591, 0.5642804328829737, 0.6194721504993336, 0.5192374051069703, 0.505320199943666, 0.6773652666198107]}, "Order": {"std": 0.05532060002637368, "mean": 0.6207719544242496, "err": 0.011064120005274736, "scores": [0.6317754619833544, 0.6014429530201343, 0.6527342374131978, 0.5969974821202372, 0.635463037454188, 0.6290975337885437, 0.6395585377353067, 0.5603272378702492, 0.6541441891880039, 0.6350458617247224, 0.6719123643651946, 0.643102843102843, 0.541858215233288, 0.44518102943795634, 0.6722714069404531, 0.6271018651909782, 0.632324303480189, 0.5881592880193627, 0.747446656908223, 0.6170386835849465, 0.6396311210268875, 0.6306053886985151, 0.6775054247979547, 0.5555443322109989, 0.5930294053105113]}, "Family": {"std": 0.04604747554518442, "mean": 0.6598539689176474, "err": 0.009209495109036885, "scores": [0.66419487477203, 0.6276305723052623, 0.5884643235648142, 0.5963692860803439, 0.6350394800809745, 0.7176963827727317, 0.614329272378808, 0.6888424028483713, 0.6883927866406362, 0.5825623676700727, 0.6642097888670959, 0.6737436913953995, 0.576183888010223, 0.6716406636144874, 0.7358806770571477, 0.6896571919412775, 0.7426116653252763, 0.6287827565023046, 0.6525026190958972, 0.6673725131706435, 0.6869279973757586, 0.668512637394469, 0.6988264134519505, 0.7167661948053926, 0.6192087758198156]}, "Genus": {"std": 0.03189217552150968, "mean": 0.665393170118135, "err": 0.006378435104301935, "scores": [0.6173686422641692, 0.6480095861076722, 0.688292275098925, 0.651957410063878, 0.6453839751592562, 0.6633612913397577, 0.6406644962348301, 0.6941331334793804, 0.6478382498282996, 0.6916073911782066, 0.6900912573782337, 0.6729456087206399, 0.6311298208916993, 0.5936851998544969, 0.6445421337062204, 0.689854812200616, 0.6658745213273424, 0.6920739781612334, 0.6907312301296161, 0.6813805504394962, 0.7249179902794362, 0.646638425585794, 0.6749138019163391, 0.7262854751985186, 0.6211479964093204]}, "Species": {"std": 0.025793441807749767, "mean": 0.6946019329864939, "err": 0.005158688361549953, "scores": [0.6747163307405063, 0.6487446341219926, 0.7310908744984087, 0.7349891199657547, 0.7002211166390272, 0.6729289326272085, 0.6357049343350712, 0.7236032987448845, 0.6935005298481102, 0.691720479855079, 0.6581801982403386, 0.693011500785555, 0.7087371263113837, 0.6735127224250855, 0.6871505376344086, 0.6780374789671931, 0.6882758927776295, 0.6788928907349959, 0.6965916503587737, 0.711815475156107, 0.6952683264437433, 0.723024816595363, 0.7170465675092009, 0.7383378187876457, 0.7099450705588813]}}, "weight_decay": 0.01, "n_epochs": 100, "hidden_dim": 512, "alpha": 10, "lr": 0.0001, "batch_size": 20, "early_stopping": 0, "n_classes": 3, "input_dim": 4, "feature_type": "metadata", "model_class": "nonlinear", "binary": 0}