{"scores": {"Phylum": {"std": 0.0687962546168577, "mean": 0.4760452539122007, "err": 0.013759250923371541, "scores": [0.4864486055523791, 0.3928443006112909, 0.6866002214839423, 0.447080166210601, 0.5175434842954024, 0.4212387888974705, 0.4653284671532847, 0.4648657814435481, 0.48866825182614654, 0.42884990253411304, 0.4429583005507474, 0.4358493514611658, 0.3129490392648287, 0.5045454545454545, 0.42512756430282206, 0.4337606837606838, 0.5097757539618005, 0.503220085695164, 0.47222222222222227, 0.586620546418045, 0.47336191059399874, 0.5103308848207032, 0.5523262178434593, 0.4302308637751675, 0.508384498580577]}, "Class": {"std": 0.04920547106806844, "mean": 0.500425256634755, "err": 0.009841094213613687, "scores": [0.6007751937984497, 0.47882809075630073, 0.507989107666527, 0.5340536875704994, 0.4827949417790102, 0.540382495590829, 0.41082670525014137, 0.4941270834574965, 0.4829059829059829, 0.5332859511963989, 0.4660438014868395, 0.451902064794663, 0.4364605459393502, 0.5311946429662208, 0.4375429461953881, 0.5478828220384327, 0.4477646877646877, 0.5049003562144989, 0.500486943832649, 0.4430340035936375, 0.5588137665967855, 0.5090992110565065, 0.5208037825059102, 0.6107499603615031, 0.47798264055016704]}, "Order": {"std": 0.04984871625628594, "mean": 0.5521922162071956, "err": 0.009969743251257188, "scores": [0.5785419164668265, 0.558063582234802, 0.5433362680038556, 0.5307089107500446, 0.5188107990328384, 0.606244836278582, 0.5064944414629308, 0.5311440508494392, 0.5279241582216411, 0.5880357989851213, 0.4325924396733645, 0.5357979797979798, 0.5001080142201809, 0.5631183409436834, 0.5802103383987278, 0.539193418130426, 0.5127264179081842, 0.5110474006116208, 0.6022656441502959, 0.5162317233351423, 0.6072263055483342, 0.6260048586483523, 0.6018004256119228, 0.6730785576167103, 0.5140987782988825]}, "Family": {"std": 0.047299310101887745, "mean": 0.6323213384144164, "err": 0.00945986202037755, "scores": [0.7098963542799158, 0.5810750172140203, 0.560315939976957, 0.6404448795344537, 0.6444409374260238, 0.5887020730673982, 0.6058332011211592, 0.6569917628005125, 0.605379188712522, 0.6771261361044644, 0.60405425492382, 0.6047502173134939, 0.641439229568726, 0.6419364508393285, 0.572032045817212, 0.7238798829224361, 0.6391713634494887, 0.5792460679988506, 0.6540652122778149, 0.5582601342286847, 0.6496915488252122, 0.622638413576485, 0.7316646141802942, 0.6272014371727428, 0.6877970970283941]}, "Genus": {"std": 0.028861225484916545, "mean": 0.6835819402960697, "err": 0.005772245096983309, "scores": [0.6756065255593149, 0.720532700565944, 0.7316798489730821, 0.6913618365201802, 0.675934983441346, 0.6665743816906607, 0.6986548378953442, 0.6610025265428945, 0.6773228280616937, 0.7622486477558942, 0.6994243035428779, 0.6871884943836976, 0.7176146410859824, 0.6912283216904737, 0.7044591179587512, 0.6698867030868839, 0.6368862249922347, 0.6405749172654271, 0.6518353333029155, 0.652619580270587, 0.7042747266717518, 0.6810242945957672, 0.6618809024454452, 0.6658716052423721, 0.6638602238602239]}, "Species": {"std": 0.023772244940259122, "mean": 0.7485170651521241, "err": 0.004754448988051824, "scores": [0.7122926447574335, 0.7652000761215779, 0.761397603617176, 0.7398183190262398, 0.757073892910464, 0.7442778585912017, 0.6947817740656616, 0.7700371602161864, 0.7571741906824365, 0.7413045061486426, 0.7560721098148934, 0.7366289614356624, 0.7979997305713318, 0.7259343910798867, 0.7967700974122937, 0.7447027606152958, 0.7560196543916642, 0.7657725943817959, 0.7311091103107911, 0.7034656899470019, 0.7665748947981018, 0.7533464865772922, 0.7539827738200254, 0.7363642957702364, 0.7448250517398116]}}, "weight_decay": 0.01, "n_epochs": 100, "hidden_dim": 512, "alpha": 10, "lr": 0.0001, "batch_size": 20, "early_stopping": 0, "n_classes": 3, "input_dim": 1889, "feature_type": "cds_5mer", "model_class": "nonlinear", "binary": 0}