{"scores": {"Phylum": {"std": 0.0725217615132193, "mean": 0.42071306675686704, "err": 0.014504352302643861, "scores": [0.5646991896991896, 0.4966386554621849, 0.42462082335500057, 0.43963675213675213, 0.5300160430574963, 0.4403922499011467, 0.39446899977935784, 0.3711103711103711, 0.28991503724394785, 0.3633209641898211, 0.4618904400055006, 0.32353971962616823, 0.44639794168096053, 0.4794094794094794, 0.5668780193236715, 0.40493527508090615, 0.4344338469063341, 0.38815078604148595, 0.44722302995056706, 0.3648000744774938, 0.31546991820964426, 0.4427619327648731, 0.43131739334270974, 0.3954251362779561, 0.30037458988865634]}, "Class": {"std": 0.06220372993441311, "mean": 0.4322596316411807, "err": 0.012440745986882622, "scores": [0.6036036036036037, 0.3303860890067787, 0.48985383851284237, 0.45151195836127345, 0.35038235461964273, 0.48664641676655407, 0.43190929591581056, 0.4508960573476702, 0.379365347898591, 0.3164422516873951, 0.4337979493939006, 0.4014291719209752, 0.46943152528509335, 0.4843960182943234, 0.45227034050657694, 0.467242320349665, 0.4310201928872815, 0.3714522946859904, 0.36260782228524163, 0.39517339920565725, 0.4407050444138476, 0.3813151354818021, 0.4607776803883276, 0.4497769667477696, 0.5140977154629032]}, "Order": {"std": 0.05814817540962263, "mean": 0.4454332344081817, "err": 0.011629635081924525, "scores": [0.459729381443299, 0.5004148629148629, 0.4083276988956502, 0.320421219762772, 0.4197234395211466, 0.482885729331227, 0.5474484665661136, 0.47523921436964917, 0.3657110192595199, 0.4051736317142776, 0.5102564102564102, 0.4532735500477436, 0.3657031014754592, 0.45703228287781544, 0.41909503364696565, 0.5518471592424646, 0.41712723598977836, 0.47781490763946904, 0.4054709757834758, 0.4682471264367816, 0.4159078590785908, 0.5130917414199149, 0.4256716028867928, 0.5064158665882916, 0.36380134305607054]}, "Family": {"std": 0.03344460284072566, "mean": 0.46622933969817004, "err": 0.006688920568145132, "scores": [0.44142785319255906, 0.4436012559791062, 0.5269098552261968, 0.49177106362073203, 0.4741211800035329, 0.46828703703703706, 0.5202499567140451, 0.44249521114287643, 0.48169806475710253, 0.4506398856226244, 0.43659666765256827, 0.4641057034996429, 0.4840822771305424, 0.37823655913978493, 0.49354530241453504, 0.4657053573793067, 0.45534246575342463, 0.5126473124461052, 0.46114670270530506, 0.4751322751322751, 0.47833020637898693, 0.4970422852001799, 0.47875654811138685, 0.4289597851335656, 0.40490268108082894]}, "Genus": {"std": 0.03311174203132154, "mean": 0.4732857972588176, "err": 0.006622348406264309, "scores": [0.49542842215256017, 0.432586974840496, 0.4417040358744395, 0.46226661444052747, 0.4485514485514486, 0.4765846328239778, 0.47937203358890107, 0.480439864510281, 0.5092004014720642, 0.4973544973544974, 0.5149517595226144, 0.5270494273658831, 0.4898412698412698, 0.45640062763350436, 0.434733893557423, 0.4327812859922952, 0.4902843275144095, 0.4740202209714404, 0.5034529804471629, 0.4147762345679012, 0.4579176861785557, 0.499707742175461, 0.41533405142651975, 0.45969031389379794, 0.5377141847730083]}, "Species": {"std": 0.010649990350501182, "mean": 0.4763396122188832, "err": 0.0021299980701002365, "scores": [0.4727180228666292, 0.4658291967576414, 0.4830382002450162, 0.4772006070640176, 0.47488281436839336, 0.48134920634920636, 0.4862806757923295, 0.48246082621082625, 0.46716323208916105, 0.4845155609998852, 0.5088766682988687, 0.46944977874259, 0.47489198663079807, 0.46772743617403806, 0.47070754611264265, 0.4671527849097942, 0.4763941861663746, 0.4903621427744996, 0.4843205574912892, 0.4607878362733189, 0.4735390152056819, 0.484270054136622, 0.48054213633923776, 0.4569009640454986, 0.46712886942772]}}, "feature_type": "cds_1mer", "model_class": "logistic", "binary": 0}