{"scores": {"Phylum": {"std": 0.06603038764143183, "mean": 0.5257839210006905, "err": 0.013206077528286366, "scores": [0.5746724049331963, 0.6018133518133518, 0.4663402692778458, 0.5080314009661836, 0.5290408961760761, 0.585479797979798, 0.5303403412647111, 0.4770872567482736, 0.4852167182662539, 0.5544982903119078, 0.5667602996254683, 0.5918367346938775, 0.5789473684210527, 0.6051829268292682, 0.5604744559633884, 0.5945472768926378, 0.4125956958159584, 0.5992007595914066, 0.5377205531711969, 0.42777777777777776, 0.47180236363606237, 0.5843137254901961, 0.48410622770312456, 0.45232963875205257, 0.36448149291619497]}, "Class": {"std": 0.06932039500147963, "mean": 0.5216101085579907, "err": 0.013864079000295926, "scores": [0.5902484763244257, 0.4702037122136738, 0.3572774498299682, 0.4970133995944492, 0.5400217619589868, 0.5226753357721275, 0.48580428735067915, 0.39286923241659927, 0.5250167758947389, 0.5617283950617283, 0.5596140073127521, 0.6083896396396397, 0.558052111038191, 0.5704918032786885, 0.48239880059970014, 0.6241105637657361, 0.5342476572799165, 0.4742919389978213, 0.5929181929181929, 0.5096899224806202, 0.5314285714285715, 0.4712359724339752, 0.3911965286575796, 0.5580989418206079, 0.6312292358803987]}, "Order": {"std": 0.04709363841047738, "mean": 0.5194377117272291, "err": 0.009418727682095476, "scores": [0.41270701052230346, 0.5581886057458205, 0.42551236099623196, 0.4754756084721478, 0.43785796105383734, 0.5436931593515223, 0.5510769873116556, 0.5413533834586466, 0.5523005156328142, 0.4386221042471042, 0.549528902470079, 0.5249576188706624, 0.5447548185941044, 0.5637829912023461, 0.5576820954727734, 0.5262552934059286, 0.5631935717559396, 0.5337531697769826, 0.5379112666108182, 0.5199452733453062, 0.49288193218521575, 0.5406121776633023, 0.5674019607843137, 0.4662514638560631, 0.5602425603948091]}, "Family": {"std": 0.0328825609654675, "mean": 0.5545305841478448, "err": 0.006576512193093501, "scores": [0.5129170035869047, 0.5753032421252451, 0.5802376031134201, 0.557523616734143, 0.5432270618170932, 0.5769996509930834, 0.6066121492351001, 0.4980600082653998, 0.5959756765055335, 0.4902999423859129, 0.6020982990545861, 0.5518966408268734, 0.5193406172129577, 0.5794756859549035, 0.5602758007117438, 0.5702479338842975, 0.5436624184563804, 0.5153125535099784, 0.5228503807367771, 0.5419794863643218, 0.5304054054054054, 0.55685618729097, 0.5373408239700375, 0.6031933609673626, 0.5911730545876887]}, "Genus": {"std": 0.03782807065034486, "mean": 0.5543851000016264, "err": 0.007565614130068972, "scores": [0.5368098159509203, 0.554398961752424, 0.5607782369146005, 0.5561836585043336, 0.5775193798449613, 0.5653573381978628, 0.5806369899248233, 0.5677431125706988, 0.5814749608763693, 0.5424107142857143, 0.5929255949176268, 0.5893336627954864, 0.4781602850207502, 0.5155036160650024, 0.6041802355350742, 0.589856490541422, 0.582982982982983, 0.5524830599932771, 0.5128297493260997, 0.5225595238095239, 0.4959639028025003, 0.5890940460193433, 0.5581967971859668, 0.4573360183000385, 0.5949083659228587]}, "Species": {"std": 0.012581254100248865, "mean": 0.5857549571617129, "err": 0.002516250820049773, "scores": [0.58309531365704, 0.5769992231160564, 0.5595482806750413, 0.5691626287098729, 0.5974119816312132, 0.5657042934742168, 0.5809324898101264, 0.5957699805068226, 0.6099547743858568, 0.5853964906799959, 0.5884353741496599, 0.6092058915170814, 0.5865905431122823, 0.5821063358751801, 0.5938044411728622, 0.5775163923348172, 0.5938217338217339, 0.5988518690437304, 0.5726659002658099, 0.5773453286484678, 0.5997951213384174, 0.5962890685500107, 0.574904002325144, 0.5893581392979709, 0.5792083309434131]}}, "feature_type": "chemical", "model_class": "logistic", "binary": 0}