{"scores": {"Phylum": {"std": 0.0697842098551984, "mean": 0.48668178948046936, "err": 0.01395684197103968, "scores": [0.5365876040978843, 0.540973665973666, 0.39163273052451447, 0.47117389397051596, 0.34236028142838176, 0.5307097543386144, 0.5912546177891446, 0.45705817480011035, 0.5806878306878307, 0.535535530193337, 0.48320524791113034, 0.4908128908128908, 0.4544623212321232, 0.4365384615384615, 0.4951251415979576, 0.5446475030141507, 0.4480264378308945, 0.36288129523502866, 0.5217658898020674, 0.4761276756015536, 0.6333482076453963, 0.5437405731523378, 0.44670738391668624, 0.3920404957915653, 0.4596411281254906]}, "Class": {"std": 0.06705396720571945, "mean": 0.5024029255753996, "err": 0.01341079344114389, "scores": [0.5004054054054055, 0.6314562298734453, 0.5856491746735649, 0.47369935267321983, 0.5112010272405366, 0.411460898510021, 0.5438141144481522, 0.43390605146087774, 0.44296485003112823, 0.5906265938799464, 0.5174249054364756, 0.5206113763687847, 0.5502743057695895, 0.4716963052681344, 0.6238992621189436, 0.6225328947368421, 0.4311320332172597, 0.5074199363806581, 0.4801629972820131, 0.45269469943737045, 0.44117228624270877, 0.5258072038815222, 0.43132550985954127, 0.4087444490860876, 0.4499912761027594]}, "Order": {"std": 0.06018024003218704, "mean": 0.548393097706922, "err": 0.012036048006437408, "scores": [0.5345258924082453, 0.5323107448107448, 0.4640495867768595, 0.49364916428186306, 0.6578735211528, 0.5104255446175822, 0.6015327198024297, 0.5091490904232574, 0.4834473868608333, 0.52, 0.5810683991535055, 0.5858410250811168, 0.5754974489334043, 0.488253324715514, 0.5720313313814429, 0.5660031225604997, 0.5980340653706983, 0.46186633278788775, 0.5866213151927439, 0.6209921355111917, 0.5434050651441956, 0.5752019894998619, 0.607255669766683, 0.6366176999346432, 0.40417486650504664]}, "Family": {"std": 0.046725240488666, "mean": 0.5999451766362319, "err": 0.0093450480977332, "scores": [0.5363672632104267, 0.5921352419815019, 0.5369487242194505, 0.6523299819772568, 0.6142953606839626, 0.6284635429203437, 0.6116711863747436, 0.6222895671315373, 0.6477745901639343, 0.5730389442598744, 0.6045089916057658, 0.6237566137566137, 0.6216241956533218, 0.6482040555699675, 0.5939423982727087, 0.5887338886532144, 0.5415280823709986, 0.5382039396162653, 0.526257068477214, 0.6727879590342352, 0.5782999384989435, 0.5366483826955394, 0.7142857142857143, 0.5936855656301475, 0.6008482188621156]}, "Genus": {"std": 0.03736219740021063, "mean": 0.6694385791898321, "err": 0.007472439480042126, "scores": [0.657367686390184, 0.647250487946405, 0.7018880641356496, 0.6264892951870906, 0.6799203117891789, 0.7027646871459647, 0.7236181489894578, 0.6558382697050825, 0.7100032257254503, 0.6723971126375746, 0.5992861402163727, 0.6316397260116781, 0.6811642679028281, 0.7109840129409046, 0.576931216931217, 0.6679213731174197, 0.6518955947357846, 0.6937755409300124, 0.6605372151173677, 0.6814787204626818, 0.7218787214050483, 0.7219675925925927, 0.6253934886549279, 0.6649849530890423, 0.6685886259858863]}, "Species": {"std": 0.017735201024851106, "mean": 0.7263319399820947, "err": 0.0035470402049702214, "scores": [0.736576078395159, 0.7296078793420574, 0.7208821883055873, 0.7499955670457729, 0.7121875414558342, 0.7158421795138649, 0.746312349501204, 0.7511279269712352, 0.7271493381017601, 0.7129862811309708, 0.7344546982743833, 0.6954234950685255, 0.7541845062212306, 0.7265002055904478, 0.7090773809523809, 0.7007734543957606, 0.7528679820882931, 0.7294738767386747, 0.7194704335595915, 0.7158202310761718, 0.7569120151078913, 0.7054591905338174, 0.7100894899939182, 0.7089159067882473, 0.7362083033995868]}}, "weight_decay": 0.01, "n_epochs": 100, "hidden_dim": 512, "alpha": 10, "lr": 0.0001, "batch_size": 20, "early_stopping": 0, "n_classes": 3, "input_dim": 2008, "feature_type": "nt_4mer", "model_class": "nonlinear", "binary": 0}