{"scores": {"Phylum": {"std": 0.08822945622691154, "mean": 0.4278031818788223, "err": 0.01764589124538231, "scores": [0.44423076923076926, 0.5011920720960763, 0.48468599033816423, 0.675880425880426, 0.6046102819237147, 0.46254337126346434, 0.4135467980295567, 0.49909957741798533, 0.44185645272601787, 0.4092631430915734, 0.47924788630407583, 0.4246031746031746, 0.49150540900150413, 0.38506006006006005, 0.4186766613522009, 0.3338013854342186, 0.33563014177511574, 0.35142382007701073, 0.3433583959899749, 0.36076193526886463, 0.27641165755919855, 0.39469473541372063, 0.3079103905269382, 0.38240165631469986, 0.4726833552920509]}, "Class": {"std": 0.0668164019540493, "mean": 0.4287691392710944, "err": 0.013363280390809858, "scores": [0.47306286549707605, 0.48768321513002366, 0.27136174636174637, 0.459670888588009, 0.49355565676068053, 0.4800779286073404, 0.5082975423526604, 0.5043394187420969, 0.36539620663882616, 0.39359715945376933, 0.361044169836832, 0.3357178613950698, 0.36896526833185583, 0.4358503800494969, 0.4267713365539452, 0.4150197628458498, 0.5466780689430497, 0.39624627651235195, 0.3961487694963175, 0.5073426573426573, 0.3743984615083187, 0.4217330538085255, 0.36804976277170914, 0.401365460458701, 0.5268545637904507]}, "Order": {"std": 0.05621440963489361, "mean": 0.4486599514758525, "err": 0.011242881926978723, "scores": [0.4306662036004912, 0.5119336962632496, 0.3503556183973606, 0.38782206411435394, 0.47501302472062706, 0.35595118928452263, 0.47222542574866405, 0.3884527802656457, 0.4555699781492542, 0.4635374149659865, 0.5189975223937487, 0.4394096093322988, 0.45414673046251997, 0.49524210357543685, 0.38726355717746014, 0.39748767234879673, 0.4873667711598746, 0.47942837872017535, 0.4261175948675948, 0.5438660995362027, 0.4594904092692797, 0.449221284879948, 0.3899396666025107, 0.41664667879810485, 0.5803473122622059]}, "Family": {"std": 0.0570977316467771, "mean": 0.4773944407754932, "err": 0.01141954632935542, "scores": [0.4640414985906405, 0.3440613026819923, 0.5173435078884805, 0.4785550614269658, 0.4193294857357357, 0.4915223109872362, 0.6290226236398757, 0.4599117189478635, 0.503465850045327, 0.4550371872887086, 0.4261096845194425, 0.5256426846100759, 0.4886071106628118, 0.41463093756601244, 0.5391617193576136, 0.5266561590556379, 0.48878672624103, 0.4563947978712757, 0.37504635282413057, 0.4514283051400345, 0.5254204191873569, 0.4718670140585138, 0.44480874316939895, 0.5243071926240243, 0.5137026252671464]}, "Genus": {"std": 0.04700859204380666, "mean": 0.5295315225214154, "err": 0.009401718408761332, "scores": [0.5263688299319044, 0.5733786171537816, 0.508939518227444, 0.5098714917863855, 0.5538259359824186, 0.5524567264964616, 0.6501332216969726, 0.5101852201185747, 0.5486963813496988, 0.497324382662033, 0.5496254148885727, 0.5216623699559358, 0.5576966684109541, 0.47722104902423884, 0.5228672174860516, 0.5232598842505963, 0.5867689042585155, 0.5804739850792483, 0.48507130124777187, 0.478404875463699, 0.5387731609318126, 0.45524613516416795, 0.4343304280532672, 0.5987615059705852, 0.4969448374442946]}, "Species": {"std": 0.02520363293327674, "mean": 0.5624180499685495, "err": 0.005040726586655348, "scores": [0.5114592487229628, 0.5786782616826799, 0.5743094044463907, 0.5402486257664184, 0.5313093132171937, 0.5786945812807882, 0.5838039455663374, 0.5652881817930361, 0.581246724153632, 0.5540216718673882, 0.572231027442295, 0.6188475997686524, 0.5258106892601615, 0.5688173450246478, 0.5370274914089347, 0.5845545768537012, 0.5858709605913185, 0.5447152553921955, 0.5802099053368089, 0.5866294362543134, 0.5526325374080681, 0.5461869739524606, 0.5778076219526034, 0.5634956050238928, 0.5165542650468556]}}, "weight_decay": 0.01, "n_epochs": 100, "hidden_dim": 512, "alpha": 10, "lr": 0.0001, "batch_size": 20, "early_stopping": 0, "n_classes": 3, "input_dim": 5, "feature_type": "cds_1mer", "model_class": "nonlinear", "binary": 0}