{"scores": {"Phylum": {"std": 0.07849783544816633, "mean": 0.46933677927328693, "err": 0.015699567089633264, "scores": [0.46179884831828294, 0.43087565627571717, 0.486428774408314, 0.43537806157157616, 0.29777777777777775, 0.4776919776919777, 0.3763380909901873, 0.6408163265306123, 0.49393241167434715, 0.43510427065869367, 0.47907641444035615, 0.4265767562437013, 0.4272718987251534, 0.4952531114891853, 0.4158084841314655, 0.5243289848553007, 0.5554973406366596, 0.6634651600753295, 0.5200290991100932, 0.4528495568422973, 0.5497185803618668, 0.44632969034608383, 0.43221055728561275, 0.34640522875816987, 0.46245642263341374]}, "Class": {"std": 0.07478532589237867, "mean": 0.4733292646685072, "err": 0.014957065178475734, "scores": [0.6083854417187751, 0.5323519753745579, 0.43889744351694265, 0.5209107917441251, 0.6531746031746032, 0.46493045961131063, 0.390315916603102, 0.38136349044399737, 0.5540945122988467, 0.42333333333333334, 0.5361075544174135, 0.3514492814628356, 0.5464836906013377, 0.4752747252747252, 0.4490653880897783, 0.38925528205463483, 0.4916329392907233, 0.41495048161714826, 0.42735042735042733, 0.38067007886297155, 0.47402801120448185, 0.49353762685505503, 0.4773378514951549, 0.5537204800619434, 0.4046098302544536]}, "Order": {"std": 0.05762648783619969, "mean": 0.5336824468586492, "err": 0.011525297567239938, "scores": [0.5214605795742665, 0.568367857401039, 0.5431004736973323, 0.5281786941580756, 0.5736298915932783, 0.6693375676129248, 0.48537809972787543, 0.49523952266758026, 0.5541083247650919, 0.4878259317606923, 0.4922440463342686, 0.5783420591381486, 0.5385313099598814, 0.5393412651068249, 0.41823884646273735, 0.664844250053339, 0.5746921358685859, 0.559377469574838, 0.4859476520749444, 0.49308176100628925, 0.47779981690570644, 0.5616162261552332, 0.45397377886065665, 0.4920881436686824, 0.5853154673379393]}, "Family": {"std": 0.04494521287272186, "mean": 0.5920337415548593, "err": 0.008989042574544371, "scores": [0.6125406385187294, 0.628589280135672, 0.5910039345622168, 0.5801626318543612, 0.568669102116207, 0.6402303994125274, 0.679284441049147, 0.5811581906358833, 0.5019755072852418, 0.5547703578472809, 0.5309535876327959, 0.6008845322811714, 0.6212726788172344, 0.5560168250041668, 0.49680393112410653, 0.5870447315458028, 0.5416415678078964, 0.612342767563257, 0.5753462727422236, 0.6578668092632965, 0.6223400589872928, 0.6183209739289929, 0.5710092376759044, 0.6419494217816749, 0.6286656592984011]}, "Genus": {"std": 0.033353446160682414, "mean": 0.6428649401696256, "err": 0.006670689232136482, "scores": [0.6604823249750785, 0.6104604464369104, 0.6616903149519319, 0.5513262599469496, 0.663893269438434, 0.639654640764724, 0.5784051160407885, 0.5985676261758157, 0.6260682252245205, 0.6986807068506415, 0.6667898452581107, 0.6506530685274646, 0.6304782313654059, 0.6480727907601397, 0.6697299358087739, 0.6234498072733367, 0.6711540125971855, 0.633018329188542, 0.665271713841615, 0.6590907770971122, 0.6211298151685045, 0.6520683919660902, 0.6658348908848623, 0.6966886850407127, 0.6289642786569916]}, "Species": {"std": 0.0203787637893918, "mean": 0.6826348066199799, "err": 0.00407575275787836, "scores": [0.671160021274328, 0.6563275503735597, 0.6689236552717781, 0.6840449903160216, 0.686841312857573, 0.6802878754933549, 0.6834640572702576, 0.716661820027715, 0.6620312260185987, 0.6748677248677248, 0.6727820866331798, 0.7022838272838272, 0.702716535395652, 0.6951159951159952, 0.6905701546870913, 0.6812260536398468, 0.6517967265906017, 0.6876077597439827, 0.7069079486121211, 0.7149612507379922, 0.6842801181010834, 0.6577696342830551, 0.7119453463203463, 0.6329166849921567, 0.6883798095916518]}}, "weight_decay": 0.01, "n_epochs": 100, "hidden_dim": 512, "alpha": 10, "lr": 0.0001, "batch_size": 20, "early_stopping": 0, "n_classes": 3, "input_dim": 595, "feature_type": "nt_3mer", "model_class": "nonlinear", "binary": 0}