{"scores": {"Phylum": {"std": 0.0861510795334295, "mean": 0.5497709021079404, "err": 0.0172302159066859, "scores": [0.5629744651483782, 0.49554531490015363, 0.583318140206433, 0.38872564633434203, 0.6740079365079366, 0.5717756273844822, 0.6459758879113718, 0.6707070707070707, 0.5958333333333333, 0.5614166968107553, 0.43110834503688994, 0.5763114018212133, 0.5138524211379902, 0.6769834350479512, 0.49960886113965025, 0.5877594627594628, 0.5371650870193592, 0.5536924119241192, 0.3894991931476177, 0.4806400661322941, 0.6150822893637926, 0.671821859089171, 0.39732142857142855, 0.572766615532358, 0.4903795557309569]}, "Class": {"std": 0.08766940184167776, "mean": 0.5555671403519536, "err": 0.01753388036833555, "scores": [0.5278377834929343, 0.34782420047966817, 0.424827369742624, 0.4912698412698413, 0.6754110683525093, 0.528810758019683, 0.5002335779488097, 0.648888888888889, 0.4531614155814163, 0.47264081540241937, 0.6159429344996356, 0.628158295281583, 0.629059829059829, 0.42678182384064733, 0.6800359619653098, 0.527209434498437, 0.6483803552769071, 0.563768115942029, 0.5632118771495769, 0.5192324870421196, 0.5633468495527967, 0.7001842321406292, 0.6121057118499574, 0.5490872368773773, 0.5917676446432133]}, "Order": {"std": 0.041487298756107, "mean": 0.6067803016991313, "err": 0.008297459751221401, "scores": [0.6232029939347012, 0.6398900530516566, 0.5940627770642233, 0.6834346504559271, 0.5893950078302087, 0.6890609390609391, 0.6172049575236723, 0.6379513501159108, 0.593078447937891, 0.6509287925696594, 0.6261974606361422, 0.5815842825484882, 0.6168106197948559, 0.5928858487422956, 0.5586666666666668, 0.6483098056178156, 0.610192289476177, 0.6242894702734729, 0.596056721056721, 0.4817905450558512, 0.606618836682548, 0.5671191553544496, 0.5725297151209289, 0.5931561376476631, 0.5750900182594171]}, "Family": {"std": 0.03926757223492, "mean": 0.664098127589755, "err": 0.007853514446984, "scores": [0.6205317543248577, 0.6936647203130386, 0.7012528185075347, 0.6491721985143039, 0.6771745347864814, 0.6896511001841324, 0.6543777598497161, 0.7300097116045995, 0.6726480709034188, 0.6925075052423395, 0.6769629629629629, 0.7173228522498111, 0.6435256236646504, 0.6144523557036812, 0.5981226070067952, 0.6037831046786272, 0.6001825232021778, 0.6402370411363217, 0.6561874836344593, 0.7153963015349154, 0.6518775626192506, 0.6386457183034601, 0.7406539247505709, 0.6537433155080213, 0.6703696385577436]}, "Genus": {"std": 0.032946154333171336, "mean": 0.6962396739724891, "err": 0.0065892308666342676, "scores": [0.6413539583356874, 0.7167054688962532, 0.6907731405182272, 0.6657680340839349, 0.7578055342342552, 0.6535369878673895, 0.6929139364475446, 0.6766066461718636, 0.7012820653345463, 0.7147578974259443, 0.6938288276151366, 0.6812796850006153, 0.7479175887249604, 0.7297926782090206, 0.6361186053416293, 0.693515974872176, 0.7303887738670348, 0.69203217392059, 0.7028350637652302, 0.7188073492154734, 0.7201241245942646, 0.7025284491832218, 0.6201514627301733, 0.7175564292995485, 0.7076109936575053]}, "Species": {"std": 0.016081587229522618, "mean": 0.7802639869451589, "err": 0.0032163174459045236, "scores": [0.7757532772451575, 0.8154311185807249, 0.7810891926936879, 0.7825563906529512, 0.780148760515733, 0.8051740411418087, 0.7751040714793381, 0.8002081820382475, 0.7784709289519003, 0.7795857208168714, 0.779475458545226, 0.7722508469791078, 0.7989057402960175, 0.7789547890221012, 0.7750788427259016, 0.79833902051075, 0.7593883875672227, 0.7384754475504464, 0.7818784259972538, 0.8001968596028002, 0.7812278386313026, 0.7761938300656449, 0.7642857142857142, 0.7613729743377863, 0.7670538133952768]}}, "feature_type": "aa_3mer", "model_class": "logistic", "binary": 0}