{"scores": {"Phylum": {"std": 0.12156979409061955, "mean": 0.5318290709845112, "err": 0.02431395881812391, "scores": [0.5860258766968326, 0.58470049827848, 0.48443069682190565, 0.6707152496626181, 0.6814058956916099, 0.2789269266582221, 0.2920455621862272, 0.7055555555555556, 0.683355626756255, 0.5954127526033881, 0.7335080821319354, 0.4368975536185596, 0.2919034311442323, 0.46497007900499837, 0.6113756613756614, 0.5408455220767253, 0.48226281958339373, 0.45691813697353867, 0.4994152046783626, 0.5703415963496307, 0.5124070395962653, 0.5779610286482194, 0.5098646482701089, 0.5904130887802347, 0.4540682414698163]}, "Class": {"std": 0.07690177892238595, "mean": 0.5325437689902878, "err": 0.01538035578447719, "scores": [0.5950124652954841, 0.6592308710787891, 0.6055059864256844, 0.39983501517125347, 0.36733230926779314, 0.4569590643274854, 0.5078930977687189, 0.4598077975067784, 0.587614550767611, 0.5381460213289582, 0.6117872436330855, 0.5860531478509007, 0.5419789394570661, 0.4559366130558183, 0.545458768873403, 0.46632012161431663, 0.5136537330981775, 0.48284313725490197, 0.6143697440374982, 0.634436004247325, 0.6188080263551962, 0.46177751279166074, 0.5288052656208672, 0.4630916763201685, 0.6109371116082526]}, "Order": {"std": 0.055621964313010544, "mean": 0.527963143640651, "err": 0.011124392862602108, "scores": [0.508254294606763, 0.4410662185653378, 0.5491222570532915, 0.4603246241957745, 0.48312218227472464, 0.5616038433111604, 0.5956221653313105, 0.5227156683891742, 0.6332804464383411, 0.5205082742316786, 0.5003176883780333, 0.5624960930749063, 0.544341970428927, 0.5227436233847538, 0.5940815720227485, 0.5197706704572377, 0.5323543539422219, 0.4233277957010728, 0.5609635923762317, 0.5610215793810673, 0.3968075486066491, 0.5315256128359288, 0.5953688894154506, 0.5818181818181818, 0.4965194447953068]}, "Family": {"std": 0.04649525161294696, "mean": 0.5829170556856498, "err": 0.009299050322589392, "scores": [0.5887774561392914, 0.6006337613154412, 0.6018487987514041, 0.6119229237508809, 0.6033930497207334, 0.5801231944032889, 0.5032679738562091, 0.604107679107679, 0.5979217905128165, 0.5967260967260968, 0.5736887201081574, 0.4452788687635974, 0.5209575345049913, 0.5572922519822688, 0.634184757796278, 0.6181765257852215, 0.5722980432465358, 0.5716750841750842, 0.5822437039516966, 0.5555933537443553, 0.5484973807554453, 0.6570661558777009, 0.6573014787338005, 0.6395385976762329, 0.5504112107560384]}, "Genus": {"std": 0.05076238761527453, "mean": 0.6420235470242553, "err": 0.010152477523054907, "scores": [0.7010110836721628, 0.6305546764563158, 0.6670573870573872, 0.5759056745953961, 0.6285250545711351, 0.6857092365547147, 0.7213807416054608, 0.6228477961432507, 0.6604140640340851, 0.5711773221984594, 0.7480824019285558, 0.48794971335954945, 0.6118223546815176, 0.6544710191769015, 0.6223210214318285, 0.6520115821201021, 0.6736708922063613, 0.6188854621331958, 0.6092785656831328, 0.6828787704792528, 0.6631792902979344, 0.6458705707755137, 0.6236040538198812, 0.641288756482401, 0.6506911841418884]}, "Species": {"std": 0.01887459606048287, "mean": 0.6635607121185907, "err": 0.0037749192120965737, "scores": [0.6830373271586692, 0.6863401667741527, 0.6870750673281335, 0.6776835789748271, 0.6416226559510142, 0.644197607553469, 0.6702540127785569, 0.6604847051869366, 0.6708033095988467, 0.6527232494652707, 0.6310705323764165, 0.6670357850371612, 0.6341915611075682, 0.6976710034189212, 0.6394783582736129, 0.6569087249172902, 0.6641780120040989, 0.6916822427658341, 0.6420485025587034, 0.6858896781548717, 0.6832834754469594, 0.6575776598839008, 0.6504296935069851, 0.6591977715804621, 0.654153121162107]}}, "weight_decay": 0.01, "n_epochs": 100, "hidden_dim": 512, "alpha": 10, "lr": 0.0001, "batch_size": 20, "early_stopping": 0, "n_classes": 3, "input_dim": 11, "feature_type": "chemical", "model_class": "nonlinear", "binary": 0}