{"scores": {"Phylum": {"std": 0.06410302654477687, "mean": 0.4434596887338467, "err": 0.012820605308955374, "scores": [0.3893304690297172, 0.46770805985823055, 0.3484300697022995, 0.4196299719479171, 0.4722459557985874, 0.5435479206431836, 0.45038877273534755, 0.48214867205918743, 0.44760626353885985, 0.37558962264150947, 0.5203464947622884, 0.44861619861619867, 0.5282761753349988, 0.28668307355756084, 0.463821892393321, 0.45555555555555555, 0.2956139185378744, 0.5092592592592592, 0.45972469635627533, 0.4410386644617687, 0.45669262347894923, 0.5077773879337711, 0.45876543209876547, 0.4668964120612841, 0.39079865598345825]}, "Class": {"std": 0.05670540853654228, "mean": 0.4309882323006575, "err": 0.011341081707308456, "scores": [0.5008625421469458, 0.41929221449345294, 0.32608643050716224, 0.4957575757575758, 0.44525193195535034, 0.2977982162764771, 0.3693204522483135, 0.5293268528613594, 0.3138422035480859, 0.4585873310363106, 0.4442428091824698, 0.43006254225828267, 0.4488008042510412, 0.4468055555555555, 0.43468559837728193, 0.4310814973056523, 0.48717948717948717, 0.46041439182540006, 0.3737851348802113, 0.47146673674068235, 0.4457516339869281, 0.45796703296703295, 0.38540163540163536, 0.47037964121818937, 0.4305555555555555]}, "Order": {"std": 0.042955929926734936, "mean": 0.4744146370206104, "err": 0.008591185985346987, "scores": [0.4104302663624697, 0.5129689318649834, 0.4965039410119501, 0.46192889797540954, 0.4857954545454546, 0.5144996492707066, 0.5491301907968574, 0.4753532434168272, 0.39793169793169786, 0.46093397530978647, 0.4489228570337518, 0.5212742153918625, 0.5144732715631846, 0.49726733019032654, 0.503122093795669, 0.4379300248865466, 0.49147448124385873, 0.40972222222222215, 0.42194862441100467, 0.39153374895420073, 0.5233517257145751, 0.43935366958622774, 0.49560957226304875, 0.49846147177859934, 0.5004443679940369]}, "Family": {"std": 0.044000955381283416, "mean": 0.49997842596966696, "err": 0.008800191076256684, "scores": [0.46917989417989414, 0.4751359751359751, 0.47398151318041765, 0.473804143126177, 0.4375011513309386, 0.5007029769545815, 0.546236559139785, 0.5310991268618387, 0.5217261494648845, 0.4880447834993289, 0.5647513881090523, 0.5376563092080334, 0.5341478129713423, 0.56141673770026, 0.48270118402568735, 0.46259504537650226, 0.5101600033421064, 0.5566568858989956, 0.5144269133892911, 0.5030864197530864, 0.4298905399620865, 0.4929015636105188, 0.3842079555514852, 0.5595504193021671, 0.4878991981672394]}, "Genus": {"std": 0.029433202110862134, "mean": 0.5081615769911436, "err": 0.005886640422172427, "scores": [0.4909290374112152, 0.5271098667837798, 0.49110875297446777, 0.4329115070291807, 0.4720090934924695, 0.5150011614401858, 0.5278090480545979, 0.48549614142630393, 0.5039241530120121, 0.5220515991617712, 0.538049104180491, 0.5080660575710081, 0.5201317469920012, 0.45697945845004667, 0.5106893106893106, 0.46419571865443426, 0.5472974984905213, 0.4902754706533776, 0.5144734242244615, 0.5408173601371358, 0.521580635753864, 0.5301186407713039, 0.5656754171288391, 0.5137701350741714, 0.5135690852216372]}, "Species": {"std": 0.013770408888549822, "mean": 0.5212318570441201, "err": 0.0027540817777099644, "scores": [0.5254645760743322, 0.5440414984237972, 0.5429179689269376, 0.5112711751367214, 0.5373561763299294, 0.526145795003884, 0.5232005273338304, 0.5248756218905473, 0.5263199583587933, 0.5237792382163805, 0.5331588126572344, 0.5261856635490539, 0.5325526183627813, 0.49327058798905155, 0.5349044351733728, 0.5059005707500996, 0.5119047619047619, 0.5215299515940652, 0.5279645191409897, 0.493286976296685, 0.5272151130602215, 0.516368526638103, 0.49799804164166517, 0.5187332638678811, 0.5044500477818844]}}, "feature_type": "nt_2mer", "model_class": "logistic", "binary": 0}