{"scores": {"Phylum": {"std": 0.09655707470516882, "mean": 0.5619853752652997, "err": 0.019311414941033764, "scores": [0.5013032581453634, 0.5234054902328529, 0.6352375459337974, 0.5361090641120118, 0.37673297166968056, 0.6308667877764416, 0.541006216006216, 0.5801114594218043, 0.5750420669814905, 0.6110892998271115, 0.38784139123352146, 0.7469135802469135, 0.5368787591009813, 0.5331887593747177, 0.5479379744480083, 0.5920843776106933, 0.40402432283029294, 0.5416666666666666, 0.590208360239356, 0.5843594491274192, 0.44106685301653853, 0.8102486047691526, 0.6350862816928565, 0.6261143726897151, 0.5611104684788896]}, "Class": {"std": 0.04528092880027323, "mean": 0.5570920571095729, "err": 0.009056185760054646, "scores": [0.5709936942813655, 0.6036067007133915, 0.5661246181561407, 0.4830127735107144, 0.5574958625806085, 0.5816715722344862, 0.5536978149721973, 0.4394557823129252, 0.5387796771002006, 0.5786849961348374, 0.5787685128829377, 0.6321877432988544, 0.5834896312837489, 0.5380952762060255, 0.6078431372549019, 0.5632611146520515, 0.4479223232125797, 0.5584577599555228, 0.5819315310892224, 0.5823308623778972, 0.6006255295218305, 0.5204771466819659, 0.5574215880417771, 0.5804769865051913, 0.5204887927779495]}, "Order": {"std": 0.06933980447732419, "mean": 0.6420322176766284, "err": 0.013867960895464836, "scores": [0.6759539629404206, 0.7409718421212674, 0.7802922202175934, 0.6415262334239354, 0.6828524534715118, 0.545945369690365, 0.729945054945055, 0.6188603425559948, 0.6404156307770766, 0.7176589311847671, 0.6883992197511589, 0.592551774808284, 0.5632034383856218, 0.4574800290486565, 0.7249676365597314, 0.6320463271639826, 0.6275225838773816, 0.6335376276839692, 0.5695624686862365, 0.6175923297694516, 0.6074746935917318, 0.6521787942206458, 0.6992784992784992, 0.6041681812674179, 0.6064197964949529]}, "Family": {"std": 0.04853724705231944, "mean": 0.6721242273666487, "err": 0.009707449410463889, "scores": [0.6862270205105135, 0.6646489255372314, 0.6201987040161314, 0.7048717202580145, 0.6894449103842449, 0.7029587781623218, 0.5575212978990598, 0.6976183856917801, 0.7554830849146766, 0.6652769824916828, 0.6795434647001443, 0.6565518829334821, 0.6925533748479616, 0.6641737891737891, 0.6789697810974408, 0.634645390070922, 0.7077569623611805, 0.6111680361625998, 0.6364901426002548, 0.7268668777754087, 0.6548864110950204, 0.7829062815435982, 0.6996136408436823, 0.6465132351924805, 0.586216603902592]}, "Genus": {"std": 0.042052699273823435, "mean": 0.748027299604701, "err": 0.008410539854764688, "scores": [0.7836109550035593, 0.7612347002590906, 0.7264412997903564, 0.7226497590149314, 0.6815855309968097, 0.765726865380869, 0.7732086515625625, 0.7333856956161539, 0.8125775039486222, 0.7869516367144108, 0.7569105358365409, 0.7397171177191223, 0.7791824823416554, 0.6559324155990773, 0.7574654148752596, 0.6846970061101278, 0.6561928004881025, 0.8014132843816543, 0.7578256728700513, 0.7551414508450803, 0.7556282208772114, 0.8136908311326915, 0.7245561511098234, 0.7481808754352137, 0.7667756322085469]}, "Species": {"std": 0.020996182158939444, "mean": 0.7964767019285816, "err": 0.004199236431787889, "scores": [0.7864262200278217, 0.8283157584051088, 0.8014553139660556, 0.7773646749187627, 0.792371445764246, 0.7888997694484893, 0.8010985183398978, 0.7941641662596236, 0.7344438601596793, 0.7954725171267922, 0.7934272399724205, 0.8294725618669281, 0.7713519566242338, 0.8150859436477456, 0.8061307962364882, 0.770823413932169, 0.8315384615384614, 0.8021315391678118, 0.788692419399576, 0.7985206420077406, 0.8190998140436343, 0.775733789727043, 0.803623417721519, 0.8160077936727683, 0.7902655142395224]}}, "feature_type": "KO", "model_class": "logistic", "binary": 0}