{"scores": {"Phylum": {"std": 0.10060972190698964, "mean": 0.5421561274310498, "err": 0.020121944381397926, "scores": [0.5695599883976491, 0.5198943213649097, 0.42776203849893185, 0.4212830425529939, 0.6416923204925534, 0.49771713793452926, 0.6062884483937115, 0.4869935876193742, 0.4823654277966601, 0.6489778107761345, 0.5031889099725911, 0.6376444689047881, 0.4782728272827283, 0.5850101592711542, 0.531039739692995, 0.4537037037037037, 0.5819209039548022, 0.467741935483871, 0.5073260073260074, 0.6103896103896104, 0.4791317708518006, 0.85, 0.4642771804062127, 0.3965148378191856, 0.705207006889346]}, "Class": {"std": 0.07499840595994739, "mean": 0.5205052042258047, "err": 0.014999681191989477, "scores": [0.5486918604651163, 0.49911707169771685, 0.501478415138971, 0.5510460862079567, 0.5473244284485005, 0.5404970760233918, 0.5507933041682741, 0.4820835059468656, 0.5255616409214148, 0.48248673483874205, 0.5997680890538034, 0.39712086854944, 0.49930022455480705, 0.5408950617283951, 0.6382575757575758, 0.5237829803047195, 0.3793639922972116, 0.6392095945174185, 0.41998936484862215, 0.6089073016990637, 0.5516705516705517, 0.5170634920634921, 0.3374819624819625, 0.5087807227854572, 0.6219581994756471]}, "Order": {"std": 0.0483138067493485, "mean": 0.5668345219475011, "err": 0.0096627613498697, "scores": [0.5279133099106629, 0.6742544142980189, 0.5703923212005108, 0.5652363443158422, 0.608843537414966, 0.5738203979454973, 0.5264654948091918, 0.5981981231606419, 0.498234830575256, 0.5952884285926702, 0.5867635416747514, 0.5549293756917439, 0.6152726304293337, 0.5699131566292327, 0.5429782280805299, 0.5785502079619727, 0.5847890635927083, 0.5586568180627586, 0.6101548498100222, 0.5284964623708449, 0.4642296503286584, 0.6295858556402026, 0.5541840742752423, 0.5982186234817813, 0.45549330843448493]}, "Family": {"std": 0.0472220560414575, "mean": 0.6330246297178345, "err": 0.0094444112082915, "scores": [0.6028429102286458, 0.7229480340106865, 0.6278932992295062, 0.6249171466079141, 0.5866354560610093, 0.6494462785873305, 0.6283177471892404, 0.7597210635495976, 0.6568206593461413, 0.5797541238717709, 0.5842859900184741, 0.6765639589169, 0.6451008671209469, 0.5943556457382101, 0.7103985453830655, 0.663745886509436, 0.593122270427235, 0.5775776339243832, 0.5736013196260147, 0.6355757068633365, 0.655592177054208, 0.655064417396256, 0.5864112846489377, 0.622931696744277, 0.6119916238923364]}, "Genus": {"std": 0.037973187079591936, "mean": 0.6723684843232947, "err": 0.007594637415918387, "scores": [0.6963343108504398, 0.6515939748949666, 0.6856251801766385, 0.6364707296550066, 0.6474330306726296, 0.7138336783988958, 0.6904266569769019, 0.7411382526730566, 0.6463263357331173, 0.6584228433525211, 0.6214966862854187, 0.7224032324410636, 0.6903520352035204, 0.7477862035225048, 0.7057486582535538, 0.6885870896922354, 0.6478816962637608, 0.6628971772703761, 0.6399591883283506, 0.5966632586671624, 0.6788932919722427, 0.6534521307015028, 0.6128031530694816, 0.6637614170106733, 0.7089218960163445]}, "Species": {"std": 0.02315057494510409, "mean": 0.7412654150105782, "err": 0.004630114989020818, "scores": [0.7503141237600378, 0.7364766148977666, 0.7778851540616246, 0.7251350193067166, 0.6946575984165895, 0.7492426600269737, 0.7316884079954158, 0.7864059735352736, 0.7664649525241515, 0.7274732137325058, 0.7378641650845207, 0.7025672136783249, 0.7342668562728031, 0.7520795768722203, 0.745029004908523, 0.7511953993279917, 0.7265509188750127, 0.7568794671864847, 0.7778205777292811, 0.6926771438780989, 0.7299299001188042, 0.7298113621643033, 0.7427716564997245, 0.7511084488824215, 0.7553399655288869]}}, "feature_type": "cds_5mer", "model_class": "logistic", "binary": 0}