{"scores": {"Phylum": {"std": 0.08917436622561459, "mean": 0.4396786123075082, "err": 0.017834873245122916, "scores": [0.4212915988641077, 0.39734522743527795, 0.47204158277285124, 0.3461666954586274, 0.5032173075948726, 0.46789487399127877, 0.4235128010386839, 0.32943322109988776, 0.5503281562593113, 0.4565670934091986, 0.41959549071618035, 0.38127853881278534, 0.5036462150245684, 0.4131944444444445, 0.46415983787117815, 0.4444444444444444, 0.4733129824038915, 0.6233084045584045, 0.49532530961102395, 0.3173234811165846, 0.2450661461721969, 0.5290356132891176, 0.4551313520385685, 0.585648148148148, 0.2736963411120715]}, "Class": {"std": 0.08014305407170282, "mean": 0.47833178174218427, "err": 0.016028610814340562, "scores": [0.4620172115727003, 0.49374533480142485, 0.42220977753883987, 0.6368538262276933, 0.46110860144891164, 0.48997017633491646, 0.3985429769392033, 0.4567527702202625, 0.4953379953379953, 0.37235847827503094, 0.4887330316742082, 0.4399224806201551, 0.43604718317532964, 0.34789801800600717, 0.5350978953773365, 0.7025993883792049, 0.6144781144781145, 0.44069519132445434, 0.5400737933212737, 0.4339064300019724, 0.4762835078297491, 0.47317925222434504, 0.4331679894179894, 0.38267312206572773, 0.5246419969617607]}, "Order": {"std": 0.0506966545862322, "mean": 0.5573603920015042, "err": 0.01013933091724644, "scores": [0.5428191077675614, 0.5420590081607031, 0.5600140056022409, 0.42653708298869586, 0.6337052599807177, 0.48968022268993144, 0.5665404556712007, 0.5231173171022795, 0.5595175351873001, 0.49361912121117485, 0.6433349180059706, 0.6255038720792145, 0.595501287791655, 0.560145231112973, 0.5934940225545714, 0.5655202702266313, 0.5704141415316374, 0.6259983511699759, 0.4909651250072175, 0.5577914225481447, 0.6061254168030478, 0.5224986180210061, 0.5617654914529915, 0.5738956114041439, 0.5034469039666192]}, "Family": {"std": 0.04979470691136517, "mean": 0.6014248004810294, "err": 0.009958941382273035, "scores": [0.7093328825783187, 0.6218956893427815, 0.5982518329383376, 0.5796614483899707, 0.5462049062049061, 0.6337965825036332, 0.5980382609237626, 0.6177899219282142, 0.5692784307187908, 0.5797603764791392, 0.5893714759362386, 0.5641016357959809, 0.7052751509273248, 0.5477009024495058, 0.5791663226646852, 0.5955000533611894, 0.6472049689440994, 0.4991081329250244, 0.618986568986569, 0.6521714121368997, 0.5505789780299585, 0.6217553895932469, 0.6816517962585379, 0.5748720162481956, 0.5541648757604253]}, "Genus": {"std": 0.030640688011895095, "mean": 0.6526614789200558, "err": 0.006128137602379019, "scores": [0.640079742517752, 0.6557740360588936, 0.6854032345412984, 0.6969629903876479, 0.6407955596669751, 0.6697577916353098, 0.6580904534703381, 0.6846820870014447, 0.6314410676213007, 0.5938200812361886, 0.6654255405559076, 0.6902926880136168, 0.6569595809171387, 0.648398602068173, 0.6350177085907257, 0.6853360607831678, 0.6707739156268567, 0.646033724262082, 0.7031148604802077, 0.6404976040984866, 0.5777332075188623, 0.6436760058714561, 0.6463851755285425, 0.5972209538986774, 0.6528643006503422]}, "Species": {"std": 0.017166650412567732, "mean": 0.7398666278315773, "err": 0.0034333300825135464, "scores": [0.7606000480406964, 0.7206237211445442, 0.7644057463373851, 0.7481042686522138, 0.7530089625303983, 0.7109823271113593, 0.7298927218706766, 0.7485250074872716, 0.7289956548662165, 0.7385694249649369, 0.7458221428905912, 0.7411368946901943, 0.7387589711352088, 0.7358992212654448, 0.7540229885057471, 0.7304722120920775, 0.7610510708511246, 0.7427585797921178, 0.7217264174930079, 0.7241806584482715, 0.7210266188357534, 0.7144920839808075, 0.7388662158287941, 0.7868286219081272, 0.7359151150664682]}}, "weight_decay": 0.01, "n_epochs": 100, "hidden_dim": 512, "alpha": 10, "lr": 0.0001, "batch_size": 20, "early_stopping": 0, "n_classes": 3, "input_dim": 4426, "feature_type": "nt_5mer", "model_class": "nonlinear", "binary": 0}