{"scores": {"Phylum": {"std": 0.06820717216410804, "mean": 0.5225931038116661, "err": 0.01364143443282161, "scores": [0.5628360004034383, 0.4470149253731343, 0.6018508529027463, 0.4670431567767334, 0.6347493246735516, 0.5154248366013072, 0.4888888888888889, 0.5237523452157599, 0.5257176915192182, 0.4640490833716236, 0.5393246939669175, 0.4257478632478633, 0.5789958407605466, 0.5573874860404258, 0.5154945054945054, 0.6122795223918819, 0.3953900709219858, 0.5057932263814616, 0.45325028636884307, 0.3764431757185381, 0.5648620387236053, 0.5388622873520376, 0.6077733817711167, 0.5534906270200388, 0.6084054834054834]}, "Class": {"std": 0.061644569010095566, "mean": 0.5354630681876774, "err": 0.012328913802019113, "scores": [0.5406154591559263, 0.41781139252403615, 0.5770766384263316, 0.516406155337453, 0.42340661557079473, 0.6058006535947712, 0.6392043963554922, 0.5104575163398692, 0.523405972558515, 0.4866322701688555, 0.5918787286461833, 0.5255161527911159, 0.5313813813813814, 0.4553749401430722, 0.6118326118326118, 0.5948048673203953, 0.49417778468159046, 0.4872359296887599, 0.5864734299516908, 0.5487933634992458, 0.4909400123685838, 0.4517584811702459, 0.6323275747684632, 0.5522358478880219, 0.5910285285285285]}, "Order": {"std": 0.05775609966739754, "mean": 0.6105585017715142, "err": 0.011551219933479507, "scores": [0.6008702523952362, 0.6524193361591736, 0.5378724033414651, 0.5845289372295043, 0.7082569677989525, 0.5612035656561587, 0.5343228048928901, 0.5897569943474533, 0.6376742609247532, 0.6899809725640323, 0.6963455149501661, 0.6314572340564133, 0.5895715867500135, 0.5938108082197814, 0.4831552610666318, 0.6203018989422892, 0.6017839776711901, 0.5729420648685787, 0.525583424254647, 0.6208080642277399, 0.5985910364304616, 0.6307169320766981, 0.6806124895121659, 0.6051460452065979, 0.7162497107448641]}, "Family": {"std": 0.05066084117072683, "mean": 0.6794890770493613, "err": 0.010132168234145365, "scores": [0.7169744150635871, 0.7182754839133637, 0.7041201488569909, 0.6837095542229372, 0.6847968872706504, 0.6257009888057689, 0.7280514777875817, 0.6817800543673456, 0.7539589544259532, 0.6843357907479258, 0.6488560053632356, 0.7392022077913362, 0.7301273778249467, 0.5822510822510824, 0.6605845834997053, 0.6054174655299697, 0.6734280237418878, 0.6703375228768992, 0.7405493218481998, 0.656811103803775, 0.7309978007267164, 0.7357405140758874, 0.6538415590703173, 0.5950080515297906, 0.5823705508381801]}, "Genus": {"std": 0.04188746408698468, "mean": 0.7273903962144366, "err": 0.008377492817396937, "scores": [0.7726217055385739, 0.6795314701027543, 0.7724302544562693, 0.7549037174338379, 0.7742052235691425, 0.7200921290948245, 0.7436243777896183, 0.7195092354536402, 0.7538062211013031, 0.7630976540144085, 0.7222236658749371, 0.7690818792272291, 0.6794312047399605, 0.7889209980267412, 0.6568061187928325, 0.7489990629525513, 0.6873332388201852, 0.7692313853646033, 0.6923088588693685, 0.7619040946909799, 0.670805568850454, 0.6916139416139416, 0.6781440193536833, 0.6551611190412159, 0.7589727605878576]}, "Species": {"std": 0.02323382937400825, "mean": 0.773189924555949, "err": 0.00464676587480165, "scores": [0.7484611912431524, 0.8279954565044303, 0.8034559111643415, 0.7718179849174002, 0.7784028225361599, 0.7795751536223405, 0.7681676047529707, 0.757763074788515, 0.7934206518428267, 0.7613849332779131, 0.766494203292849, 0.7678019709218463, 0.8094433175569078, 0.7352922610973031, 0.7461198461434645, 0.7916748824064119, 0.7612436815586315, 0.74539232488616, 0.7995071480604626, 0.7466024818142918, 0.7696421804134425, 0.7898938884572587, 0.7921904869023182, 0.7791691856518602, 0.73883547008547]}}, "feature_type": "embedding.genome", "model_class": "logistic", "binary": 0}