{"scores": {"Phylum": {"std": 0.0519766933185518, "mean": 0.42952591085849556, "err": 0.01039533866371036, "scores": [0.4451930182188814, 0.48181818181818176, 0.4815143364040689, 0.4496072464009136, 0.38871501593916097, 0.3918295018104998, 0.4728535353535353, 0.44593969992178056, 0.46028564526996957, 0.3912485854394568, 0.42007305846315135, 0.4762972397289728, 0.4275030525030525, 0.4287955836540223, 0.3772160173735763, 0.46026796026796024, 0.4663848631239935, 0.44603174603174606, 0.5076232247284879, 0.4173981084575084, 0.4170542635658914, 0.4527242806400104, 0.23797702492211836, 0.38181818181818183, 0.4119783996072656]}, "Class": {"std": 0.053937360744244774, "mean": 0.4438609187233319, "err": 0.010787472148848955, "scores": [0.4366555080485676, 0.42019870567860723, 0.521981153347961, 0.37434966727162733, 0.4875472526479238, 0.4096736596736597, 0.4152999130686757, 0.4945431409974062, 0.4095452759245863, 0.4529569892473118, 0.5060457046758416, 0.4518278977285008, 0.4268491365265559, 0.4831427355285223, 0.35835340290785833, 0.5099105687340981, 0.4581824127500463, 0.45709639185203566, 0.48233075218064353, 0.29109195402298854, 0.39131622912435643, 0.5039412112125755, 0.4381166591692907, 0.502704326923077, 0.4128623188405797]}, "Order": {"std": 0.04715605779775652, "mean": 0.4796616593336173, "err": 0.009431211559551305, "scores": [0.5520259825556769, 0.5074253962543224, 0.5186815523657629, 0.4335250987027637, 0.47111876800080005, 0.4690517796376345, 0.4032595239763623, 0.5443608225567097, 0.49652497598794265, 0.506439393939394, 0.4280601288475305, 0.49353255614544, 0.4575239575239575, 0.4590265806890974, 0.5343355605048256, 0.41814880251276004, 0.48883436455444135, 0.5604498425551057, 0.47793254195170404, 0.4557291666666667, 0.3735088014903414, 0.4919495926958614, 0.48404442595141317, 0.5356167642102625, 0.43043510306365623]}, "Family": {"std": 0.06150125787347948, "mean": 0.4806012812671895, "err": 0.012300251574695897, "scores": [0.512209106889958, 0.5297667931119888, 0.34535053604131943, 0.5571773772204807, 0.501122035858878, 0.38678728070175444, 0.544546804228938, 0.4584937814210838, 0.4388045540796964, 0.4189634573394307, 0.3999251777029555, 0.5410972983707069, 0.5379103981381431, 0.4117761873780091, 0.5934796770512495, 0.5761645234448284, 0.4095781378834536, 0.5045842454236857, 0.4716312056737588, 0.4802394478040437, 0.4777313707203006, 0.4444069563000701, 0.4887115839243499, 0.5027825424051839, 0.4817915525654714]}, "Genus": {"std": 0.02911866846944275, "mean": 0.5198256023432436, "err": 0.00582373369388855, "scores": [0.49425465838509314, 0.5467413620084883, 0.5307831484665823, 0.4559095966821289, 0.4789947814055615, 0.5314967234087606, 0.5137149220221321, 0.4971932638331997, 0.5390194637244174, 0.5090874811463046, 0.5332138109116941, 0.5359798145015892, 0.4930645494936412, 0.5331567409572525, 0.5775531022393381, 0.5243676244545621, 0.4582271294015066, 0.5529630572356291, 0.555619131455399, 0.5358197757432742, 0.5215157256536567, 0.5127749458711518, 0.5316317814739521, 0.48941441923898066, 0.5431430488667944]}, "Species": {"std": 0.014831215041412039, "mean": 0.5494697761696596, "err": 0.0029662430082824077, "scores": [0.5535512158940703, 0.5293707702151854, 0.5579236953083817, 0.5280900534065092, 0.5582841812640389, 0.5589949312491955, 0.5472890030682774, 0.5496112314404997, 0.5265328353563647, 0.5746353957894925, 0.5337058633184524, 0.5319407426995405, 0.5569798773285862, 0.5391174233538766, 0.5596132895006815, 0.55481627826284, 0.5341953605043351, 0.5614587601030888, 0.543406890392931, 0.5450900140495161, 0.5744229144523478, 0.5367229749944805, 0.5373188405797101, 0.5721881084909685, 0.5714837532181216]}}, "feature_type": "cds_2mer", "model_class": "logistic", "binary": 0}