{"scores": {"Phylum": {"std": 0.10947947279244945, "mean": 0.4857261616527663, "err": 0.02189589455848989, "scores": [0.6024942566458812, 0.4128574777308955, 0.571537876627697, 0.6258741258741259, 0.4971845148315736, 0.2657179305871686, 0.45231226505813443, 0.5207614382722922, 0.34130020375994863, 0.4831932773109244, 0.532231423282007, 0.279030910609858, 0.5470122512719126, 0.4305555555555555, 0.5573899904716652, 0.5610750234573992, 0.34042137391802, 0.5833653722927079, 0.6011046698872785, 0.49022801302931596, 0.5418405883522163, 0.6062484943005312, 0.6118143459915611, 0.31539342156698497, 0.3722092406335015]}, "Class": {"std": 0.09771719461945862, "mean": 0.4866968681077444, "err": 0.019543438923891723, "scores": [0.5936875224023259, 0.42886056896682706, 0.3235509096552622, 0.5596613660349531, 0.5343118981050016, 0.44294808406560865, 0.5778554854733815, 0.5246714456391876, 0.424240012732771, 0.5297135114208285, 0.5520708839892849, 0.42586140147115753, 0.36428016007604236, 0.6137867647058823, 0.5884735980465606, 0.6078431372549019, 0.35861624213877197, 0.46365258200526255, 0.48374761646053716, 0.5845286885245902, 0.4707070707070707, 0.339110092823571, 0.26827538335877993, 0.592020603959671, 0.5149466726753793]}, "Order": {"std": 0.049827842725387886, "mean": 0.5507006096388211, "err": 0.009965568545077578, "scores": [0.5984575907176527, 0.5754746342981637, 0.4793670222066795, 0.5495553351085122, 0.5837773515203183, 0.5018320596847153, 0.4593949410090437, 0.5949954790266149, 0.5510051493554261, 0.4419112083873757, 0.59639340635026, 0.5489058668175816, 0.5828871786291897, 0.6012087795229845, 0.5662206363366042, 0.6124455681977806, 0.5201879881125164, 0.564484126984127, 0.4386793210322622, 0.536597080668213, 0.5865745007680492, 0.5289959549841804, 0.5842518503505825, 0.585972098636638, 0.577940112265055]}, "Family": {"std": 0.05112340986293898, "mean": 0.5703239616515305, "err": 0.010224681972587796, "scores": [0.5401408927724717, 0.5982959409581875, 0.6360488988428519, 0.48776629152450307, 0.5714523917908069, 0.5759141651216915, 0.5899682869760691, 0.4767499710806107, 0.6003234303095657, 0.5612815267697827, 0.6067398949751891, 0.4520444766256357, 0.5491201608848667, 0.6233579158543132, 0.5498880179171333, 0.6378871467286101, 0.5526703688468394, 0.5869280534811382, 0.584904214559387, 0.6166199813258636, 0.6174812975122573, 0.6074160780736891, 0.4824274936367552, 0.5291497302962905, 0.6235224144237558]}, "Genus": {"std": 0.05362078442676185, "mean": 0.5719296088692409, "err": 0.01072415688535237, "scores": [0.5697724129259399, 0.49781389067778675, 0.569789148068612, 0.6180229760615903, 0.6293418347598334, 0.5753893097643098, 0.5957008575815451, 0.5680158340671441, 0.5563119110611878, 0.47422285340727216, 0.6006409389925205, 0.6347425365658185, 0.5954147180562276, 0.49871067303863, 0.6199211062294901, 0.6204690171839113, 0.49501223414266887, 0.45238171312937664, 0.49272436027208677, 0.5926133798326784, 0.597374750006329, 0.5981908233787934, 0.5885656199099358, 0.6163523597573427, 0.6407449628599947]}, "Species": {"std": 0.011220177640545417, "mean": 0.5970387561873007, "err": 0.0022440355281090835, "scores": [0.6070643518011939, 0.6127766064543089, 0.5823390321772198, 0.6087191358024692, 0.5874445949788416, 0.6089985293285819, 0.5888464995607853, 0.5735995299753689, 0.5987479155179763, 0.5916380297823597, 0.594995293801264, 0.6006143831801726, 0.6016951118845236, 0.5944220749407702, 0.5853509741973797, 0.5861502347417841, 0.6078684618134159, 0.604180122803416, 0.5996632394204057, 0.6014909607142617, 0.6218323429097642, 0.6078904608923373, 0.5849635202918377, 0.5867054831443206, 0.5879720145677593]}}, "feature_type": "aa_1mer", "model_class": "logistic", "binary": 0}