{"scores": {"Phylum": {"std": 0.10051246728886179, "mean": 0.5383122765429047, "err": 0.020102493457772357, "scores": [0.446129424180346, 0.4026038560922282, 0.5882401248254907, 0.6653288369589311, 0.4525456931096848, 0.6668201350521792, 0.3120567375886525, 0.569231165478285, 0.37948717948717947, 0.5082561757903118, 0.5410741505892079, 0.5989130369543428, 0.5640346456971354, 0.5248015873015873, 0.5819846929947773, 0.6034276512537382, 0.5423280423280423, 0.7995169082125604, 0.5587056680595736, 0.47408216783216783, 0.577437107177877, 0.4151138701217669, 0.518386991479785, 0.593855481388638, 0.5734455836181268]}, "Class": {"std": 0.09920759833739182, "mean": 0.5727852048344879, "err": 0.019841519667478363, "scores": [0.6145885704709234, 0.5323761874397083, 0.5941977918722104, 0.6085690922153878, 0.8453900709219858, 0.6190105453665075, 0.48500731106407696, 0.5781462594484232, 0.7570603268689732, 0.5742791244711237, 0.4728234728234728, 0.4420170035896467, 0.5974916286149162, 0.537201417783942, 0.5160440613026819, 0.5881673881673882, 0.4386932981308232, 0.6817981340118745, 0.532542250988853, 0.5284060102284757, 0.40090171832457305, 0.599294174758571, 0.48474359716115095, 0.710079365079365, 0.580801319757143]}, "Order": {"std": 0.04562523609122161, "mean": 0.5876174676902548, "err": 0.009125047218244323, "scores": [0.5881118938082182, 0.6059227157818707, 0.5876225490196078, 0.6304585382255286, 0.5898232873396272, 0.6949562065841136, 0.5787488708220415, 0.5128343594253885, 0.6072981848843918, 0.6142614991450519, 0.5877029079712716, 0.6330235888397564, 0.5369562663377097, 0.4513984662549741, 0.5580070914397671, 0.6245788987914972, 0.5670266861444389, 0.5712739723088849, 0.613658671078026, 0.5573493953401504, 0.5871640564283477, 0.5569835204780834, 0.5902451300991293, 0.638048324179711, 0.6069816115287799]}, "Family": {"std": 0.04953200793950925, "mean": 0.661253714975113, "err": 0.009906401587901851, "scores": [0.6746756783521489, 0.7089999378457331, 0.741051976346094, 0.6556179535369837, 0.6777169048770589, 0.6708953460902434, 0.622765246449457, 0.6632346851784192, 0.6837976959288433, 0.6676810955192597, 0.661024531024531, 0.7485532360673682, 0.6171875, 0.6268680093699102, 0.6606714483351466, 0.7465272432209415, 0.6119824479790839, 0.5940019674575686, 0.6213654624568006, 0.6261174504505778, 0.5728922282374662, 0.6024837504631995, 0.6227531216481493, 0.7496238259758389, 0.7028541315670028]}, "Genus": {"std": 0.04338589876678948, "mean": 0.6981237648724737, "err": 0.008677179753357895, "scores": [0.6624178486516783, 0.7251307252636572, 0.60269083548311, 0.737416678830341, 0.6082844859408613, 0.6666711888934111, 0.736145807385265, 0.7098357909425959, 0.7021126032456609, 0.7152322665646649, 0.744034650897396, 0.7554100664529214, 0.7603919709182868, 0.7041422664522968, 0.6893967752372578, 0.6963787480583346, 0.75083652052326, 0.6844336219336219, 0.705130993206383, 0.7251697545833737, 0.6629818603631882, 0.712747244743996, 0.6065818008246043, 0.679419850472482, 0.7100997659431997]}, "Species": {"std": 0.013956226270492464, "mean": 0.7542033562712481, "err": 0.0027912452540984926, "scores": [0.7802170987564244, 0.7407953492290842, 0.7318004646234897, 0.7471838126330098, 0.7485679687434074, 0.7459899749373434, 0.7340789064926997, 0.77189057359336, 0.759442945040283, 0.759786016768114, 0.7370462640230082, 0.7407653467977676, 0.7475351037851038, 0.7757158282272437, 0.7663493913493914, 0.7426531522917065, 0.781426018312913, 0.746269577820375, 0.7566421409306628, 0.7495732231193918, 0.7586837957496514, 0.7703217174481543, 0.7648633387238565, 0.7531251288394145, 0.7443607685453498]}}, "feature_type": "aa_2mer", "model_class": "logistic", "binary": 0}