{"scores": {"Phylum": {"std": 0.11108354996123486, "mean": 0.4318349855167204, "err": 0.022216709992246973, "scores": [0.632481110525391, 0.5419517102615693, 0.41425698385175536, 0.34714973640518854, 0.45278452464551977, 0.34554903964340183, 0.6515606242497, 0.29559190116178574, 0.367815535547165, 0.6094164456233422, 0.3208172540948461, 0.4043062200956938, 0.34967975494291287, 0.43829332562100315, 0.4358828277073541, 0.32164638381817673, 0.36492762913940585, 0.35033757092580625, 0.5283933728530172, 0.4089506172839506, 0.32795873801233894, 0.6833910686045636, 0.32750281063064485, 0.4486629486629486, 0.4265665036105288]}, "Class": {"std": 0.0977693161477448, "mean": 0.438359329910719, "err": 0.01955386322954896, "scores": [0.42207278946934473, 0.4787913527677694, 0.4578558696205755, 0.3254393402984089, 0.29749129837269933, 0.44436176378720843, 0.2734892787524366, 0.3345216505238057, 0.38370006667879014, 0.3000468823253633, 0.4266062829892617, 0.36779778584620454, 0.466496787327658, 0.5223559120617943, 0.590092879256966, 0.45156656427684466, 0.4414011218522496, 0.5118519892725095, 0.5998994469582705, 0.5676282051282051, 0.3995205376019329, 0.439145621036086, 0.3633618622988806, 0.4263865855905657, 0.6671013736741437]}, "Order": {"std": 0.06285437472232853, "mean": 0.4457119777543145, "err": 0.012570874944465706, "scores": [0.3564414515525627, 0.5051816981358578, 0.3985893548031165, 0.30017618040873856, 0.5034325151972211, 0.36069658429906876, 0.40979354433032905, 0.4796199403157742, 0.36285695355462794, 0.5361040341009325, 0.4445412438199324, 0.5325393961265488, 0.4115825948648035, 0.3775713429079792, 0.4871574682652398, 0.4365442212825934, 0.46412530727903256, 0.43549835248410806, 0.4694507555267049, 0.4286248479974513, 0.4718136394779499, 0.464091860520432, 0.5720915842160313, 0.4400550086855819, 0.4942195637052451]}, "Family": {"std": 0.042974108471216535, "mean": 0.48383193603067876, "err": 0.008594821694243308, "scores": [0.4885137491616365, 0.5484216964253114, 0.5006833444235225, 0.417619825708061, 0.4494981867518766, 0.5109259259259259, 0.40114463747502455, 0.5272999838503182, 0.4411375661375661, 0.48736327056590145, 0.4464859296717704, 0.4527087502132874, 0.5268534413633402, 0.4308052424766183, 0.5005317013357639, 0.5418218907375533, 0.514705743608581, 0.4209465635356818, 0.5472544998860789, 0.4565415358303973, 0.5161696752594742, 0.4602780405760538, 0.47246936018355207, 0.5328344184644082, 0.5027834211992628]}, "Genus": {"std": 0.036846215463339195, "mean": 0.5424792509505321, "err": 0.007369243092667839, "scores": [0.5773118874766701, 0.5179612787143842, 0.49940763475205774, 0.48213263655592886, 0.6058690841637809, 0.4817051142973811, 0.5979457079970653, 0.5459584457939721, 0.5253721982795213, 0.5909930561737737, 0.5170140106902191, 0.5621057738961669, 0.5314681918625118, 0.5075703443004674, 0.5676374211033541, 0.5700927671212626, 0.6032226059544137, 0.5779306479145965, 0.5472186841735233, 0.5043588067125623, 0.5602826920351124, 0.5167044007788251, 0.5467327310868594, 0.5026399480944935, 0.5223452038343993]}, "Species": {"std": 0.020381517103155198, "mean": 0.5814549240916902, "err": 0.004076303420631039, "scores": [0.6022019816644696, 0.5968418112286037, 0.5382100204322426, 0.5715473256931735, 0.5809199932197644, 0.5680410209488954, 0.5838325652841782, 0.5607538680455347, 0.5812074107563667, 0.6006969735312921, 0.5562158290343805, 0.5835886736575439, 0.6063161375661376, 0.5749164976738638, 0.6224590160832902, 0.6094370648180213, 0.5924456648307624, 0.5860272536687631, 0.5885066654658558, 0.5946956019993487, 0.5588807953087778, 0.5817621492284161, 0.5488614593786316, 0.5957799622167346, 0.5522273605572049]}}, "weight_decay": 0.01, "n_epochs": 100, "hidden_dim": 512, "alpha": 10, "lr": 0.0001, "batch_size": 20, "early_stopping": 0, "n_classes": 3, "input_dim": 118, "feature_type": "nt_2mer", "model_class": "nonlinear", "binary": 0}