{"scores": {"Phylum": {"std": 0.06576576229240352, "mean": 0.43760161698967176, "err": 0.013153152458480704, "scores": [0.5531551781551781, 0.5414723517654897, 0.507069182389937, 0.36034642934942784, 0.3612644491625383, 0.40833034968373316, 0.37121212121212127, 0.31283680726478474, 0.49410574823507347, 0.4431704885343968, 0.5677113010446343, 0.4072847682119205, 0.46455026455026455, 0.4231791600212653, 0.47783572359843546, 0.373897512598701, 0.3778646274235014, 0.39558823529411763, 0.40603947334716567, 0.468013701689417, 0.43158778878986065, 0.49581322086193663, 0.35969695095360743, 0.4609231846807127, 0.4770914059235721]}, "Class": {"std": 0.058413746754289175, "mean": 0.46649976714761465, "err": 0.011682749350857835, "scores": [0.40472793768670257, 0.528462441314554, 0.486779025006247, 0.44924853420272726, 0.5097402597402597, 0.535375118708452, 0.3293649976212547, 0.49312005503955963, 0.46039426523297494, 0.44813447422143077, 0.5225563909774436, 0.44091130774054205, 0.5535714285714285, 0.526802735057779, 0.3365590560288158, 0.36727248362044745, 0.43831352574985855, 0.4577633297103571, 0.44324338499462407, 0.45052902936252065, 0.4865414242001098, 0.5176279945692638, 0.5270793036750483, 0.4847047550604862, 0.46367092059747933]}, "Order": {"std": 0.03107675225665997, "mean": 0.5224547405365163, "err": 0.006215350451331994, "scores": [0.5471413160733549, 0.47574712643678163, 0.5011970011970012, 0.4979032826711878, 0.48972740978504037, 0.5565726122494681, 0.5193997501804619, 0.5830971415959206, 0.566577084133681, 0.5453618227708052, 0.4922941162582047, 0.4526380889752835, 0.5089501204613778, 0.5225562761025799, 0.4936872765238644, 0.5591365533691116, 0.4971779548472776, 0.5289178327502916, 0.4927272727272727, 0.5341862515122009, 0.5533732319795529, 0.5431414466434522, 0.5221535982814178, 0.5304357096584119, 0.5472682362289051]}, "Family": {"std": 0.033814992761496736, "mean": 0.5462549914347925, "err": 0.006762998552299347, "scores": [0.5491318248458835, 0.4753550543024227, 0.558105368085081, 0.6154131712207936, 0.5353533309913426, 0.5439139352110481, 0.5325386114859799, 0.589273640490679, 0.5441479099678457, 0.5721882934193371, 0.5080537086959317, 0.5637116667551451, 0.4983573063092514, 0.5023919060369154, 0.574011382300747, 0.5683525061676322, 0.5383218146376042, 0.5279821200510856, 0.5573660572005746, 0.6015748151655897, 0.5487044025157233, 0.5133072557140667, 0.5560967996197509, 0.4981747485375559, 0.5845471561418233]}, "Genus": {"std": 0.03334901657398921, "mean": 0.5898470361374939, "err": 0.0066698033147978425, "scores": [0.5428345539432914, 0.5730321743082202, 0.676769955876454, 0.5537036349229931, 0.6012263809274038, 0.6406086530594723, 0.5287036369996442, 0.5885518327308287, 0.6176937036277262, 0.5510815225198896, 0.6163434674072972, 0.5951549187139622, 0.5730895652834778, 0.5600586832935998, 0.5877820090148858, 0.6248378666828586, 0.6063637909098886, 0.5714832627744785, 0.5737400113586072, 0.6368788367532541, 0.5813012702269013, 0.609913794531266, 0.5766441474469509, 0.597060415075121, 0.5613178150488728]}, "Species": {"std": 0.013330248937757257, "mean": 0.6143356371634521, "err": 0.0026660497875514513, "scores": [0.5822764007404398, 0.6265151972928878, 0.587349767181244, 0.6048770917191969, 0.6307723326096886, 0.629123915823204, 0.6001562648831361, 0.6214235679308732, 0.6029950351588659, 0.6020124723527691, 0.61660820436772, 0.6303038799937086, 0.6147061605721736, 0.6068119296565302, 0.6163212079259771, 0.6061657837516274, 0.620326287513744, 0.6022279780934959, 0.6204072160516714, 0.6197243660664965, 0.6173979205405474, 0.6102757776340997, 0.6344630379087024, 0.6298605356262859, 0.6252885976912185]}}, "feature_type": "nt_3mer", "model_class": "logistic", "binary": 0}