{"scores": {"Phylum": {"std": 0.04870579362524474, "mean": 0.584922578775855, "err": 0.009741158725048948, "scores": [0.6279113421210334, 0.6511454720406418, 0.5807692307692308, 0.5217136150234741, 0.582296870125428, 0.5395531433012059, 0.6577380952380952, 0.5680044593088072, 0.5599335748792271, 0.582996632996633, 0.5582554674546957, 0.6195073663486629, 0.505249343832021, 0.6310510489884074, 0.6058506908707554, 0.5849170504461955, 0.539802472134318, 0.5689730367633853, 0.5049150481017821, 0.6451852313047243, 0.6098631174568867, 0.6556121262392288, 0.487037037037037, 0.6046343074270716, 0.6301486891874267]}, "Class": {"std": 0.05295514243585339, "mean": 0.5795582185684492, "err": 0.010591028487170678, "scores": [0.6164760415861863, 0.603799963789338, 0.6364561526903064, 0.5252218851814403, 0.41898148148148145, 0.6346613769214389, 0.6560392407640584, 0.5166666666666666, 0.583546383198215, 0.5313825275657337, 0.5889586014586016, 0.6366041366041366, 0.5919082338299696, 0.5991154871917466, 0.5644199919465877, 0.5870667994121272, 0.5168426344896934, 0.6622330117024362, 0.613958823022324, 0.5917998700454841, 0.5250712250712252, 0.5992682180076976, 0.5805870209345175, 0.5481230747188194, 0.5597666159309994]}, "Order": {"std": 0.046324335067945414, "mean": 0.6106058026740488, "err": 0.009264867013589083, "scores": [0.5614132747731645, 0.6450874245908561, 0.5780159675490553, 0.6110774711356816, 0.5849704079278065, 0.6997104921633223, 0.6142132825956793, 0.6669779022720199, 0.6848397080955221, 0.5526868844619132, 0.6853608022672771, 0.5694221866096866, 0.6216492744079577, 0.5577590856443374, 0.5146171147478573, 0.6094206629660194, 0.5941285767372724, 0.6273266589592343, 0.5770457185091332, 0.608692075810258, 0.5965058346744851, 0.6177469081250259, 0.5662491129191365, 0.66751721074839, 0.6527110281601299]}, "Family": {"std": 0.03354980734761426, "mean": 0.6426537253252106, "err": 0.0067099614695228516, "scores": [0.6412949279328589, 0.6137417041794923, 0.6587262432579886, 0.6972672772076942, 0.595223889121772, 0.6632667492455603, 0.6392087274440216, 0.6657715423968379, 0.6434830342393368, 0.6611246255021824, 0.6715617715617715, 0.6687316872672856, 0.6902826607924979, 0.5646647406747954, 0.6095061728395063, 0.5837743670281741, 0.6418571703863815, 0.6398821984546873, 0.5857424588767873, 0.6664303462431804, 0.6361041321137878, 0.6839425350063649, 0.6632642108972756, 0.6346612477597617, 0.6468287127002633]}, "Genus": {"std": 0.04425036540361555, "mean": 0.7051597368772055, "err": 0.00885007308072311, "scores": [0.7120165334386103, 0.7430893785806701, 0.7510894457894391, 0.7368180512133785, 0.642155248133509, 0.6863172297120826, 0.7310350076103501, 0.7263537134305245, 0.7290031994532974, 0.7408788254755997, 0.6434290036963041, 0.7088694277395678, 0.6904643305565837, 0.6058357387182068, 0.7245755828282117, 0.7681105242424974, 0.6499582289055973, 0.7146741002411106, 0.6981532388776631, 0.7218278115844039, 0.7778951341359398, 0.7119341182200115, 0.7185638435638436, 0.6885959253883783, 0.6073497803943556]}, "Species": {"std": 0.021916743051451245, "mean": 0.7680855820086948, "err": 0.004383348610290249, "scores": [0.7828456663663316, 0.7699598021026594, 0.7844362610071629, 0.7420520120616553, 0.7552377477303134, 0.764341080739538, 0.7705003379234604, 0.7633816425120772, 0.7146051712089448, 0.7722065454667235, 0.7976667186714511, 0.7359981933152664, 0.755243423374159, 0.7715208266678855, 0.8012610607225659, 0.7464695157751614, 0.7824216018251061, 0.771888373864399, 0.8051000864223484, 0.7388602163909961, 0.7956200695610196, 0.7650130463144161, 0.7544503980049315, 0.7946950590393214, 0.7663646931494769]}}, "weight_decay": 0.01, "n_epochs": 100, "hidden_dim": 512, "alpha": 10, "lr": 0.0001, "batch_size": 20, "early_stopping": 0, "n_classes": 3, "input_dim": 1024, "feature_type": "embedding.geneset.oxygen", "model_class": "nonlinear", "binary": 0}