{"scores": {"Phylum": {"std": 0.1066547823573471, "mean": 0.5195387184599235, "err": 0.02133095647146942, "scores": [0.7714285714285714, 0.48203010676202335, 0.5580203897277068, 0.5385383340577719, 0.4380232551859713, 0.5187208216619982, 0.4485161798258299, 0.4996269975986, 0.47020730521766335, 0.6214896214896215, 0.37878787878787873, 0.5265151515151515, 0.3672431831792829, 0.48426501568178204, 0.44761904761904764, 0.6431809861732983, 0.4634761032026981, 0.6726495726495726, 0.8050108932461875, 0.47393247269116184, 0.4653172552397358, 0.4089280786002097, 0.468900897597742, 0.510639359584828, 0.5254004827737547]}, "Class": {"std": 0.05577876598259098, "mean": 0.4962370114393756, "err": 0.011155753196518197, "scores": [0.5159492214190672, 0.4937853468870362, 0.5430555555555555, 0.5409943481554002, 0.443994376247675, 0.44297005775605003, 0.49392378491081335, 0.47304823940337953, 0.39405042197495027, 0.46156103286384975, 0.4878038712652725, 0.4708770899121197, 0.4531943212067435, 0.4991646194423125, 0.582417657932532, 0.47396593467512926, 0.4621297146549672, 0.5392770246784845, 0.5148624512318024, 0.575406891568884, 0.6325258547679272, 0.5741450546656497, 0.40861237461345395, 0.48556776556776554, 0.4426422746275687]}, "Order": {"std": 0.04377069014000383, "mean": 0.5219027962808874, "err": 0.008754138028000766, "scores": [0.549779480708903, 0.5843665144522939, 0.4853636222657354, 0.5520065480242471, 0.5522854907905668, 0.5033013085051374, 0.5025356727500447, 0.5180242056869627, 0.5113582721482676, 0.4877456600965244, 0.45968627831087844, 0.5136121046953954, 0.5673772569226258, 0.4997202797202797, 0.524675937148049, 0.4447373444603362, 0.48507098619965433, 0.5413060434516154, 0.4824743095294219, 0.5745672632149806, 0.6500996188496189, 0.5500784929356358, 0.47474747474747475, 0.5174033682805612, 0.5152463731269763]}, "Family": {"std": 0.03613952152278269, "mean": 0.5942013931724746, "err": 0.007227904304556538, "scores": [0.6196718288269548, 0.6131875331614448, 0.5473575735203642, 0.6226111690472131, 0.6531044563078265, 0.5633831351297105, 0.6359199459758118, 0.5413768014124838, 0.5380765983647287, 0.6050975706889685, 0.6443767655367231, 0.565504362709531, 0.5686377867228931, 0.5744015497440155, 0.607125717400916, 0.5671165092217724, 0.5541338272792454, 0.5516290983053221, 0.6618567251461988, 0.5875888314447176, 0.5938778295619221, 0.6140136794418072, 0.5792803783640386, 0.6433335738616074, 0.6023715821356488]}, "Genus": {"std": 0.03401408465365958, "mean": 0.65292805476491, "err": 0.006802816930731916, "scores": [0.6062559582415178, 0.7004909541516889, 0.6482607366219719, 0.667963028584928, 0.6036875040164513, 0.6762390118990987, 0.6535514805212445, 0.602554313126607, 0.6101531209296245, 0.6804056143376318, 0.6610278679372983, 0.7203847056063805, 0.7090056321937824, 0.6051888981713544, 0.6439047619047619, 0.6724012346939635, 0.6662158468833584, 0.6569863239413413, 0.6207299357396773, 0.6308516206234539, 0.6426604029320783, 0.613697705802969, 0.6575314769344347, 0.6850921677533607, 0.6879610655737705]}, "Species": {"std": 0.018722663300703553, "mean": 0.7031313900921842, "err": 0.0037445326601407104, "scores": [0.687011008793187, 0.7129642124694079, 0.7433914995473204, 0.6871390376772907, 0.7057493068729025, 0.71533731466412, 0.6985254071565231, 0.7237011227255129, 0.7078144078144079, 0.6780017967889642, 0.6953921463048256, 0.7120317307284477, 0.7236890121061695, 0.6799598498734398, 0.7091004406221798, 0.6622691486686674, 0.7237755831709799, 0.7034544159544159, 0.7056724844360333, 0.7033910660912949, 0.6629038976746743, 0.7168235205338421, 0.6991195457848893, 0.7031691581805514, 0.7178976376645583]}}, "feature_type": "nt_5mer", "model_class": "logistic", "binary": 0}