{"scores": {"Phylum": {"std": 0.07652458398770512, "mean": 0.4386895731469725, "err": 0.03422283434928011, "scores": [0.3421057160578731, 0.37809909388856755, 0.4282565926620805, 0.48989370138396326, 0.5550927617423781]}, "Class": {"std": 0.10582673301214057, "mean": 0.5058190011720624, "err": 0.04732715377037348, "scores": [0.34565796036225227, 0.476558740978348, 0.46516000339529745, 0.5947139862234202, 0.6470043149009937]}, "Order": {"std": 0.0701989096146992, "mean": 0.6659933125510661, "err": 0.031393906768966195, "scores": [0.7933576644920445, 0.6816942699189997, 0.5884935580989993, 0.6304173813607776, 0.6360036888845096]}, "Family": {"std": 0.03731350929188258, "mean": 0.7671578238019077, "err": 0.0166871086511439, "scores": [0.8133398286850971, 0.7391027805921423, 0.8108061908061908, 0.7255848589271698, 0.7469554599989383]}, "Genus": {"std": 0.041283275608724114, "mean": 0.8872217726358909, "err": 0.018462442118993224, "scores": [0.934713845699847, 0.8211329442488449, 0.9275347093974545, 0.8720402084884586, 0.8806871553448485]}, "Species": {"std": 0.0034065084535280458, "mean": 0.996189662101569, "err": 0.0015234368936032786, "scores": [1.0, 0.9943988610393016, 0.9911790790981728, 0.9953703703703703, 1.0]}}, "level": "Species", "feature_type": "KO", "model_class": "randrel", "binary": 0}