{"scores": {"Phylum": {"std": 0.08198878509757529, "mean": 0.575889047292961, "err": 0.036666499374160014, "scores": [0.43758372147249674, 0.6002506265664161, 0.5507595893266625, 0.6877741262010848, 0.6030771728981447]}, "Class": {"std": 0.10670196542242785, "mean": 0.5593862681326416, "err": 0.047718569603476146, "scores": [0.3728967056044101, 0.5416984095161722, 0.5671802054154995, 0.6928721174004192, 0.6222839027267072]}, "Order": {"std": 0.06236469756047381, "mean": 0.5554876400827435, "err": 0.027890340628286946, "scores": [0.5988996092939095, 0.5403858295605038, 0.46530921531104363, 0.5260557053009883, 0.6467878409472726]}, "Family": {"std": 0.03897892215850489, "mean": 0.5677101282984738, "err": 0.01743190392721795, "scores": [0.5648926237161531, 0.6289147810424406, 0.582016632016632, 0.5090476749512569, 0.5536789297658863]}, "Genus": {"std": 0.05614287548521355, "mean": 0.6695299230373998, "err": 0.0251078572074488, "scores": [0.7531031557203195, 0.609244457131982, 0.718151752465478, 0.6237845067703593, 0.6433657430988599]}, "Species": {"std": 0.011221345319280396, "mean": 0.6781734147841301, "err": 0.005018338186582009, "scores": [0.6968617095726996, 0.6750197048966403, 0.6742857981306766, 0.6626686288937945, 0.6820312324268394]}}, "weight_decay": 0.01, "n_epochs": 100, "hidden_dim": 512, "alpha": 10, "lr": 1e-05, "batch_size": 20, "early_stopping": 1, "n_classes": 3, "input_dim": 21, "feature_type": "aa_1mer", "model_class": "nonlinear", "binary": 0}