{"scores": {"Phylum": {"std": 0.06872886554470453, "mean": 0.4840665388067543, "err": 0.030736483074880486, "scores": [0.43831761353740495, 0.37015798494671737, 0.5337902261836609, 0.5432165924991532, 0.5348502768668352]}, "Class": {"std": 0.048266414474201894, "mean": 0.42884331709320433, "err": 0.02158539675889904, "scores": [0.45640834849812406, 0.35486920486920487, 0.4848465027036455, 0.3906258115781925, 0.4574667178168547]}, "Order": {"std": 0.021957023126584818, "mean": 0.5288841908217006, "err": 0.009819479258915725, "scores": [0.4902794038540645, 0.5330940323149127, 0.554676511954993, 0.5431918904141126, 0.5231791155704199]}, "Family": {"std": 0.04439677253823515, "mean": 0.6221617930577763, "err": 0.019854840275417934, "scores": [0.6612563563837885, 0.5754555512232846, 0.6376446040074872, 0.5640283746968445, 0.672424078977477]}, "Genus": {"std": 0.04287989079923599, "mean": 0.6904959662201333, "err": 0.01917647013897189, "scores": [0.7511972780392221, 0.6610807113543092, 0.6452721697717255, 0.7328286355590109, 0.6621010363763986]}, "Species": {"std": 0.021150924794258542, "mean": 0.7610206625290818, "err": 0.00945898112538957, "scores": [0.7485119047619048, 0.7331697629247148, 0.795283453426776, 0.7715571441803927, 0.7565810473516213]}}, "weight_decay": 0.01, "n_epochs": 100, "hidden_dim": 512, "alpha": 10, "lr": 1e-05, "batch_size": 20, "early_stopping": 1, "n_classes": 3, "input_dim": 4426, "feature_type": "nt_5mer", "model_class": "nonlinear", "binary": 0}