{"scores": {"Phylum": {"std": 0.1244086084981598, "mean": 0.5259550004103185, "err": 0.02488172169963196, "scores": [0.4368994989684645, 0.6122306334482472, 0.3963484616033881, 0.7222222222222222, 0.5971711726428708, 0.3518543624969872, 0.4295529373523134, 0.37115839243498816, 0.6594276094276094, 0.5518871769788865, 0.5129098029715763, 0.6402116402116401, 0.6408730158730159, 0.4481793519792144, 0.6073846153846154, 0.3711541091207439, 0.44, 0.5996326905417815, 0.39134262655906094, 0.7175925925925926, 0.36638312954102426, 0.7869028448738593, 0.5205640423031728, 0.5200429580385384, 0.4569491226911477]}, "Class": {"std": 0.11713674366185502, "mean": 0.5844314239510983, "err": 0.023427348732371005, "scores": [0.5394848752055933, 0.441319376185964, 0.6044912728820775, 0.37937702199385587, 0.7016900937081659, 0.5657228993874964, 0.5901657041075188, 0.5939922480620154, 0.7609523809523809, 0.5041252379944997, 0.9067099567099568, 0.4455789975564694, 0.6142697881828316, 0.6441231625431009, 0.6214372755855705, 0.6676245210727969, 0.46513056835637484, 0.5776676516185454, 0.48354550349674746, 0.5785539005877989, 0.6243131868131868, 0.6328352490421456, 0.6169484702093397, 0.3612069499824391, 0.6895193065405832]}, "Order": {"std": 0.06986022627414268, "mean": 0.7257129151722377, "err": 0.013972045254828536, "scores": [0.8650148353846703, 0.7986658395791043, 0.7624322193655898, 0.7739954936021113, 0.7046941678520625, 0.6682406295851674, 0.7280649157192055, 0.7143131994451198, 0.7135787438414732, 0.6420568227290916, 0.6151515151515151, 0.8050197851893724, 0.8326289004955135, 0.7056458221166756, 0.8483592312119296, 0.696797510950689, 0.7156413045191595, 0.7035146473649148, 0.735247708550876, 0.6749095928226363, 0.6534678518984686, 0.5827043439096741, 0.7833770208159699, 0.6673697372304329, 0.7519310399745182]}, "Family": {"std": 0.06438159088776739, "mean": 0.7972865658161132, "err": 0.012876318177553478, "scores": [0.7344055451538264, 0.8214180728112616, 0.847787356321839, 0.8113667291447352, 0.7537433207780714, 0.8564164923715486, 0.8679852387748278, 0.8363413247134176, 0.8535324590508008, 0.6291337594311458, 0.7705357142857143, 0.7831661239213622, 0.6862621976119471, 0.7911002347569512, 0.9135830925891778, 0.9124968052360791, 0.8141196883174563, 0.8352926359555147, 0.7949866373159451, 0.7230635877676278, 0.7511724672943334, 0.7571025981877991, 0.7660115906253546, 0.8277818899580557, 0.7933585830280362]}, "Genus": {"std": 0.04690529774591559, "mean": 0.8981112688648392, "err": 0.009381059549183118, "scores": [0.9349837945258787, 0.9215169287366761, 0.9234499942229547, 0.8933096315449256, 0.8864680253829214, 0.9368911661076252, 0.908382025243247, 0.9298357648443315, 0.9087252634905892, 0.8475971236010844, 0.9532690198867847, 0.928286397544348, 0.8688339087073264, 0.9389665286404417, 0.8855120927038737, 0.8040881174075759, 0.9429169265468382, 0.8020958831561299, 0.8101467852197993, 0.9345311742838245, 0.9156228517674302, 0.9325839546540836, 0.8162131900123167, 0.9497771909556033, 0.8787779824343683]}, "Species": {"std": 0.00293587011343037, "mean": 0.9965422073013284, "err": 0.0005871740226860739, "scores": [0.993758748078291, 1.0, 1.0, 1.0, 0.9914529914529915, 0.9955555555555556, 0.9961240310077519, 0.996031746031746, 0.9956140350877193, 0.988909648366389, 0.9982817869415808, 1.0, 0.9955555555555556, 0.9962962962962963, 0.9983416252072969, 0.9947089947089948, 0.9983579638752053, 0.9954954954954954, 0.9915611814345991, 1.0, 0.9983498349834984, 0.9951690821256038, 0.998435054773083, 0.9955555555555556, 1.0]}}, "level": "Species", "feature_type": null, "model_class": "meanrel", "binary": 0}