{"scores": {"Phylum": {"std": 0.0933169790709846, "mean": 0.46156794538291823, "err": 0.04173262173152935, "scores": [0.3498572881112239, 0.3468999180266786, 0.5406651532981362, 0.5553330530151722, 0.5150843144633801]}, "Class": {"std": 0.09009987061021199, "mean": 0.4115906463827768, "err": 0.040293887089673894, "scores": [0.405717418166296, 0.24526374859708197, 0.5075222396650968, 0.46946682946682944, 0.42998299601858]}, "Order": {"std": 0.011729002498851901, "mean": 0.515146004644056, "err": 0.00524536937913955, "scores": [0.508370513347889, 0.5226040870113069, 0.5340147597689006, 0.509795245906357, 0.5009454171858264]}, "Family": {"std": 0.05462031750526873, "mean": 0.6044703155124239, "err": 0.02442694857888052, "scores": [0.6467793307146555, 0.5440991467458409, 0.6449891067538126, 0.5316455604753968, 0.6548384328724134]}, "Genus": {"std": 0.02713012521827716, "mean": 0.6567626794838204, "err": 0.01213296084522981, "scores": [0.7051089008212427, 0.6223210214318285, 0.6450224557813541, 0.6585491774424003, 0.6528118419422767]}, "Species": {"std": 0.014941702954307712, "mean": 0.7054996760485722, "err": 0.006682132701088295, "scores": [0.6818993506493506, 0.7195075684384048, 0.7133758869915221, 0.7185964271167601, 0.6941191470468236]}}, "weight_decay": 0.01, "n_epochs": 100, "hidden_dim": 512, "alpha": 10, "lr": 1e-05, "batch_size": 20, "early_stopping": 1, "n_classes": 3, "input_dim": 2008, "feature_type": "nt_4mer", "model_class": "nonlinear", "binary": 0}