{"scores": {"Phylum": {"std": 0.06796697033928413, "mean": 0.412732005864894, "err": 0.03039575318067025, "scores": [0.3912931537139266, 0.34319248826291077, 0.48364481956194477, 0.5020498265531378, 0.34347974123255026]}, "Class": {"std": 0.0754951254582867, "mean": 0.3983117789626396, "err": 0.0337624464989208, "scores": [0.36473447013097887, 0.2789316239316239, 0.4763540031397175, 0.38982498982498975, 0.48171380778588807]}, "Order": {"std": 0.04748168840968957, "mean": 0.4782408744003927, "err": 0.02123445659410595, "scores": [0.41888111888111884, 0.48925447049067355, 0.46764303191030315, 0.45396270396270394, 0.5614630467571644]}, "Family": {"std": 0.025862495559069155, "mean": 0.4827909997208364, "err": 0.011566059627573011, "scores": [0.45160013397886783, 0.5292683699604211, 0.4849143882905274, 0.4688293258179928, 0.47934278055637275]}, "Genus": {"std": 0.02058710890146955, "mean": 0.5022281698466339, "err": 0.009206834992775387, "scores": [0.47888271916540465, 0.5215078279373765, 0.5295794932548187, 0.4810139072693924, 0.500156901606177]}, "Species": {"std": 0.012615416688372755, "mean": 0.5202947110626992, "err": 0.005641785855937352, "scores": [0.5356331168831169, 0.5136406556612275, 0.5339465697771887, 0.5154659352901841, 0.5027872777017784]}}, "C": 100, "penalty": "l2", "max_iter": 10000, "feature_type": "nt_2mer", "model_class": "logistic", "binary": 0}