{"scores": {"Phylum": {"std": 0.051244480210261956, "mean": 0.5523967747720834, "err": 0.010248896042052391, "scores": [0.5677149685486675, 0.612797916676448, 0.553113553113553, 0.5360704772995882, 0.533931623931624, 0.518745309421343, 0.5549576082106203, 0.48395061728395067, 0.6403100775193797, 0.5092592592592592, 0.6299011365668258, 0.5658542077117928, 0.6105555790751167, 0.5561172683474842, 0.4816653881228759, 0.6467658416710549, 0.4496920258569605, 0.48548340961098396, 0.554022068873554, 0.5450812991147166, 0.55515225171359, 0.5091338995250149, 0.5213506068884523, 0.5736318407960199, 0.6146611341632089]}, "Class": {"std": 0.07542596348120284, "mean": 0.5800843847302679, "err": 0.015085192696240568, "scores": [0.6018186107358082, 0.8298171589310831, 0.4897488829522985, 0.5505944491839935, 0.5270907436512532, 0.6257739271419162, 0.6002027612549323, 0.5389130146083078, 0.501601952045145, 0.4827855203056548, 0.5739745053899584, 0.6496487279176045, 0.5867114176006757, 0.5552825552825553, 0.4742751487410943, 0.71994301994302, 0.5261541790721797, 0.5859684526761639, 0.5096992518082907, 0.5770922327867346, 0.6191438257861407, 0.5709744503862151, 0.5912013408540239, 0.5931853222325008, 0.6205081669691469]}, "Order": {"std": 0.06872765590139876, "mean": 0.6061097965655913, "err": 0.013745531180279751, "scores": [0.518102657814844, 0.64562926785149, 0.5415827545392383, 0.5952199061442759, 0.5897350327027667, 0.7373386470160663, 0.5815459344748489, 0.6191376216430428, 0.5361448762578706, 0.5463431786216596, 0.6178619063333608, 0.6121689871689872, 0.5491666860487123, 0.5420089263326814, 0.5629442573887018, 0.7875181634034316, 0.5663118930724566, 0.5515267118738962, 0.7057982044612059, 0.5995776478232618, 0.5965530982267383, 0.6158532253481103, 0.544364041755346, 0.6720340589127138, 0.718277228924075]}, "Family": {"std": 0.06453010240704869, "mean": 0.6437443226258762, "err": 0.01290602048140974, "scores": [0.6448943213649097, 0.6628947119315004, 0.7285906617339261, 0.5744401418275977, 0.7482117729831144, 0.579002849002849, 0.6663781966659169, 0.5808633574135317, 0.6225530185344291, 0.5773268726024631, 0.6307821443898036, 0.6593824178569941, 0.6316359575656059, 0.617779341254951, 0.6813515269655621, 0.7425444280878416, 0.70996965996966, 0.605641120318495, 0.4760625433365257, 0.6976495726495727, 0.6136859658157384, 0.6026303146769156, 0.7057238149649706, 0.5942361512401283, 0.7393772024939008]}, "Genus": {"std": 0.048489397420351875, "mean": 0.7000383606953295, "err": 0.009697879484070375, "scores": [0.7568760557886142, 0.7222919486485377, 0.710972425028629, 0.7736369961348458, 0.7244996549344376, 0.7008963497503921, 0.7294270942207729, 0.6726761899549376, 0.748986785976642, 0.7442401570061145, 0.6992404354313678, 0.7200779727095515, 0.6634678660553402, 0.6842219241784213, 0.6528116435250247, 0.591579753502697, 0.6328298828556694, 0.6258629652948382, 0.7669347527128917, 0.729971881390593, 0.7308880751231297, 0.6604868951015826, 0.7095137803777867, 0.6124318217235468, 0.7361357099568737]}, "Species": {"std": 0.031635392567347514, "mean": 0.7517325146090249, "err": 0.006327078513469503, "scores": [0.7594567309474933, 0.7929180300659174, 0.7557555331527933, 0.7629441595910621, 0.7827085016650243, 0.6896959913909066, 0.7718906447259588, 0.776461187214612, 0.7632828711246357, 0.7772467258768628, 0.740867609558892, 0.7554965646991384, 0.6769182558868296, 0.7638650121954802, 0.6780128914624454, 0.760708802112001, 0.7561960392149073, 0.7671200600851399, 0.712717851251524, 0.7917929292929292, 0.7771322385656857, 0.7429977821546743, 0.7234423707811365, 0.7478292651919655, 0.7658548170176077]}}, "weight_decay": 0.01, "n_epochs": 100, "hidden_dim": 512, "alpha": 10, "lr": 0.0001, "batch_size": 20, "early_stopping": 0, "n_classes": 3, "input_dim": 8675, "feature_type": "aa_3mer", "model_class": "nonlinear", "binary": 0}