{"scores": {"Phylum": {"std": 0.0811633887911732, "mean": 0.5998980942401655, "err": 0.03629737092426155, "scores": [0.48497687293434577, 0.6754514491356597, 0.554132139879091, 0.7069005365931025, 0.5780294726586287]}, "Class": {"std": 0.07615358856294092, "mean": 0.608369707163234, "err": 0.03405692015145728, "scores": [0.5099204620028875, 0.6647980152365678, 0.5216959511077158, 0.6855025028879477, 0.659931604581051]}, "Order": {"std": 0.045467077311804334, "mean": 0.6344554399514661, "err": 0.020333495121486578, "scores": [0.6336426626086703, 0.5743297452955126, 0.607096451774113, 0.6464033869694247, 0.7108049531096098]}, "Family": {"std": 0.054165390360806795, "mean": 0.6908706017744992, "err": 0.02422349897491517, "scores": [0.6982300166443389, 0.7497213779128673, 0.6485862785862787, 0.6115367351025848, 0.7462786006264267]}, "Genus": {"std": 0.04141074580746135, "mean": 0.749631281695634, "err": 0.018519448524889598, "scores": [0.7836682405306873, 0.6708215709286219, 0.7477458147392788, 0.7654532417749097, 0.780467540504672]}, "Species": {"std": 0.013134782085731732, "mean": 0.8051874931820076, "err": 0.005874053122668524, "scores": [0.7970048279431575, 0.808955177457174, 0.8199617853294141, 0.7840465770755071, 0.8159690981047852]}}, "weight_decay": 0.01, "n_epochs": 100, "hidden_dim": 512, "alpha": 10, "lr": 1e-05, "batch_size": 20, "early_stopping": 1, "n_classes": 3, "input_dim": 9103, "feature_type": "KO", "model_class": "nonlinear", "binary": 0}