{"scores": {"Phylum": {"std": 0.06010887558227965, "mean": 0.4824096129923645, "err": 0.026881506370610906, "scores": [0.4686493111150645, 0.39190353143841516, 0.49273193624371153, 0.5802018867553711, 0.4785613994092604]}, "Class": {"std": 0.08671475765056123, "mean": 0.4417155040680784, "err": 0.038780018551814975, "scores": [0.3500370370370371, 0.3544632629684176, 0.4343396739910688, 0.48920760192596724, 0.5805299444179014]}, "Order": {"std": 0.04464976942116412, "mean": 0.5987893112293938, "err": 0.019967983921082882, "scores": [0.6423034473244003, 0.5305281921380992, 0.6451171216717223, 0.6107565011820331, 0.5652412938307144]}, "Family": {"std": 0.04851370406511923, "mean": 0.6273281433734991, "err": 0.021695988025982896, "scores": [0.7157852777039596, 0.6388871589590563, 0.611672278338945, 0.5869068375801735, 0.5833891642853611]}, "Genus": {"std": 0.022794402013749424, "mean": 0.6771094076330082, "err": 0.010193966481840361, "scores": [0.6755205849626451, 0.7091771283528847, 0.6957682791526064, 0.6501273236567354, 0.6549537220401688]}, "Species": {"std": 0.022348786844326386, "mean": 0.7337895153892087, "err": 0.009994681319713362, "scores": [0.7530148423005566, 0.7213282228779594, 0.7167068355187167, 0.7104235056334681, 0.7674741706153423]}}, "C": 100, "penalty": "l2", "max_iter": 10000, "feature_type": "embedding.geneset.oxygen", "model_class": "logistic", "binary": 0}