{"scores": {"Phylum": {"std": 0.09170189858868658, "mean": 0.40487528787134314, "err": 0.04101033578201904, "scores": [0.29165903271403165, 0.29356772572106854, 0.47600978960893275, 0.48427538436337264, 0.4788645069493098]}, "Class": {"std": 0.08479465352799134, "mean": 0.38938878038587577, "err": 0.0379213218834262, "scores": [0.2869035087719298, 0.2995819141895058, 0.45486519852086155, 0.402527924750147, 0.5030653556969347]}, "Order": {"std": 0.04518513705505031, "mean": 0.4197325418825916, "err": 0.02020740760554743, "scores": [0.37296680895724216, 0.45734634391621687, 0.37931267766970905, 0.4012506435815462, 0.48778623528824366]}, "Family": {"std": 0.038847959099529476, "mean": 0.47813471878492014, "err": 0.017373335466735886, "scores": [0.47255792562155485, 0.48733132450254785, 0.5472052714510814, 0.43883525041222154, 0.4447438219371951]}, "Genus": {"std": 0.02617158553976704, "mean": 0.5312275345079172, "err": 0.011704288869173926, "scores": [0.5252239617295383, 0.5753201677484184, 0.5423108793292771, 0.5141497605642917, 0.4991329031680602]}, "Species": {"std": 0.014764768729395911, "mean": 0.5926337941749722, "err": 0.0066030053101984905, "scores": [0.5818406253373066, 0.6138565458144036, 0.5986846613171078, 0.5711519928409169, 0.5976351455651261]}}, "weight_decay": 0.01, "n_epochs": 100, "hidden_dim": 512, "alpha": 10, "lr": 1e-05, "batch_size": 20, "early_stopping": 1, "n_classes": 3, "input_dim": 25, "feature_type": "cds_2mer", "model_class": "nonlinear", "binary": 0}