{"scores": {"Phylum": {"std": 0.05996747955237981, "mean": 0.42852699196769867, "err": 0.026818272143689984, "scores": [0.352999477104977, 0.45322304195543633, 0.3660509827619108, 0.511100307181985, 0.45926115083418456]}, "Class": {"std": 0.04871752205571397, "mean": 0.4017157703788986, "err": 0.021787138202384343, "scores": [0.3417348520590416, 0.41975740309073645, 0.35788417931275074, 0.41036494369827703, 0.4788374737336872]}, "Order": {"std": 0.028144515296215217, "mean": 0.507303473314044, "err": 0.01258660987922397, "scores": [0.5059878281597738, 0.5000731712847023, 0.5213778155635326, 0.4615672393450172, 0.5475113122171945]}, "Family": {"std": 0.007387800358893571, "mean": 0.539589182606486, "err": 0.0033039247613366736, "scores": [0.5408714716360646, 0.5483065300624964, 0.5466399705422075, 0.5313717543315916, 0.53075618646007]}, "Genus": {"std": 0.013654239741089707, "mean": 0.5869475088774954, "err": 0.006106361648431142, "scores": [0.5984487883549635, 0.5991792065663475, 0.5965503569643015, 0.5691741229283892, 0.5713850695734753]}, "Species": {"std": 0.017533879415767104, "mean": 0.6096096409089068, "err": 0.007841389256587908, "scores": [0.5900974025974026, 0.6015150451117186, 0.6265708896002057, 0.6342532321282878, 0.5956116351069192]}}, "C": 100, "penalty": "l2", "max_iter": 10000, "feature_type": "nt_3mer", "model_class": "logistic", "binary": 0}