{"scores": {"Phylum": {"std": 0.07952671992311047, "mean": 0.48308591679983426, "err": 0.03556543035513237, "scores": [0.4070288510165179, 0.5046287666977323, 0.3737605919314219, 0.5650110048947145, 0.5650003694587847]}, "Class": {"std": 0.10365313739694294, "mean": 0.48450787587611055, "err": 0.046355092260138, "scores": [0.344715313688473, 0.4993337140681515, 0.4108677255777291, 0.5174302858177059, 0.650192340228493]}, "Order": {"std": 0.03516777483973436, "mean": 0.5258637913887801, "err": 0.01572750703181056, "scores": [0.47100617587582666, 0.5757979980116203, 0.5220687893224968, 0.547952514339069, 0.5124934793948879]}, "Family": {"std": 0.03244622824945755, "mean": 0.5503505090227913, "err": 0.014510394395852217, "scores": [0.5591906186326787, 0.48617933211882974, 0.5700722394220846, 0.5634253747290655, 0.5728849802112975]}, "Genus": {"std": 0.029794021998533374, "mean": 0.5605566920757076, "err": 0.013324291702368951, "scores": [0.5980957006187098, 0.5076705335254126, 0.5692685047193243, 0.5720715027943943, 0.555677218720697]}, "Species": {"std": 0.010611369301537402, "mean": 0.5851895730309098, "err": 0.004745548618518418, "scores": [0.5978018781683703, 0.5766715815644695, 0.570229145676716, 0.5856967404676605, 0.5955485192773328]}}, "C": 100, "penalty": "l2", "max_iter": 10000, "feature_type": "chemical", "model_class": "logistic", "binary": 0}