{"scores": {"Phylum": {"std": 0.04580392250789181, "mean": 0.42311609883182993, "err": 0.020484136872755746, "scores": [0.4018422190575124, 0.4039982750519737, 0.4627844363383707, 0.4871098838524482, 0.3598456798588446]}, "Class": {"std": 0.07388474383784958, "mean": 0.413777555775774, "err": 0.03304226194431807, "scores": [0.3572631578947368, 0.33774898425535405, 0.4698280057805633, 0.373750734861846, 0.5302968960863698]}, "Order": {"std": 0.05239436369231188, "mean": 0.4780235587184761, "err": 0.023431471770771248, "scores": [0.44481648552369996, 0.48238660915611914, 0.43420331282304575, 0.45093708814609806, 0.5777742979434178]}, "Family": {"std": 0.039227061707213046, "mean": 0.4681667294505824, "err": 0.017542875306981464, "scores": [0.4527413539589502, 0.5226458203638376, 0.506382084706107, 0.43412731522869197, 0.4249370729953254]}, "Genus": {"std": 0.03346974505845653, "mean": 0.5368680660337732, "err": 0.014968125028059295, "scores": [0.48681584701180786, 0.5647223333025727, 0.5777039987088664, 0.5120769429884166, 0.5430212081572025]}, "Species": {"std": 0.01297103447639927, "mean": 0.558965445758256, "err": 0.0058008229655444315, "scores": [0.5654095442967071, 0.5420649595364258, 0.5522869862697978, 0.5548308513648914, 0.5802348873234577]}}, "C": 100, "penalty": "l2", "max_iter": 10000, "feature_type": "cds_2mer", "model_class": "logistic", "binary": 0}