{"scores": {"Phylum": {"std": 0.08326764174787128, "mean": 0.5544844296721818, "err": 0.016653528349574256, "scores": [0.5408981350992175, 0.5655278975262289, 0.6197743671227679, 0.6091389740346097, 0.6538765934417813, 0.7049975747314917, 0.5560653424650815, 0.6167023775183744, 0.547520477621807, 0.4508286429018136, 0.6090676883780333, 0.5712703240584281, 0.5302843861088323, 0.6605267704396418, 0.5297509856967375, 0.5260727479397556, 0.5020242914979757, 0.5714815804316206, 0.5210276679841898, 0.6229601116606766, 0.5814998726763432, 0.5724820049584672, 0.3268665490887713, 0.35777777777777775, 0.5136876006441223]}, "Class": {"std": 0.07236267466567751, "mean": 0.5440329632804997, "err": 0.014472534933135503, "scores": [0.515775435857403, 0.589138343925578, 0.5015345911949686, 0.5034079451502319, 0.5578852279750868, 0.48355311355311353, 0.5163691100879138, 0.3544461003477397, 0.6197332351178505, 0.6495505213951815, 0.6419696903493771, 0.5404761904761904, 0.5109073708606623, 0.46609686609686607, 0.5073260073260073, 0.6243114079749046, 0.4549018762543888, 0.4814040475992241, 0.6040273140769866, 0.636504213648109, 0.502534630120837, 0.560506905210295, 0.6718424682313571, 0.5458527027655071, 0.5607687664167121]}, "Order": {"std": 0.04665544248867732, "mean": 0.6096583667900449, "err": 0.009331088497735463, "scores": [0.7025784998021091, 0.6744993199193283, 0.5954047366560622, 0.5653819645466326, 0.6111633249791145, 0.6440291142363681, 0.6482492384909612, 0.5007783334227399, 0.6332371037158272, 0.5830642557313529, 0.5826436781609196, 0.5289535739010038, 0.6009549420630071, 0.6095529273720762, 0.628720930565949, 0.5924777903272028, 0.5610120504393632, 0.6243480908374526, 0.5917454739679243, 0.6541557174040254, 0.5567002861826568, 0.6309943408595842, 0.6091609225851916, 0.6155660774965779, 0.6960864760876926]}, "Family": {"std": 0.04771305703489861, "mean": 0.6476501861084115, "err": 0.009542611406979722, "scores": [0.6348569506477426, 0.6465381171882328, 0.6942627052796544, 0.699759668679774, 0.6539650013010669, 0.6479117415287629, 0.6596812544180966, 0.5405175409150603, 0.6307027549231683, 0.6480669318826314, 0.6579531455378951, 0.6273377510208064, 0.6673666417786627, 0.6224747474747475, 0.6222572503155027, 0.628770821431372, 0.6217851175557942, 0.6229054587351556, 0.7136920327923456, 0.7962842712842712, 0.653808410337315, 0.6258962603380078, 0.6584740377632534, 0.6621213323999702, 0.5538647071809998]}, "Genus": {"std": 0.039326215002960595, "mean": 0.6948555334602122, "err": 0.00786524300059212, "scores": [0.6859259259259259, 0.7726681614936751, 0.647905356292453, 0.6450653500103284, 0.7553396358543417, 0.6824688163296989, 0.7240277003940844, 0.6934646613999326, 0.7252354048964218, 0.6720020351883321, 0.6992803472534052, 0.7116426934379437, 0.7447508405005224, 0.6611146169366457, 0.6865001122118559, 0.7200703413712849, 0.6397258724139024, 0.6826328440733668, 0.7219721045197739, 0.6961693865347413, 0.756532394463429, 0.7202667430608608, 0.6264766219233266, 0.6545047852172904, 0.6456455848017643]}, "Species": {"std": 0.017830803808989503, "mean": 0.7399766098688179, "err": 0.0035661607617979004, "scores": [0.7454075665353862, 0.7615576072385251, 0.74164028641417, 0.7318509451924385, 0.7263029782359679, 0.7200141966933011, 0.7616589686077587, 0.7475705875610453, 0.7758890643561984, 0.7164384106181951, 0.7091140423077468, 0.7175689972300142, 0.7318928867853999, 0.730027516592728, 0.7367150362558766, 0.7412573508136648, 0.7391767309624658, 0.736287330490229, 0.7510081684188826, 0.784556472428326, 0.7199803786286839, 0.7445819621886697, 0.7358578090285407, 0.7551602986385596, 0.7378996544976756]}}, "feature_type": "embedding.geneset.oxygen", "model_class": "logistic", "binary": 0}