{"scores": {"Phylum": {"std": 0.06641720745488112, "mean": 0.5945258489321695, "err": 0.013283441490976225, "scores": [0.6333793526614512, 0.6454090888977388, 0.6336921850079745, 0.6304301161823499, 0.6706826284280196, 0.42105263157894735, 0.6086956521739131, 0.6363058525872852, 0.5938117833135627, 0.6386537767259016, 0.6097356605324733, 0.5897435897435898, 0.5525252525252525, 0.598664673893269, 0.6218470857669444, 0.4099496994233836, 0.4774774774774775, 0.6070236959696667, 0.6143037132125707, 0.6470540379861698, 0.6146209725200905, 0.5206068840579711, 0.6300175690355806, 0.6176014265170371, 0.6398614170856164]}, "Class": {"std": 0.026051753762570982, "mean": 0.6112192733330755, "err": 0.005210350752514197, "scores": [0.6484279104900387, 0.6140724946695095, 0.6206508276095034, 0.6028645076264124, 0.6200907265672917, 0.588671650373778, 0.5707597767789286, 0.6517841568861976, 0.6501004016064257, 0.5860868213245514, 0.6162964119105839, 0.5964778966918839, 0.5867663061960144, 0.6188649107521838, 0.6074074074074074, 0.6326854460093897, 0.6118177000529942, 0.6310195903226243, 0.5581766381766382, 0.6340474301331217, 0.5873939393939395, 0.6342392258422792, 0.6337387881007587, 0.6182681992337165, 0.5597726691707144]}, "Order": {"std": 0.023206287881451147, "mean": 0.6148542592557181, "err": 0.004641257576290229, "scores": [0.6195217057835287, 0.5984881991073941, 0.6188095912394979, 0.6471727212994135, 0.6209982449770032, 0.6186555415617129, 0.581787561650427, 0.6187182654041443, 0.5753109846088974, 0.6209876543209877, 0.6440934124927654, 0.6144000403928201, 0.6173316260575231, 0.6462230466760284, 0.5744493212100942, 0.6228800814097436, 0.6179143047884342, 0.6090462565841116, 0.6778637261356155, 0.5873492781215295, 0.5993508137162937, 0.6230451577210713, 0.596472085833788, 0.623505770574525, 0.5969810897256046]}, "Family": {"std": 0.03352981396389566, "mean": 0.6392397868880207, "err": 0.0067059627927791325, "scores": [0.6673367011219237, 0.6811428734385107, 0.6945546737213403, 0.6346375143843498, 0.6397755398649131, 0.6302905513612446, 0.6288462911401442, 0.5834914816299775, 0.6179813724777753, 0.613992623328723, 0.6234722694956935, 0.6506360667010486, 0.6066333915390519, 0.7464637879283188, 0.6486634268713914, 0.6157533523387182, 0.6450010773540185, 0.6319727891156462, 0.6247863247863249, 0.605101219231654, 0.6237178697642697, 0.6170173128989791, 0.6862078305118642, 0.6306932221707581, 0.6328251090238783]}, "Genus": {"std": 0.019740553015555575, "mean": 0.6504829669917787, "err": 0.003948110603111115, "scores": [0.6646313387894431, 0.6856080418437398, 0.6518541451668386, 0.6962911553626858, 0.6369930523140307, 0.65294421347246, 0.6441425957554989, 0.6415882885570577, 0.6282932460563112, 0.6354494234800839, 0.6403860028860029, 0.6813416521906489, 0.6603189173645772, 0.6351706036745407, 0.6182514998687859, 0.6272642453749483, 0.6285608527510589, 0.6410775709902566, 0.6734863736102893, 0.6617353317456733, 0.6693334578043316, 0.6449077238550922, 0.6553674289262643, 0.6591483044365077, 0.6279287085173385]}, "Species": {"std": 0.011532384967718013, "mean": 0.6570936104533789, "err": 0.0023064769935436024, "scores": [0.6578940387814575, 0.6431274888316558, 0.6448375112556427, 0.6441258413893093, 0.6647008009723662, 0.6655472747527224, 0.6616949843521415, 0.6730214893698232, 0.6702022996987026, 0.6618376469736369, 0.6625628645498775, 0.6437270853099998, 0.6535581469702324, 0.6593915343915344, 0.6450221945271449, 0.6699810682457471, 0.656919111816019, 0.6860849173032304, 0.6536056976456066, 0.6565965843369396, 0.6596756392615526, 0.6527199759757899, 0.6296371672973574, 0.6511904370146111, 0.6596784603113717]}}, "feature_type": "metadata", "model_class": "logistic", "binary": 0}