{"scores": {"Phylum": {"std": 0.022023889596520123, "mean": 0.6071878901065053, "err": 0.009849382853353881, "scores": [0.5825086451747665, 0.6411348885033096, 0.5904517146132999, 0.5975840634030062, 0.624260138838144]}, "Class": {"std": 0.03966238912612531, "mean": 0.5928199745097373, "err": 0.017737559647212933, "scores": [0.5176205101281883, 0.6096656976744187, 0.5992657669128257, 0.6023723954990802, 0.635175502334174]}, "Order": {"std": 0.03382428646770356, "mean": 0.6133296831971324, "err": 0.01512668076644228, "scores": [0.6376559537862904, 0.6463900181711787, 0.5876045716978909, 0.5596000435623077, 0.6353978287679946]}, "Family": {"std": 0.024258212539346964, "mean": 0.630575762131817, "err": 0.01084860245012352, "scores": [0.6445012787723785, 0.6092198581560284, 0.628087318087318, 0.6020917497082324, 0.6689786059351276]}, "Genus": {"std": 0.016859959984168865, "mean": 0.6602436058011185, "err": 0.007540003324505572, "scores": [0.6903706880121975, 0.6392618496315328, 0.6517470381849466, 0.6606312567220981, 0.6592071964548176]}, "Species": {"std": 0.013378436766461017, "mean": 0.6586605078112485, "err": 0.005983018808497862, "scores": [0.6633247875733398, 0.6606676831919175, 0.6490509099623886, 0.640476743735719, 0.6797824145928776]}}, "C": 100, "penalty": "l2", "max_iter": 10000, "feature_type": "metadata", "model_class": "logistic", "binary": 0}