{"scores": {"Phylum": {"std": 0.096011398762426, "mean": 0.5955294046461223, "err": 0.04293760284952474, "scores": [0.5343355274862125, 0.6252512202124605, 0.46739730130205864, 0.7537798328561746, 0.5968831413737054]}, "Class": {"std": 0.0761501669243092, "mean": 0.5872573065998662, "err": 0.03405538994814229, "scores": [0.4800740740740741, 0.5939923907707413, 0.5237993760463209, 0.6699595515739242, 0.6684611405342705]}, "Order": {"std": 0.03894166907472247, "mean": 0.6112347527205445, "err": 0.017415243841676156, "scores": [0.5860724530210795, 0.547395226032997, 0.6321971170050038, 0.652985477879095, 0.6375234896645475]}, "Family": {"std": 0.07076052687504399, "mean": 0.663741938011154, "err": 0.031645069643259825, "scores": [0.8033037023204442, 0.6206210875060345, 0.6174442841109508, 0.6508711481778046, 0.626469467940536]}, "Genus": {"std": 0.0475111333252747, "mean": 0.7260549444856992, "err": 0.02124762476067397, "scores": [0.7381274837068829, 0.6444032837117833, 0.7567908963547344, 0.7082293523469994, 0.7827237063080963]}, "Species": {"std": 0.02239396665723948, "mean": 0.7921856870954753, "err": 0.010014886346290242, "scores": [0.7868119975262832, 0.8311561042605572, 0.7628455153207628, 0.7833501762933665, 0.7967646420764068]}}, "weight_decay": 0.01, "n_epochs": 100, "hidden_dim": 512, "alpha": 10, "lr": 1e-05, "batch_size": 20, "early_stopping": 1, "n_classes": 3, "input_dim": 1024, "feature_type": "embedding.geneset.oxygen", "model_class": "nonlinear", "binary": 0}