{"scores": {"Phylum": {"std": 0.09381289288993695, "mean": 0.49255360340319965, "err": 0.01876257857798739, "scores": [0.5563398573904782, 0.6761290322580645, 0.3708545918367347, 0.4547413793103448, 0.27777777777777773, 0.4974858342315725, 0.3540461731251205, 0.44668902151513273, 0.6076628352490422, 0.48695236482785403, 0.46133518028629966, 0.542569151429911, 0.49825966374420383, 0.6529175050301811, 0.5070634673101212, 0.5184210526315789, 0.3996258821475948, 0.5607253370411266, 0.5497835497835498, 0.42369338607375034, 0.39199664781060134, 0.5389193351495994, 0.4073312865995793, 0.608066748066748, 0.5244530244530244]}, "Class": {"std": 0.07714454323337762, "mean": 0.5345245950204262, "err": 0.015428908646675524, "scores": [0.5869577518443868, 0.49432434941528963, 0.5991611302063083, 0.6061100239182431, 0.4368115464994213, 0.5609500805152979, 0.6206826156299841, 0.6493265993265994, 0.39933493384301016, 0.4755814136910239, 0.544393535668638, 0.4606962481962482, 0.5209564126375689, 0.5718213287178804, 0.5175898411484855, 0.6621401515151515, 0.50609176177358, 0.6587817484224879, 0.5451945588346186, 0.5070769941459596, 0.5516327419581091, 0.5645692524600648, 0.3852489476153054, 0.3995714022269279, 0.5381095053000637]}, "Order": {"std": 0.05480278251128519, "mean": 0.5407787532697392, "err": 0.010960556502257038, "scores": [0.5375129093007716, 0.5994771454219253, 0.6289978644557502, 0.55953868973218, 0.5135544544443321, 0.5848252572031444, 0.51887489435006, 0.5329941909649766, 0.6017639423450593, 0.40999134480147137, 0.5237673239882791, 0.49801070700980254, 0.5292603527897645, 0.475606904385892, 0.49670905587668596, 0.5002490137377241, 0.6143642305407012, 0.5289392309205186, 0.5202264008370145, 0.5963969062441049, 0.5182267227721774, 0.5798868887104182, 0.44102000283728193, 0.5960647449019542, 0.6132096531714908]}, "Family": {"std": 0.06485417315053954, "mean": 0.6096785857209536, "err": 0.012970834630107907, "scores": [0.587467997951869, 0.630392907899037, 0.7088996234239698, 0.6009881149806523, 0.6436535015482384, 0.5932385819097928, 0.519107688793473, 0.6192786165956897, 0.5771001779811847, 0.5799725734720318, 0.43610056459955043, 0.5148963517797599, 0.6011171499718474, 0.6449371196452909, 0.7229075503368003, 0.5280296486024442, 0.5751477307029285, 0.7232264045104725, 0.643008288359332, 0.5851612797589809, 0.6221892502410443, 0.6421752623023497, 0.6775369532428356, 0.6378273482873877, 0.6276039561268764]}, "Genus": {"std": 0.04524400145056474, "mean": 0.6829822350732928, "err": 0.009048800290112947, "scores": [0.7044402334748687, 0.7109570403438458, 0.6458211428516615, 0.6280076247751497, 0.7261841559628422, 0.6229307831245264, 0.7012608745243205, 0.6996710526315789, 0.7201984572354942, 0.5995034377387318, 0.6495049139141358, 0.7565188340552998, 0.7773090863642045, 0.7109880958270609, 0.6533423995575683, 0.6868590994127475, 0.6764438768270186, 0.7217974905164867, 0.7110249626916293, 0.684974463468205, 0.590942445579815, 0.6406053472403249, 0.7125989122364621, 0.6605828276797283, 0.6820883187986139]}, "Species": {"std": 0.018858259020025758, "mean": 0.727975472223263, "err": 0.0037716518040051515, "scores": [0.6974621901244097, 0.7412964487512483, 0.7506374281552413, 0.6957837283924241, 0.7339322441560926, 0.7176309209351999, 0.7149216746811566, 0.7443670150987224, 0.7652690028531483, 0.7196522282948582, 0.6955246390506614, 0.7189846672369109, 0.6986096823467065, 0.749717062263502, 0.7424748069624395, 0.7388928584050536, 0.7320474181233675, 0.7267143192724589, 0.7320326188657426, 0.7397310338694704, 0.7314550452832584, 0.7168305049377076, 0.7473687361080262, 0.7424100256549885, 0.705640505758779]}}, "weight_decay": 0.01, "n_epochs": 100, "hidden_dim": 512, "alpha": 10, "lr": 0.0001, "batch_size": 20, "early_stopping": 0, "n_classes": 3, "input_dim": 555, "feature_type": "cds_4mer", "model_class": "nonlinear", "binary": 0}