{"scores": {"Phylum": {"std": 0.06394876270689417, "mean": 0.563330686357195, "err": 0.028598756097923766, "scores": [0.4630254605719746, 0.6265278581068054, 0.5174770690014593, 0.625406748891998, 0.5842162952137376]}, "Class": {"std": 0.04444976882771658, "mean": 0.571777743467489, "err": 0.019878540936585084, "scores": [0.5132194076212976, 0.6361041499599037, 0.5375392581274935, 0.5668506396269201, 0.6051752620018302]}, "Order": {"std": 0.06618167962215085, "mean": 0.5795643066379773, "err": 0.02959734690004838, "scores": [0.5071488547270038, 0.49770165388524434, 0.6014407430431126, 0.6646185575430857, 0.6269117239914398]}, "Family": {"std": 0.07064714226769529, "mean": 0.6288324791769818, "err": 0.03159436250533306, "scores": [0.6009621239800268, 0.6459276145446359, 0.5725756525756526, 0.5662375898034394, 0.7584594149811541]}, "Genus": {"std": 0.04679188623184647, "mean": 0.7100266396053754, "err": 0.020925967681969037, "scores": [0.7612499000965222, 0.623152905974773, 0.7185916605851247, 0.7365378781611097, 0.7106008532093471]}, "Species": {"std": 0.023509951666908696, "mean": 0.7699848259391395, "err": 0.010513970014988466, "scores": [0.7686289888977905, 0.7857968518820916, 0.783416235039788, 0.7248763926003382, 0.7872056612756895]}}, "weight_decay": 0.01, "n_epochs": 100, "hidden_dim": 512, "alpha": 10, "lr": 1e-05, "batch_size": 20, "early_stopping": 1, "n_classes": 3, "input_dim": 8675, "feature_type": "aa_3mer", "model_class": "nonlinear", "binary": 0}