{"scores": {"Phylum": {"std": 0.09952948671499971, "mean": 0.4712244260459735, "err": 0.044510939612080316, "scores": [0.42821660343639484, 0.5803418803418804, 0.29993746091307066, 0.5450727003763404, 0.5025534851621808]}, "Class": {"std": 0.10167072951608032, "mean": 0.4874607978227984, "err": 0.045468532503989974, "scores": [0.375047119044494, 0.592766807003475, 0.35546642899584074, 0.5362597869336414, 0.5777638471365408]}, "Order": {"std": 0.0555902591710288, "mean": 0.5437090067383333, "err": 0.0248607196786503, "scores": [0.5688606758989626, 0.5774873725707598, 0.4742096431459067, 0.48269215061667897, 0.6152951914593588]}, "Family": {"std": 0.04668565411189422, "mean": 0.5702915778059123, "err": 0.02087845923364761, "scores": [0.5837900377542321, 0.48298153776877184, 0.5801640101640101, 0.624066285930008, 0.5804560174125392]}, "Genus": {"std": 0.06263727793508721, "mean": 0.6036115823424952, "err": 0.02801224227768053, "scores": [0.6792714116207725, 0.49203671984859537, 0.6281302098295563, 0.5895907448774165, 0.6290288255361358]}, "Species": {"std": 0.006748552657917768, "mean": 0.6372247109195468, "err": 0.0030180444985682025, "scores": [0.6408268970826575, 0.6310586636863674, 0.6412906744139412, 0.6275557362870016, 0.6453915831277663]}}, "C": 100, "penalty": "l2", "max_iter": 10000, "feature_type": "aa_1mer", "model_class": "logistic", "binary": 0}