{"scores": {"Phylum": {"std": 0.08718644994546779, "mean": 0.532146273636274, "err": 0.038990965758989755, "scores": [0.4210155610687199, 0.48922948396632604, 0.49270703043568903, 0.5868094555003888, 0.6709698372102464]}, "Class": {"std": 0.08674079652967114, "mean": 0.5081222972928612, "err": 0.0387916634925645, "scores": [0.3663392396202476, 0.4517901296444801, 0.5496180290297937, 0.5730650750866385, 0.599799013083146]}, "Order": {"std": 0.051685871125641256, "mean": 0.5384180516308535, "err": 0.023114624262645482, "scores": [0.4481526555576359, 0.530688117897071, 0.5554511362205076, 0.5507745922840263, 0.6070237561950269]}, "Family": {"std": 0.02350033565278178, "mean": 0.6036079182513512, "err": 0.010509669602736391, "scores": [0.5854950675922542, 0.6066109422492402, 0.5813398013398013, 0.6470941782280323, 0.5974996018474279]}, "Genus": {"std": 0.03389879652528109, "mean": 0.6542530075395679, "err": 0.015160002677192436, "scores": [0.6640007807841041, 0.6147955191846143, 0.711319608378432, 0.6557885882904498, 0.6253605410602393]}, "Species": {"std": 0.015357799047903175, "mean": 0.7286319239120234, "err": 0.006868216531178609, "scores": [0.7315334322198807, 0.7064145005418405, 0.751905598025358, 0.7186598763280534, 0.7346462124449843]}}, "C": 100, "penalty": "l2", "max_iter": 10000, "feature_type": "aa_2mer", "model_class": "logistic", "binary": 0}