{"scores": {"Phylum": {"std": 0.06685251767561046, "mean": 0.5747815810297247, "err": 0.02989735479793424, "scores": [0.451133803004586, 0.6406721933037722, 0.6124641703147801, 0.6082120088133103, 0.5614257297121746]}, "Class": {"std": 0.0870308986621269, "mean": 0.5964640132529755, "err": 0.03892140111028225, "scores": [0.43514739467121677, 0.6747527399091152, 0.609205500381971, 0.5923180592991913, 0.670896372003383]}, "Order": {"std": 0.032919642320660795, "mean": 0.6160423942561633, "err": 0.014722111604795293, "scores": [0.6338394099262452, 0.6094160968924204, 0.5955144379029997, 0.5728007841215388, 0.6686412424376118]}, "Family": {"std": 0.06320770728046897, "mean": 0.6202570857563415, "err": 0.028267346036207393, "scores": [0.646125116713352, 0.5845041089721941, 0.578011088011088, 0.5600523455357821, 0.7325927695492913]}, "Genus": {"std": 0.03134894318124667, "mean": 0.67734067658156, "err": 0.014019673595209212, "scores": [0.7340016107514585, 0.6589539653841681, 0.6808177755890173, 0.6719822950277158, 0.640947736155441]}, "Species": {"std": 0.01681372261692391, "mean": 0.6852701175169125, "err": 0.007519325345253504, "scores": [0.709064728764012, 0.6885802082957792, 0.696041993749358, 0.6675596736506462, 0.6651039831247673]}}, "weight_decay": 0.01, "n_epochs": 100, "hidden_dim": 512, "alpha": 10, "lr": 1e-05, "batch_size": 20, "early_stopping": 1, "n_classes": 3, "input_dim": 4, "feature_type": "metadata", "model_class": "nonlinear", "binary": 0}