{"scores": {"Phylum": {"std": 0.06140421712049955, "mean": 0.5521141171794863, "err": 0.012280843424099911, "scores": [0.5971295298326823, 0.6043680630146796, 0.46441974666056995, 0.6394017122396914, 0.5657518758351321, 0.6127838733743821, 0.4901709401709402, 0.5380152361766181, 0.4777905382816186, 0.5204798394453567, 0.4847799543451717, 0.4843793545713606, 0.5778280542986426, 0.6118780557952258, 0.6886030636030637, 0.46595161554257, 0.5105885043069246, 0.572870743083509, 0.47927118171683386, 0.5484421838911003, 0.6288881547188777, 0.6184981684981685, 0.50866630176975, 0.5742150788940001, 0.5376811594202898]}, "Class": {"std": 0.07010978867026632, "mean": 0.5619889652723103, "err": 0.014021957734053264, "scores": [0.596058046350444, 0.5070707070707071, 0.6487922705314009, 0.5792453022373046, 0.7043422733077905, 0.6364015994956912, 0.6043316631647002, 0.5786047909729929, 0.42795284202115963, 0.5598054184477936, 0.604265519968367, 0.6864145658263304, 0.5444318038174694, 0.5831515151515151, 0.5340959614322288, 0.4324927536231884, 0.47483368347338945, 0.5882385730211817, 0.5174190950235485, 0.5833747583540458, 0.5433434959349593, 0.5380522002228724, 0.6032113251967467, 0.4377276602340541, 0.5360663069278766]}, "Order": {"std": 0.07968380284869, "mean": 0.5638309417436611, "err": 0.015936760569738, "scores": [0.5639669407453333, 0.5850453077326095, 0.6054213314459743, 0.657037037037037, 0.5733052806444282, 0.6646235125902547, 0.7129515154144254, 0.4655416948001874, 0.3794880704505188, 0.6290486797224183, 0.4331088150207842, 0.643209726187845, 0.4816838905775076, 0.5322312995694047, 0.48565591970867755, 0.5687361911149688, 0.6030621083774875, 0.5329747053396982, 0.6177500885411636, 0.4804656676352202, 0.47382920383021393, 0.5575700668658415, 0.5852605915946083, 0.630825387892232, 0.6329805107526882]}, "Family": {"std": 0.047430969400791514, "mean": 0.6891349648039276, "err": 0.009486193880158303, "scores": [0.6608222926900477, 0.6869635537689128, 0.691552743486661, 0.6187320152232433, 0.6974396357327365, 0.6071659194479806, 0.7810244637607956, 0.6792890662528176, 0.7287552213868004, 0.7237864842906859, 0.6990735987283551, 0.6589285714285714, 0.7185884860042163, 0.7037077505827506, 0.6467150828707388, 0.6234005645293227, 0.7797291755541372, 0.6706759372793528, 0.6480766177429956, 0.7846912966530191, 0.641795107345786, 0.692213684162008, 0.6836003937466509, 0.7343186401613369, 0.6673278172682663]}, "Genus": {"std": 0.04561052989457154, "mean": 0.7391932636447532, "err": 0.009122105978914307, "scores": [0.7556884358405798, 0.8167155425219942, 0.7232354272486212, 0.723471933057065, 0.7671543016370602, 0.7793212290047733, 0.7936656416124341, 0.7135929795129887, 0.7107960137978678, 0.7231367046064827, 0.7866245646677162, 0.6668922443570331, 0.8185983546808289, 0.637153207308681, 0.7430494461409016, 0.7089230483634102, 0.7292602372107672, 0.7623468584916263, 0.8083668884382987, 0.7293187021268555, 0.6998172748612889, 0.7114115881934745, 0.7457187778183378, 0.7560471336658715, 0.6695250559538714]}, "Species": {"std": 0.019368662840626483, "mean": 0.799571834253245, "err": 0.0038737325681252968, "scores": [0.8115284421819173, 0.8236645618699457, 0.7761022381275545, 0.8105193186010712, 0.8013431013431013, 0.7608034496488507, 0.78957361634781, 0.8224570264043948, 0.7491107592394983, 0.7858049596566922, 0.8177479822871908, 0.8131807681760458, 0.8185319620891308, 0.8054226784499381, 0.790511348099535, 0.7997120166820118, 0.8101132745869588, 0.8104929430230635, 0.7807070707070708, 0.8251573491299519, 0.8025890398170191, 0.7940388862005517, 0.7926356282249231, 0.8187420808529966, 0.7788053545839012]}}, "weight_decay": 0.01, "n_epochs": 100, "hidden_dim": 512, "alpha": 10, "lr": 0.0001, "batch_size": 20, "early_stopping": 0, "n_classes": 3, "input_dim": 1024, "feature_type": "embedding.genome", "model_class": "nonlinear", "binary": 0}