{"scores": {"Phylum": {"std": 0.06449027017754187, "mean": 0.4148200956909016, "err": 0.02884092560086221, "scores": [0.3991988308079087, 0.2974178403755869, 0.45374552085321124, 0.4821822768842636, 0.44155600953353763]}, "Class": {"std": 0.07095661951421366, "mean": 0.40732333205770355, "err": 0.03173276493747396, "scores": [0.38729752196086364, 0.27982431149097814, 0.4583333333333333, 0.48065662732329395, 0.43050486618004863]}, "Order": {"std": 0.04871128868165242, "mean": 0.44401034672483686, "err": 0.021784350552758184, "scores": [0.3999651931778629, 0.5029550206150648, 0.38218629076838034, 0.43984718984718985, 0.4950980392156863]}, "Family": {"std": 0.05138549034461814, "mean": 0.4526716917533743, "err": 0.022980289893545048, "scores": [0.4485703845802503, 0.5069955091254346, 0.48324357912178956, 0.3573384501609002, 0.46721053577849697]}, "Genus": {"std": 0.029057202008121393, "mean": 0.46229811670563603, "err": 0.012994775785220566, "scores": [0.43033549906911356, 0.4864721082231342, 0.5051714025215306, 0.4537565879594158, 0.4357549857549858]}, "Species": {"std": 0.007669650499283702, "mean": 0.4695335364287718, "err": 0.003429971976012712, "scores": [0.4754329004329005, 0.45446055216128606, 0.47392930389673066, 0.47109070768668565, 0.4727542179662563]}}, "C": 100, "penalty": "l2", "max_iter": 10000, "feature_type": "nt_1mer", "model_class": "logistic", "binary": 0}