{"scores": {"Phylum": {"std": 0.09223065411884743, "mean": 0.4456519388048383, "err": 0.018446130823769485, "scores": [0.4611291486291486, 0.6656962440544529, 0.3533746195133704, 0.4001476559616095, 0.3702494048031806, 0.5714285714285715, 0.46655534908685903, 0.49955895324904437, 0.49899014778325124, 0.42492941848959925, 0.4135041647557062, 0.48504273504273504, 0.4333333333333333, 0.45474996400103546, 0.3324085955374678, 0.4705237769109371, 0.382476749877631, 0.3316837516201249, 0.36890675517856036, 0.4193040780141844, 0.36798889516280814, 0.4801703914063465, 0.4083020698744792, 0.7120143961045834, 0.36882930030193545]}, "Class": {"std": 0.07931443601024951, "mean": 0.43998691591957095, "err": 0.015862887202049904, "scores": [0.4046755840913144, 0.5626738623819453, 0.545751633986928, 0.4179993741815313, 0.44437243668012893, 0.3701396922303513, 0.3796296296296296, 0.5, 0.37510002758543176, 0.5417073114083983, 0.6648262429971988, 0.43899018232819076, 0.2909887566137566, 0.4348913021448047, 0.4524691358024691, 0.3888717168169223, 0.4402104537743851, 0.437285457282921, 0.37844967904344445, 0.42744027421192615, 0.35181835928528776, 0.50605613658711, 0.4504928592007244, 0.4575291750503017, 0.3373036146741733]}, "Order": {"std": 0.07008345761231236, "mean": 0.497321199520183, "err": 0.01401669152246247, "scores": [0.5953808876591752, 0.38614799446749654, 0.4059056414726195, 0.49711166652409416, 0.38113753508301573, 0.562952952952953, 0.5625870861164978, 0.5411490683229814, 0.4864036497323059, 0.500034800649166, 0.5252981795354678, 0.4478409341264596, 0.4660572608654839, 0.4919576808982014, 0.517673843557892, 0.5885079860487396, 0.5476763325264519, 0.4772857793185558, 0.37753784102238735, 0.5354024717153337, 0.48578601587845, 0.5062010836845273, 0.6379770114942528, 0.5350790704867957, 0.37393721386527146]}, "Family": {"std": 0.058158538741104264, "mean": 0.5397969646705977, "err": 0.011631707748220853, "scores": [0.5281138230554573, 0.5219235364396654, 0.5425645865313325, 0.4366813812917127, 0.591402797018273, 0.5676179551753084, 0.45709188620183383, 0.5599718359443759, 0.5097625256999351, 0.5156809424037069, 0.5538168258756494, 0.579639861904853, 0.46871151121058413, 0.6072468185122563, 0.5059884537369325, 0.43657554976013396, 0.5593369107759556, 0.5368857868857869, 0.5838779001869946, 0.6153742937853107, 0.651740333941421, 0.6060021214232364, 0.5249253025263926, 0.43988882670538265, 0.5941023497724528]}, "Genus": {"std": 0.03346199155262257, "mean": 0.5988501530648852, "err": 0.006692398310524514, "scores": [0.6299173615806476, 0.5161994866319878, 0.5820251034544549, 0.6090381140427851, 0.5851149925271587, 0.6060996259600934, 0.5881469543441374, 0.6426344717117249, 0.6251352185393996, 0.5649672612877418, 0.5987437533829286, 0.6111275002919911, 0.6543777006506123, 0.5464804063860668, 0.5986335919420173, 0.6356076074921467, 0.634750758140859, 0.5592693236714976, 0.630846754398467, 0.6138763197586726, 0.5449192051953409, 0.6071354772562667, 0.6139492842949271, 0.6053113553113553, 0.5669461983688503]}, "Species": {"std": 0.02350243472882835, "mean": 0.6327110185864301, "err": 0.00470048694576567, "scores": [0.6457680199575847, 0.6209014900658986, 0.6218254098480207, 0.6476112920738328, 0.6324876666495963, 0.6225309223389428, 0.6311262018141379, 0.6311549284075216, 0.6657975918977905, 0.6193344244408073, 0.6467847096889582, 0.6159496781448001, 0.6425231042047947, 0.5913379830046497, 0.6401431245534841, 0.6718046212702347, 0.624610619732571, 0.6284832780541736, 0.6659299578577246, 0.627112817109409, 0.5816675976622679, 0.6637801441420211, 0.6616986794717887, 0.6324116947350222, 0.5849995075347189]}}, "weight_decay": 0.01, "n_epochs": 100, "hidden_dim": 512, "alpha": 10, "lr": 0.0001, "batch_size": 20, "early_stopping": 0, "n_classes": 3, "input_dim": 25, "feature_type": "cds_2mer", "model_class": "nonlinear", "binary": 0}