{"scores": {"Phylum": {"std": 0.06238806270042486, "mean": 0.4401956878757865, "err": 0.027900789836533813, "scores": [0.34827606418283175, 0.38188865548567, 0.4832059742736025, 0.49107762151030815, 0.4965301239265201]}, "Class": {"std": 0.0769393238209116, "mean": 0.4238166693732948, "err": 0.03440831164128544, "scores": [0.34707894736842104, 0.3154745858515588, 0.4678273357042501, 0.487854203409759, 0.500848274532485]}, "Order": {"std": 0.04864181766112369, "mean": 0.4284899421693438, "err": 0.02175328216788448, "scores": [0.38940692077139655, 0.4893346218210102, 0.38479996777205033, 0.3922771189043534, 0.48663108157790824]}, "Family": {"std": 0.06468688470074178, "mean": 0.4522289242559001, "err": 0.028928854288709952, "scores": [0.44663952504683063, 0.47800337495100415, 0.5444415795253784, 0.3440367754666878, 0.44802336628959943]}, "Genus": {"std": 0.04187270789686836, "mean": 0.5114076460135684, "err": 0.01872604425187798, "scores": [0.4610311273341989, 0.5146585048243051, 0.5875205593875671, 0.49534071054164247, 0.4984873279801283]}, "Species": {"std": 0.005864758337006065, "mean": 0.5391752766105535, "err": 0.0026227996626308364, "scores": [0.5385149649613238, 0.5318518694286912, 0.534613290676394, 0.5484812443750973, 0.542415013611261]}}, "weight_decay": 0.01, "n_epochs": 100, "hidden_dim": 512, "alpha": 10, "lr": 1e-05, "batch_size": 20, "early_stopping": 1, "n_classes": 3, "input_dim": 5, "feature_type": "cds_1mer", "model_class": "nonlinear", "binary": 0}