{"scores": {"Phylum": {"std": 0.04524768494986237, "mean": 0.43287438717681104, "err": 0.020235379874477284, "scores": [0.36327470359365677, 0.4801848125791788, 0.414513562008354, 0.48475127603162926, 0.42164758167123634]}, "Class": {"std": 0.030556694504436013, "mean": 0.4316813725128757, "err": 0.013665369215922634, "scores": [0.40262568803217186, 0.43684106017439345, 0.40408599337170764, 0.42818225865844917, 0.4866718623276561]}, "Order": {"std": 0.028148303168196376, "mean": 0.5062666971717162, "err": 0.012588303867071958, "scores": [0.46593783290615876, 0.5024417910406743, 0.5422115862319906, 0.4880680019568909, 0.532674273722867]}, "Family": {"std": 0.04008965242148566, "mean": 0.5448983492936303, "err": 0.017928637601756198, "scores": [0.5433841844036418, 0.47470457191297294, 0.5577602872134769, 0.5497288066940665, 0.5989138962439934]}, "Genus": {"std": 0.021936255945774523, "mean": 0.5890317463567728, "err": 0.009810191893317154, "scores": [0.5728799434683255, 0.5856133150934794, 0.5635297732459704, 0.5962817836294189, 0.62685391634667]}, "Species": {"std": 0.009551873954768132, "mean": 0.6427491871800246, "err": 0.004271727895074258, "scores": [0.6373106060606061, 0.6611266869367095, 0.6407803018552204, 0.6407879109710279, 0.6337404300765594]}}, "C": 100, "penalty": "l2", "max_iter": 10000, "feature_type": "nt_4mer", "model_class": "logistic", "binary": 0}