{"scores": {"Phylum": {"std": 0.08062333873499936, "mean": 0.5632458807610712, "err": 0.03605585319689009, "scores": [0.4443525419808389, 0.6320223636013109, 0.49626394100479465, 0.5879416309812503, 0.6556489262371615]}, "Class": {"std": 0.09934489867348283, "mean": 0.5633917926350931, "err": 0.044428389330347255, "scores": [0.3811007568797305, 0.6111993785084202, 0.5377005347593583, 0.6303747914260044, 0.6565835016019518]}, "Order": {"std": 0.05537453011390062, "mean": 0.6301474103973583, "err": 0.024764242711358193, "scores": [0.6419961243655506, 0.5649596538236472, 0.5670298996843042, 0.6977824062729723, 0.6789689678403175]}, "Family": {"std": 0.0480253935146162, "mean": 0.6953084909753737, "err": 0.021477608908971872, "scores": [0.7156862745098039, 0.7436845660249917, 0.6701871101871103, 0.6135184532976076, 0.7334660508573552]}, "Genus": {"std": 0.04650481105321097, "mean": 0.7302187784378411, "err": 0.020797583759152662, "scores": [0.7722707906822331, 0.6437791416880769, 0.7470278507860207, 0.765344309313036, 0.7226717997198387]}, "Species": {"std": 0.02170821666402958, "mean": 0.8001049072007669, "err": 0.00970820962621277, "scores": [0.7995283054917408, 0.8183959966719048, 0.8109542744511126, 0.758476304816493, 0.8131696545725834]}}, "C": 100, "penalty": "l2", "max_iter": 10000, "feature_type": "KO", "model_class": "logistic", "binary": 0}