{"scores": {"Phylum": {"std": 0.0560691229848427, "mean": 0.4694855034491163, "err": 0.025074874086580837, "scores": [0.4259720000877229, 0.5649415008569938, 0.40557481500328646, 0.49216189541796607, 0.45877730587961224]}, "Class": {"std": 0.040107699751748084, "mean": 0.4454263973098465, "err": 0.01793670861321203, "scores": [0.47211251151400774, 0.5075856859190193, 0.39220303506017795, 0.42751322751322746, 0.4277175265428003]}, "Order": {"std": 0.031551358364359725, "mean": 0.5369341688520696, "err": 0.014110196417032983, "scores": [0.5479627461527914, 0.5560148513661044, 0.5342672479142031, 0.47789145011367234, 0.5685345487135769]}, "Family": {"std": 0.03915798662034845, "mean": 0.5789044374164225, "err": 0.017511983989025277, "scores": [0.5888858439146188, 0.5784089776477912, 0.6466054496916137, 0.5418151589388073, 0.5388067568892811]}, "Genus": {"std": 0.03534839132260055, "mean": 0.6162887514839965, "err": 0.015808281178519706, "scores": [0.6781997016006903, 0.6252849977200182, 0.5797871834954362, 0.5847784644712972, 0.6133934101325406]}, "Species": {"std": 0.024226262478081403, "mean": 0.6983297024254969, "err": 0.010834313948348504, "scores": [0.6807088744588744, 0.718118695132267, 0.6826507670155878, 0.6743006624768592, 0.7358695130438956]}}, "C": 100, "penalty": "l2", "max_iter": 10000, "feature_type": "nt_5mer", "model_class": "logistic", "binary": 0}