{"scores": {"Phylum": {"std": 0.07423730007367851, "mean": 0.4884875247411553, "err": 0.014847460014735702, "scores": [0.6162889398183516, 0.41103942606965926, 0.46989596237543435, 0.4527084072300553, 0.4931950249844987, 0.528794813119756, 0.5092396065096623, 0.5140809213039392, 0.438769628304512, 0.5646083476272156, 0.43376846208271996, 0.45296893312152164, 0.6425170068027212, 0.428696366102663, 0.44029763168471786, 0.4486123292175946, 0.5724316334072431, 0.533676755662993, 0.6554708303074316, 0.39493736350412406, 0.3750242879651808, 0.4155872344330443, 0.47774601495887453, 0.4341032836672371, 0.5077289082677314]}, "Class": {"std": 0.11621372995670637, "mean": 0.5771280800401304, "err": 0.023242745991341275, "scores": [0.5289438215960293, 0.5117002140619545, 0.5584246048421703, 0.8263623689155604, 0.48290771543079813, 0.636479152061867, 0.46716998304860685, 0.4954442705616415, 0.48940373119263025, 0.47380918302126424, 0.4650870227269493, 0.9595359366157329, 0.5041345284937818, 0.5774061957268065, 0.5936953083816552, 0.5658440889406315, 0.6405600850762141, 0.47093564672647353, 0.6433063791554358, 0.6300346622667331, 0.5513685949471645, 0.47890012423245637, 0.5278696727101483, 0.6878858024691358, 0.6609929078014184]}, "Order": {"std": 0.06322636721678973, "mean": 0.6778172382480422, "err": 0.012645273443357946, "scores": [0.6423440422860364, 0.6618702553485162, 0.5989819376026273, 0.5831295581295581, 0.6722973576255806, 0.7262962962962963, 0.6327861971349783, 0.8217726396917149, 0.5987622237622238, 0.629545468450775, 0.6337195484254307, 0.6943694600356943, 0.7574046646357157, 0.6309610162556263, 0.6989220488630866, 0.6845202592151355, 0.7813719450190231, 0.7067423460612314, 0.640934074635732, 0.8082220840143286, 0.7273306607909165, 0.6266739299092315, 0.6818369670603347, 0.6208060556464812, 0.6838299193047797]}, "Family": {"std": 0.038377398633984636, "mean": 0.7677796954248418, "err": 0.007675479726796927, "scores": [0.7446423826605173, 0.7730373967080206, 0.7399780835476374, 0.7853073700000565, 0.7378592306156165, 0.6622837087233372, 0.7685386626029646, 0.7549084348685545, 0.8476786492940868, 0.7646388151256525, 0.8342571239285425, 0.7392052968257598, 0.7715680166800912, 0.8171353735869865, 0.7372558570260259, 0.7736831227879821, 0.7450785265217523, 0.7928795342588445, 0.8077220841567182, 0.7814967218771566, 0.7209507042253521, 0.8089476882972336, 0.7794557350280242, 0.7695739333601788, 0.7364099329139564]}, "Genus": {"std": 0.032841886611090026, "mean": 0.901420354344215, "err": 0.006568377322218005, "scores": [0.8266378966378967, 0.8575634893770555, 0.9218701292058742, 0.9434332640570146, 0.8948386859434206, 0.9321093198718993, 0.8672127453709226, 0.8933224273030098, 0.8761960219542925, 0.8952760657241473, 0.8922881420377907, 0.937325259950366, 0.9222853618783313, 0.9058744835060626, 0.861817738791423, 0.9062166656784602, 0.913953144205511, 0.9382711004241256, 0.9184745718462825, 0.910053035491632, 0.9366732053175467, 0.8436656505095078, 0.8616893603951413, 0.9444771125366279, 0.9339839805910333]}, "Species": {"std": 0.0027931458425006083, "mean": 0.9976153148640453, "err": 0.0005586291685001217, "scores": [1.0, 0.9988505747126437, 1.0, 0.9944444444444445, 0.9988545246277205, 0.996078431372549, 0.9946521021789838, 0.9984202211690363, 1.0, 1.0, 1.0, 0.9983416252072969, 0.9930587106870615, 0.9935878391760745, 0.998805256869773, 0.9944140030441401, 0.9972579755188451, 1.0, 0.9942442442442442, 1.0, 0.9904766711077019, 1.0, 1.0, 1.0, 0.9988962472406181]}}, "level": "Species", "feature_type": null, "model_class": "randrel", "binary": 0}