{"scores": {"Phylum": {"std": 0.057146804368169525, "mean": 0.4388701342996911, "err": 0.011429360873633904, "scores": [0.4116616616616617, 0.4315701290214034, 0.38860337867195877, 0.47180436490770356, 0.50202082688937, 0.40015956059753593, 0.3877406521896632, 0.3721552878179384, 0.44914529914529916, 0.5697662444650397, 0.3752949640641076, 0.5974842767295597, 0.4268207852507075, 0.39426356656829703, 0.36735660173160173, 0.45482804232804236, 0.4511263762631456, 0.42430436542301325, 0.43013317255469125, 0.5178860074495748, 0.4575675675675676, 0.39560580990573313, 0.42449323163608876, 0.4066666666666667, 0.4632945179859054]}, "Class": {"std": 0.056906350784867575, "mean": 0.47965158128248775, "err": 0.011381270156973515, "scores": [0.46508714900285986, 0.39783028499381584, 0.4055679705071253, 0.46922836613558266, 0.48363810953984876, 0.4475574712643678, 0.44990892531876137, 0.48445998445998445, 0.5261881469472939, 0.40806877327657304, 0.38311688311688313, 0.48340172709020096, 0.48065948002536457, 0.5062162546177892, 0.435998208080588, 0.49411581326474946, 0.6445406445406446, 0.5561893061893061, 0.5477012954588357, 0.545017680660078, 0.42290180825386736, 0.4621558217063835, 0.4913252122554448, 0.4829068571908179, 0.5175073581650259]}, "Order": {"std": 0.039494986486534274, "mean": 0.5283765364528147, "err": 0.007898997297306854, "scores": [0.5120450810172439, 0.559123650084702, 0.5294726046446948, 0.5497612300587741, 0.49156223893066, 0.5399638587711982, 0.5097331240188382, 0.5536709667144449, 0.4734900140650971, 0.4752835306970813, 0.5210883977123735, 0.48228276353276356, 0.610782629202884, 0.46080613444644686, 0.4931123414415322, 0.5962097019793339, 0.5675089805524588, 0.5620803788075102, 0.5208047120501523, 0.5471694685885035, 0.5147584084210423, 0.4967003188666324, 0.49711486849168013, 0.5884190843288729, 0.5564689238954484]}, "Family": {"std": 0.055470646515830946, "mean": 0.5837575684951479, "err": 0.01109412930316619, "scores": [0.5261868616455474, 0.6468365122304786, 0.5628605964570128, 0.5560203380042342, 0.5132888325077524, 0.5640125934243582, 0.74419392426134, 0.6162902721355419, 0.5460578029661477, 0.5791194915134271, 0.5201651861980429, 0.5890569561157796, 0.600752893500378, 0.5582021809608017, 0.6441432264510144, 0.695843285155886, 0.5258538654088831, 0.5432539581404173, 0.5951453212170604, 0.6284347559426107, 0.5471221532091097, 0.6192794884327143, 0.5750991542948856, 0.5228542009423721, 0.5738653612629022]}, "Genus": {"std": 0.0328235293555873, "mean": 0.6192468449917163, "err": 0.00656470587111746, "scores": [0.6075457641549595, 0.5873007311518638, 0.6139270794313129, 0.6265332989248833, 0.5887694955282726, 0.6165885084078332, 0.6539795745924738, 0.6005968778696051, 0.6259880470406786, 0.6478605935127675, 0.6478082516108251, 0.6128887345955912, 0.6577263507283791, 0.6272954782281898, 0.539906894869674, 0.603776236456775, 0.6193025445008142, 0.5855108226842395, 0.637799176377203, 0.6011065109400712, 0.6618405859854225, 0.7053785720197207, 0.6371179409025485, 0.5862529178824708, 0.588370136396331]}, "Species": {"std": 0.013447990912260673, "mean": 0.6516045851508199, "err": 0.0026895981824521346, "scores": [0.6434561064831047, 0.6489936354525755, 0.6701142995269174, 0.6564516054993229, 0.6307652920556146, 0.6493443203969519, 0.6514758445751182, 0.6397382609508254, 0.6517460690177462, 0.6204189438592159, 0.6480703425590109, 0.6449728690658685, 0.6645215815615789, 0.6374061002806322, 0.6630808657584903, 0.6625059730505239, 0.6343497478091472, 0.6553486033650192, 0.6595506160070211, 0.6396741652963883, 0.6523269167252748, 0.6644800584316067, 0.6510496671786995, 0.669553463743004, 0.68071928012084]}}, "feature_type": "nt_4mer", "model_class": "logistic", "binary": 0}