{"scores": {"Phylum": {"std": 0.10665055924779335, "mean": 0.498883484645044, "err": 0.04769558006328695, "scores": [0.3648095652206649, 0.5579579579579579, 0.3763054103505353, 0.6184361208070817, 0.5769083688889803]}, "Class": {"std": 0.11066771702580766, "mean": 0.48387613487621284, "err": 0.04949210763688335, "scores": [0.36343062975612256, 0.513696107400326, 0.34635016621715353, 0.5767337131569831, 0.6191700578504792]}, "Order": {"std": 0.02680215575651914, "mean": 0.5386031842392855, "err": 0.01198628844302282, "scores": [0.5689293326774881, 0.562349028680298, 0.4934052649968696, 0.530559842984813, 0.5377724518569589]}, "Family": {"std": 0.03736247392346595, "mean": 0.5919256395071084, "err": 0.016709006300086628, "scores": [0.6363061949971821, 0.5378765829569451, 0.5672490634196726, 0.5880018217686502, 0.6301945343930919]}, "Genus": {"std": 0.06382317547908299, "mean": 0.6011683877251082, "err": 0.028542591782225454, "scores": [0.6824990425200084, 0.5176933158584535, 0.6577558370591158, 0.6063510712105089, 0.5415426719774545]}, "Species": {"std": 0.015931569919271398, "mean": 0.6422060770193868, "err": 0.007124814665556336, "scores": [0.6464926163196139, 0.6693054305984724, 0.6385628700557054, 0.6360231652734493, 0.6206463028496927]}}, "weight_decay": 0.01, "n_epochs": 100, "hidden_dim": 512, "alpha": 10, "lr": 1e-05, "batch_size": 20, "early_stopping": 1, "n_classes": 3, "input_dim": 11, "feature_type": "chemical", "model_class": "nonlinear", "binary": 0}