{"scores": {"Phylum": {"std": 0.060954969707629446, "mean": 0.49729789075285674, "err": 0.01219099394152589, "scores": [0.43190883190883195, 0.4903067680751067, 0.5766490188092975, 0.45610328638497655, 0.3644696634634715, 0.5255409583012441, 0.4884259259259259, 0.5432671025234548, 0.381102159437884, 0.5137362637362638, 0.49600474714935056, 0.39377289377289376, 0.4735663082437276, 0.46735012451552665, 0.4533396024452274, 0.5109335626971095, 0.4630152456239413, 0.5755555555555555, 0.5635761672646792, 0.5232802107048792, 0.5511397157414857, 0.5186299292214357, 0.5739763779527559, 0.5986177565124934, 0.498179092853901]}, "Class": {"std": 0.0677676221416764, "mean": 0.4700689365702613, "err": 0.013553524428335281, "scores": [0.4681269904364409, 0.4840686274509804, 0.5246913580246914, 0.3602098768957564, 0.4945789466497344, 0.46715814717768794, 0.40880917164724734, 0.4589486010962773, 0.5183805083336016, 0.39566345545603626, 0.5474322491480175, 0.42837923393478955, 0.36401047512158624, 0.504316886581481, 0.5186735609849399, 0.5764368923299281, 0.3552459365620768, 0.49544727451704196, 0.49791960775656147, 0.4443561295295151, 0.4928835835525976, 0.5741220549151157, 0.34181799156444187, 0.5710555174236508, 0.4589903371663339]}, "Order": {"std": 0.04221069579407869, "mean": 0.53958123155329, "err": 0.008442139158815738, "scores": [0.5485825480550781, 0.5072023395566968, 0.5441585168609673, 0.5551235222497153, 0.5490603904397008, 0.5272682145355265, 0.5125802232055885, 0.5277037723464226, 0.6675992172690027, 0.461311247538515, 0.5201588763527516, 0.4741369908619186, 0.5874991808726748, 0.5095238095238095, 0.5811921832484689, 0.5341990223818972, 0.5264761793916822, 0.5875387320010113, 0.5339990104564095, 0.5306225333448563, 0.5906732202782651, 0.5203751937168709, 0.5647343148301304, 0.4793256160659476, 0.5484859334483395]}, "Family": {"std": 0.03999695687137554, "mean": 0.578035260572948, "err": 0.007999391374275109, "scores": [0.5731714803515712, 0.6110438209807879, 0.5363070172950741, 0.624435779274489, 0.5264962781786409, 0.6407127698448934, 0.6021726394954926, 0.6324484572847003, 0.5598093104865551, 0.5844202779336002, 0.6317530187875918, 0.5666501564539207, 0.6039481084166436, 0.5779395699223184, 0.5912057950101429, 0.5151976495726496, 0.5210657678036624, 0.6155887393092041, 0.5296274662512981, 0.5466404114024015, 0.5117845117845118, 0.5447504797252941, 0.5688833685832936, 0.6196112598637142, 0.6152173803112476]}, "Genus": {"std": 0.03365114671296382, "mean": 0.6153733538056015, "err": 0.006730229342592764, "scores": [0.5748704099398544, 0.5894611615617464, 0.6995372905968886, 0.6121901697122936, 0.5926809421404761, 0.6047842317865201, 0.6040115384201407, 0.5670790774457843, 0.6165644171779141, 0.6588506522717049, 0.6312331593306811, 0.5700121281288102, 0.6388573058662917, 0.6411207275150305, 0.6352612855064718, 0.593489056082814, 0.5786984859273295, 0.5952929518146909, 0.6203289683807091, 0.6734085725675225, 0.6140215253906544, 0.6694781279640086, 0.6242363718572504, 0.5934108759111504, 0.5854544118433008]}, "Species": {"std": 0.013421542046770953, "mean": 0.6474728675907704, "err": 0.0026843084093541906, "scores": [0.6365761410080507, 0.6454122624008489, 0.6384327338972807, 0.6714413349703013, 0.6602555701179554, 0.673252972746229, 0.6554176912137116, 0.6421738530160469, 0.6245010756388245, 0.6318464629007371, 0.650246119906314, 0.6468217778237428, 0.6661644197726673, 0.6519416865652884, 0.653499905060817, 0.6451567536080766, 0.6334869431643625, 0.6673199721538049, 0.632856293431737, 0.6627809669600714, 0.6465426017150154, 0.6486246138685162, 0.6334266181074691, 0.6303783014591546, 0.6382646182622361]}}, "feature_type": "cds_3mer", "model_class": "logistic", "binary": 0}