{"scores": {"Phylum": {"std": 0.08002663970267779, "mean": 0.44678986664664044, "err": 0.03578900127721422, "scores": [0.3652130637409721, 0.33454269398805475, 0.4997520443084887, 0.5217538358333528, 0.512687695362334]}, "Class": {"std": 0.0840526144779695, "mean": 0.4212851397733042, "err": 0.03758947193186456, "scores": [0.307719298245614, 0.3444911131401848, 0.5305113338644875, 0.43627865961199297, 0.4874252940042414]}, "Order": {"std": 0.008021643613471586, "mean": 0.5359860266126767, "err": 0.0035873880821999026, "scores": [0.5305087140363093, 0.5321921575097619, 0.5447631333273781, 0.5462375575394621, 0.5262285706504718]}, "Family": {"std": 0.036978338097540815, "mean": 0.6284676615044836, "err": 0.016537215536214303, "scores": [0.6829726200307503, 0.5901019690576653, 0.6464202836269876, 0.5841192860122773, 0.6387241487947376]}, "Genus": {"std": 0.01388181766531383, "mean": 0.679787518991726, "err": 0.006208137590179829, "scores": [0.6959231492353672, 0.6878420847560163, 0.6776696369964251, 0.6827193748786643, 0.654783349092157]}, "Species": {"std": 0.01641412081779058, "mean": 0.7296217729100121, "err": 0.007340617987894834, "scores": [0.754378744846193, 0.7173002846839545, 0.7366066367420263, 0.7067771633408034, 0.7330460349370832]}}, "weight_decay": 0.01, "n_epochs": 100, "hidden_dim": 512, "alpha": 10, "lr": 1e-05, "batch_size": 20, "early_stopping": 1, "n_classes": 3, "input_dim": 555, "feature_type": "cds_4mer", "model_class": "nonlinear", "binary": 0}