{"scores": {"Phylum": {"std": 0.043534658423305034, "mean": 0.48172906380893643, "err": 0.019469291122348773, "scores": [0.4461267168280049, 0.49545744490210447, 0.41759318559417213, 0.5349339698437585, 0.514534001876642]}, "Class": {"std": 0.044102614527218656, "mean": 0.477930206797467, "err": 0.019723288813666133, "scores": [0.45400877192982453, 0.5006389649791537, 0.4051497101195065, 0.49756613756613755, 0.5322874493927124]}, "Order": {"std": 0.03908461285460187, "mean": 0.5472710403639074, "err": 0.01747917024343038, "scores": [0.54896612273319, 0.5094307084325234, 0.5949137201738207, 0.4975487513891476, 0.5854958990908554]}, "Family": {"std": 0.04330498860034561, "mean": 0.5803436123672647, "err": 0.01936657965504525, "scores": [0.6245736566828476, 0.49790218406308356, 0.5899890178102468, 0.6024586785068639, 0.5867945247732813]}, "Genus": {"std": 0.01672624523781294, "mean": 0.6392254450752582, "err": 0.007480204272016374, "scores": [0.6642044241733892, 0.6344432823730864, 0.6138560202581324, 0.6487049440238142, 0.6349185545478687]}, "Species": {"std": 0.017312356077734355, "mean": 0.7080770055995671, "err": 0.00774232100809913, "scores": [0.7366212613352848, 0.7057816579326676, 0.6820464928246892, 0.7072845200125437, 0.70865109589265]}}, "C": 100, "penalty": "l2", "max_iter": 10000, "feature_type": "cds_4mer", "model_class": "logistic", "binary": 0}