{"scores": {"Phylum": {"std": 0.09541195986716965, "mean": 0.4274639591365833, "err": 0.04266952562589463, "scores": [0.3482582639196828, 0.2795554024376239, 0.5137298834343057, 0.4961863977098105, 0.49958984818149405]}, "Class": {"std": 0.11491762805523034, "mean": 0.4099567328075874, "err": 0.0513927256289064, "scores": [0.2979473684210526, 0.2529936084177573, 0.5301852173135867, 0.4435273368606702, 0.52513013302487]}, "Order": {"std": 0.03321256138407398, "mean": 0.4832719361286859, "err": 0.014853108992334784, "scores": [0.4251551572764978, 0.48002686968204206, 0.5031656516614033, 0.4831287655959753, 0.5248832364275112]}, "Family": {"std": 0.04030932661757953, "mean": 0.5738087327842717, "err": 0.018026878888829898, "scores": [0.63715791823608, 0.5873481127942635, 0.5761667382896433, 0.5144091324473051, 0.5539617621540663]}, "Genus": {"std": 0.01917310187547377, "mean": 0.6316110350964538, "err": 0.008574471826617611, "scores": [0.6112130907518644, 0.6606567924779805, 0.6249970485594608, 0.6469111984727884, 0.6142770452201748]}, "Species": {"std": 0.005672677268643293, "mean": 0.6788428963003686, "err": 0.0025368983974208476, "scores": [0.6840401853111923, 0.6785882255592527, 0.6734257172507703, 0.6863037919174767, 0.6718565614631515]}}, "weight_decay": 0.01, "n_epochs": 100, "hidden_dim": 512, "alpha": 10, "lr": 1e-05, "batch_size": 20, "early_stopping": 1, "n_classes": 3, "input_dim": 122, "feature_type": "cds_3mer", "model_class": "nonlinear", "binary": 0}