{"scores": {"Phylum": {"std": 0.07690335181462114, "mean": 0.5427995288363885, "err": 0.034392224471014934, "scores": [0.45292538473891986, 0.6501638712165028, 0.456217427558891, 0.5837820173801687, 0.5709089432874599]}, "Class": {"std": 0.08681973767093114, "mean": 0.5613408778057251, "err": 0.038826967044180254, "scores": [0.42716261976637354, 0.6442662389735365, 0.48952126305067484, 0.6290591708381466, 0.6166950963998935]}, "Order": {"std": 0.06126235075298405, "mean": 0.5957064111049714, "err": 0.02739735614902155, "scores": [0.6369051492026311, 0.47878514891126916, 0.5981281716865144, 0.6135805494296059, 0.6511330362948359]}, "Family": {"std": 0.05025850546350113, "mean": 0.6364256637992355, "err": 0.022476286932786617, "scores": [0.6038038403767304, 0.6585612968591691, 0.6127881727881728, 0.5830088784842354, 0.7239661304878696]}, "Genus": {"std": 0.05550079265005369, "mean": 0.719638297245573, "err": 0.024820709034128148, "scores": [0.8103317102860621, 0.6356950656051427, 0.7235242521190234, 0.7089228096301813, 0.7197176485874559]}, "Species": {"std": 0.014243513813316757, "mean": 0.7422730609055871, "err": 0.006369893025006703, "scores": [0.7456134470565021, 0.7178811598567251, 0.7497311604445552, 0.7376624969340201, 0.7604770402361334]}}, "weight_decay": 0.01, "n_epochs": 100, "hidden_dim": 512, "alpha": 10, "lr": 1e-05, "batch_size": 20, "early_stopping": 1, "n_classes": 3, "input_dim": 441, "feature_type": "aa_2mer", "model_class": "nonlinear", "binary": 0}