{"scores": {"Phylum": {"std": 0.10267194982850117, "mean": 0.4178292625872298, "err": 0.045916291839795294, "scores": [0.33766558301418254, 0.2672069453759594, 0.5544226273773933, 0.48074447831622225, 0.4491066788523914]}, "Class": {"std": 0.10511475745116382, "mean": 0.3905761514275572, "err": 0.047008748619840966, "scores": [0.3297056457954214, 0.22803418803418804, 0.5343406593406593, 0.405098746051127, 0.4557015179163902]}, "Order": {"std": 0.03170354141176186, "mean": 0.4666951444212197, "err": 0.014178254744835835, "scores": [0.41178052716514263, 0.4674865285824901, 0.4792577781509704, 0.4652507985841319, 0.5097000896233632]}, "Family": {"std": 0.044840569743880794, "mean": 0.5320389400315733, "err": 0.020053312419427555, "scores": [0.606910873603118, 0.5573326180005767, 0.5144435238884286, 0.4840721644146894, 0.49743552025105425]}, "Genus": {"std": 0.04268497191232258, "mean": 0.5995600972295221, "err": 0.019089299762724495, "scores": [0.6493168636997715, 0.6048031615747075, 0.5223247211043166, 0.6247188018275293, 0.5966369379412858]}, "Species": {"std": 0.015672392521311702, "mean": 0.6477692454148064, "err": 0.007008907009542457, "scores": [0.6379734848484849, 0.6502632930910514, 0.6540807485432892, 0.6715626003200089, 0.6249661002711978]}}, "weight_decay": 0.01, "n_epochs": 100, "hidden_dim": 512, "alpha": 10, "lr": 1e-05, "batch_size": 20, "early_stopping": 1, "n_classes": 3, "input_dim": 595, "feature_type": "nt_3mer", "model_class": "nonlinear", "binary": 0}