{"scores": {"Phylum": {"std": 0.09860467566619095, "mean": 0.5209252912253369, "err": 0.01972093513323819, "scores": [0.5804129191384405, 0.4249572649572649, 0.42826980390032093, 0.49816239316239314, 0.517246047989072, 0.6583333333333333, 0.33167220376522705, 0.43426966292134833, 0.576984126984127, 0.651337940811625, 0.7012987012987013, 0.7244897959183673, 0.41210894210507165, 0.4470629756307769, 0.3914224376585826, 0.4216076666261168, 0.48019364148396404, 0.5271610486891386, 0.5476856166511339, 0.5632501051693846, 0.5356727650982072, 0.4586421864902877, 0.6068575376775921, 0.5112414467253177, 0.5927917164476305]}, "Class": {"std": 0.06859872852248326, "mean": 0.5242284860710739, "err": 0.013719745704496652, "scores": [0.5284420863689157, 0.518150522317189, 0.5383506343713956, 0.591614793982887, 0.640775920953022, 0.529810298102981, 0.4257671413889297, 0.5179834887151961, 0.663014763014763, 0.5324549092988201, 0.5009708322283172, 0.5633751279972387, 0.5539465719173575, 0.5081108467751063, 0.3991175491175491, 0.5418299865323926, 0.6063973063973064, 0.5344242424242425, 0.44640522875816996, 0.37187833263782627, 0.5187185316800723, 0.5339885339885341, 0.5417121610056954, 0.4180263043676524, 0.5804460374352848]}, "Order": {"std": 0.02658591477169634, "mean": 0.5661689227929753, "err": 0.005317182954339268, "scores": [0.5888925494789761, 0.5502567401152306, 0.5438260861400522, 0.5438192636200108, 0.5543859649122806, 0.5882537997772008, 0.6225738030582422, 0.5896194575391133, 0.5526377049741535, 0.558712312891556, 0.5936072501483071, 0.5837990036820445, 0.5765979189892233, 0.5929919137466307, 0.5622655122655122, 0.547816596594362, 0.5207046258381988, 0.5099394595355632, 0.5394457455715734, 0.578873378914804, 0.6107161038520278, 0.5423085955603771, 0.5744389709906952, 0.576604172091543, 0.5511361395367046]}, "Family": {"std": 0.0499723341485163, "mean": 0.6249163591291717, "err": 0.00999446682970326, "scores": [0.7401977474680713, 0.5573453608247423, 0.5956789614212626, 0.6290184272942894, 0.6146561854277746, 0.6161594770983777, 0.6502398065886935, 0.6013767758214031, 0.7140967498110355, 0.6463211461670254, 0.5924129020760938, 0.5389476680672826, 0.6377017888307155, 0.5919557824924664, 0.5749714313130255, 0.6206698483464962, 0.6730008726430482, 0.5434752778036359, 0.6408020050125313, 0.695565476684592, 0.6116367144039417, 0.6962759757659652, 0.614005772005772, 0.5827451646072469, 0.6436516602538044]}, "Genus": {"std": 0.035105705319861166, "mean": 0.6652871908775144, "err": 0.007021141063972234, "scores": [0.7034763489581245, 0.6330059739895806, 0.6921884498480243, 0.6059168042434612, 0.7258806123301237, 0.657443302965691, 0.6582633741941913, 0.6597287839020123, 0.676211682715638, 0.671652428763338, 0.6637370557272518, 0.6480181352588051, 0.7230961298377029, 0.5978741592662833, 0.6893022116110239, 0.6204849176336077, 0.6738443835844675, 0.7039383354080124, 0.6218887163858701, 0.6556247185228078, 0.6781544833169851, 0.6034842020501131, 0.6877032058850241, 0.689948948070107, 0.6913124074696126]}, "Species": {"std": 0.020352941774068233, "mean": 0.7080635166260647, "err": 0.004070588354813646, "scores": [0.683461351939907, 0.7171696847753185, 0.6877987881002405, 0.7020679700038693, 0.7203865410625726, 0.7034180485255371, 0.7023766828070559, 0.7047543115789731, 0.7048274627567487, 0.7692918543583701, 0.7083717520337238, 0.7020058823189511, 0.6744843135223059, 0.703335388364814, 0.7041776742944473, 0.6895161223519434, 0.6942064058999543, 0.7130578365590355, 0.7073467590220845, 0.7000638443079498, 0.7399246704331449, 0.7472118614781634, 0.715860909401043, 0.6837073341950891, 0.7227644655603754]}}, "feature_type": "cds_4mer", "model_class": "logistic", "binary": 0}