{"scores": {"Phylum": {"std": 0.09048551728566402, "mean": 0.4777590783282797, "err": 0.0404663535259954, "scores": [0.37146331636211, 0.40222350748666535, 0.4659422555764019, 0.5243621876678511, 0.6248041245483701]}, "Class": {"std": 0.07832567442467658, "mean": 0.48940687272483324, "err": 0.035028306479418715, "scores": [0.40034020212626326, 0.5971623563218391, 0.4762074526780409, 0.5606255080648612, 0.41269884443316185]}, "Order": {"std": 0.07168168968155089, "mean": 0.6137062384122836, "err": 0.03205702617399861, "scores": [0.7343632358272218, 0.5309882118328252, 0.6270868630725288, 0.5506629638705111, 0.625429917458331]}, "Family": {"std": 0.05868835305737091, "mean": 0.6404380336072063, "err": 0.026246229384757794, "scores": [0.6765314821580807, 0.7202493526961612, 0.5502795102795103, 0.604229998089411, 0.6508998248128682]}, "Genus": {"std": 0.04426479047406097, "mean": 0.7100470870671918, "err": 0.019795816101957093, "scores": [0.6857574527994492, 0.6676314481766951, 0.7798017119912544, 0.6729033948319131, 0.7441414275366469]}, "Species": {"std": 0.01902792736353538, "mean": 0.759212643959516, "err": 0.008509547811158692, "scores": [0.7740056628670389, 0.7820084220318771, 0.730233771399971, 0.7450337580522315, 0.7647816054464615]}}, "C": 100, "penalty": "l2", "max_iter": 10000, "feature_type": "embedding.genome", "model_class": "logistic", "binary": 0}