{"scores": {"Phylum": {"std": 0.07397841608432042, "mean": 0.5632682479852796, "err": 0.014795683216864083, "scores": [0.5654684095860567, 0.43509070294784574, 0.5564841968067774, 0.5395085630068064, 0.46938775510204084, 0.5720454192982571, 0.6140921150123092, 0.5437650383302558, 0.6710116319069447, 0.5333333333333333, 0.6768932851834406, 0.6240573992981732, 0.5560654857756306, 0.515312046444122, 0.6316591998380909, 0.6671588974031503, 0.5439814814814815, 0.5940700166706359, 0.33585858585858586, 0.5746138996138996, 0.5947503010105754, 0.6232169695210275, 0.5420122710199046, 0.5157021341231868, 0.586167061059457]}, "Class": {"std": 0.08507808640442444, "mean": 0.6200705368208245, "err": 0.01701561728088489, "scores": [0.5917221964864768, 0.786825786825787, 0.5751668792390926, 0.49183070985757293, 0.6580080257647828, 0.6278605973718494, 0.5464095718672378, 0.5560424454763381, 0.612826797385621, 0.6215722723197806, 0.5049398045057402, 0.6046633875902169, 0.5128050531151307, 0.48575488949288914, 0.71748565727114, 0.6636702849389416, 0.643441099962839, 0.7609372933016925, 0.6477007027429645, 0.7180149319279754, 0.6486889692585894, 0.5908971262232131, 0.49401609684905123, 0.7201817910328739, 0.7203010497128144]}, "Order": {"std": 0.067270811155589, "mean": 0.6097529779875706, "err": 0.0134541622311178, "scores": [0.7509448444990859, 0.6531890917286455, 0.587151841868823, 0.5642619883212142, 0.6265067501556202, 0.5494839352176927, 0.6135379145359671, 0.5551603587171302, 0.5771374740124741, 0.7007400756909764, 0.7090387193310681, 0.5805802382043858, 0.5805332540390524, 0.4459116980125384, 0.6310983614835012, 0.6338795605935087, 0.536087620389946, 0.6456513183785911, 0.5489318269806075, 0.6815970746982644, 0.5546599561233707, 0.7156023217777691, 0.6406569575071269, 0.5636560815330737, 0.5978251858888307]}, "Family": {"std": 0.04967229382892407, "mean": 0.6845495579918848, "err": 0.009934458765784814, "scores": [0.6537693957990321, 0.6891911823327752, 0.7070977541480771, 0.6862051579709104, 0.7717568877857496, 0.6461377235677707, 0.7297643893574127, 0.6102912493462472, 0.6626500002089181, 0.7341421594942722, 0.7769043775984348, 0.7434682941847016, 0.7140366532986273, 0.728576849804158, 0.7224658869395711, 0.6591551824277945, 0.5658038981082028, 0.6169621678218454, 0.6736600267615946, 0.6617004953180902, 0.689802277509127, 0.6375002251771179, 0.6413582182222797, 0.6897319653225166, 0.7016065312918939]}, "Genus": {"std": 0.055258526608865904, "mean": 0.6987584896888528, "err": 0.011051705321773181, "scores": [0.7621332371332371, 0.7168718785541216, 0.6685523114227027, 0.7456800144300143, 0.6491492740681579, 0.6942906361511012, 0.660067096575033, 0.6883271155069698, 0.6980963128656739, 0.6687740542570167, 0.6379050192985178, 0.6605630775843542, 0.6765354921389054, 0.787305389178493, 0.6446465962755057, 0.5994749911848621, 0.6033858561400934, 0.7428378774439501, 0.696693340001667, 0.7368145743145744, 0.6906584132220654, 0.7736324054574758, 0.7957671472859085, 0.7960297561931883, 0.6747703755377282]}, "Species": {"std": 0.017948466309863895, "mean": 0.7619736721050201, "err": 0.003589693261972779, "scores": [0.7452163679527866, 0.7820147220773199, 0.7370736618623942, 0.7501874921725761, 0.7481373923234388, 0.7369235364396655, 0.7671416148237339, 0.7761701592875392, 0.7678818850372001, 0.7696978975301082, 0.7479536662424576, 0.7549932793630272, 0.7702800521352717, 0.7426947014531411, 0.7592021138556633, 0.7686920274290806, 0.7907089315724894, 0.7759052476794412, 0.7438656393437713, 0.8019440142358197, 0.7310336935178827, 0.7884657831785028, 0.7590972089367974, 0.7728570104716894, 0.7612037037037037]}}, "weight_decay": 0.01, "n_epochs": 100, "hidden_dim": 512, "alpha": 10, "lr": 0.0001, "batch_size": 20, "early_stopping": 0, "n_classes": 3, "input_dim": 441, "feature_type": "aa_2mer", "model_class": "nonlinear", "binary": 0}