{"scores": {"Phylum": {"std": 0.06641640707936153, "mean": 0.4450880035107659, "err": 0.029702320210150127, "scores": [0.3406253930686562, 0.3946903644086743, 0.48645820081419755, 0.48680227057710496, 0.5168637886851961]}, "Class": {"std": 0.06513632233066406, "mean": 0.4245399301508678, "err": 0.029129848907140474, "scores": [0.34387508705713193, 0.34817491150824487, 0.4819139194139194, 0.49194410527743865, 0.45679162749760377]}, "Order": {"std": 0.045672079822799395, "mean": 0.4146369718665551, "err": 0.020425175031515197, "scores": [0.39970361463574133, 0.48510534947361333, 0.3710832266235629, 0.36819764597542376, 0.4490950226244344]}, "Family": {"std": 0.07628643884424563, "mean": 0.4482532511829545, "err": 0.03411633260342274, "scores": [0.47878627325599105, 0.46010417218015115, 0.5585266500966584, 0.3260277423178352, 0.4178214180641365]}, "Genus": {"std": 0.01815177362102712, "mean": 0.4834439815495579, "err": 0.00811771994576083, "scores": [0.5153198497283331, 0.4725262197902416, 0.48923062222074404, 0.46229214866464985, 0.477851067343821]}, "Species": {"std": 0.027032751342478456, "mean": 0.5015425616420928, "err": 0.012089413924126104, "scores": [0.5455627705627706, 0.4902809341506174, 0.5158822598562012, 0.4897086738662333, 0.46627816977464187]}}, "weight_decay": 0.01, "n_epochs": 100, "hidden_dim": 512, "alpha": 10, "lr": 1e-05, "batch_size": 20, "early_stopping": 1, "n_classes": 3, "input_dim": 13, "feature_type": "nt_1mer", "model_class": "nonlinear", "binary": 0}