{"scores": {"Phylum": {"std": 0.083001424127069, "mean": 0.4665084961494898, "err": 0.03711936531548348, "scores": [0.3750685580577218, 0.3630449872000862, 0.49069155107555756, 0.5413170149533147, 0.5624203694607688]}, "Class": {"std": 0.0463925778417741, "mean": 0.4632923727739578, "err": 0.020747391541131473, "scores": [0.3970789473684211, 0.43039088656028524, 0.5318097461213718, 0.4704703115814228, 0.48671197223828805]}, "Order": {"std": 0.010039791992382353, "mean": 0.5527625153489173, "err": 0.004489931474984998, "scores": [0.5458286660006256, 0.5419222036281927, 0.5595807651685925, 0.5474726493505987, 0.5690082925965768]}, "Family": {"std": 0.03104790305296978, "mean": 0.6206661952160817, "err": 0.013885044357052736, "scores": [0.6406525906231327, 0.5783761038481935, 0.6491629661462064, 0.5875637370787559, 0.6475755783841203]}, "Genus": {"std": 0.015263231597161067, "mean": 0.7053403925366933, "err": 0.0068259246815149666, "scores": [0.7277974777989412, 0.7067596665538773, 0.6988916750487578, 0.711875323561768, 0.6813778197201223]}, "Species": {"std": 0.02472928245729883, "mean": 0.7740716149373646, "err": 0.011059271321862643, "scores": [0.8036119166844582, 0.7704874794427033, 0.7980765756842988, 0.7359017308766053, 0.7622803719987578]}}, "weight_decay": 0.01, "n_epochs": 100, "hidden_dim": 512, "alpha": 10, "lr": 1e-05, "batch_size": 20, "early_stopping": 1, "n_classes": 3, "input_dim": 1889, "feature_type": "cds_5mer", "model_class": "nonlinear", "binary": 0}