{"scores": {"Phylum": {"std": 0.09916847688844604, "mean": 0.5307052494236846, "err": 0.04434949110953643, "scores": [0.4318047332768249, 0.6369449264186106, 0.3920907598499062, 0.5846559489549671, 0.6080298786181139]}, "Class": {"std": 0.056796404373431496, "mean": 0.537791841420343, "err": 0.025400124211311832, "scores": [0.46760047250295306, 0.5419297981823042, 0.49625244037008737, 0.5487421383647799, 0.6344343576815902]}, "Order": {"std": 0.030663927208276806, "mean": 0.594042371694938, "err": 0.013713325138962458, "scores": [0.5662062469597117, 0.6211055160306754, 0.5593459367877037, 0.585688420594081, 0.6378657381025179]}, "Family": {"std": 0.04666712086156562, "mean": 0.6665364097613118, "err": 0.020870170912131853, "scores": [0.6534526854219949, 0.7040470561747157, 0.6048579348579348, 0.6361071403085946, 0.734217232043319]}, "Genus": {"std": 0.03572572558441591, "mean": 0.7081177438995991, "err": 0.015977030190451474, "scores": [0.7456403659233848, 0.6405263742189234, 0.725743717573783, 0.7114227406855851, 0.7172555210963193]}, "Species": {"std": 0.016060469116986154, "mean": 0.7912601568816646, "err": 0.007182460139223412, "scores": [0.7987971739089453, 0.8028240032856812, 0.8082288706619257, 0.764261002026774, 0.7821897345249967]}}, "C": 100, "penalty": "l2", "max_iter": 10000, "feature_type": "aa_3mer", "model_class": "logistic", "binary": 0}