{"scores": {"Phylum": {"std": 0.06593384383737565, "mean": 0.41291789826929276, "err": 0.029486511367645504, "scores": [0.387204010389453, 0.3047300906884988, 0.42645909327774884, 0.4419223238870818, 0.5042739731036815]}, "Class": {"std": 0.06544875342851134, "mean": 0.40160842607383485, "err": 0.029269572341754754, "scores": [0.36653508771929827, 0.29916276553086846, 0.4442198111582841, 0.4079952968841858, 0.49012916907653753]}, "Order": {"std": 0.06214382287931961, "mean": 0.4514075850303024, "err": 0.027791562467973072, "scores": [0.4043020193151888, 0.502244246981089, 0.37143697246436974, 0.43851537258394124, 0.5405393138069237]}, "Family": {"std": 0.058087717270095096, "mean": 0.4375917699492266, "err": 0.02597761689474423, "scores": [0.4220446351239753, 0.5210163473288603, 0.47884257269732133, 0.3512989119997881, 0.4147563825961884]}, "Genus": {"std": 0.035318681776088386, "mean": 0.4698979743001093, "err": 0.015794994665403326, "scores": [0.4217150491121722, 0.4963471654003507, 0.5220708029057176, 0.45859117161716173, 0.4507656824651443]}, "Species": {"std": 0.012571490978416618, "mean": 0.48074842464392553, "err": 0.005622141681252979, "scores": [0.48837747463177017, 0.4618761396636726, 0.4880027358247278, 0.4701876964732337, 0.4952980766262233]}}, "C": 100, "penalty": "l2", "max_iter": 10000, "feature_type": "cds_1mer", "model_class": "logistic", "binary": 0}