{"scores": {"Phylum": {"std": 0.07685859991755285, "mean": 0.4074657285398638, "err": 0.01537171998351057, "scores": [0.42210404397330187, 0.4673611111111111, 0.3650997661879863, 0.31484180134488043, 0.3571007647747841, 0.4108669108669109, 0.4777462121212121, 0.48420178854961465, 0.308661683428409, 0.29781867747440943, 0.4211711711711712, 0.30936028539143096, 0.327648224001324, 0.5056417238000358, 0.4106990494273732, 0.32383251137471425, 0.29703458382035947, 0.5204717452091966, 0.5178594208444954, 0.4115319865319866, 0.5007059427544602, 0.4713780495114787, 0.3518457702365749, 0.5182750556997919, 0.3933849338895819]}, "Class": {"std": 0.07225712015302953, "mean": 0.4265440529570764, "err": 0.014451424030605906, "scores": [0.3983426704014939, 0.49025085100369387, 0.512808251289264, 0.5954790823211876, 0.3457569534666052, 0.3591824890932209, 0.4936758893280632, 0.47563928558029495, 0.3261801058690513, 0.42806813910291797, 0.4798290598290598, 0.4598684819857368, 0.32626625160459244, 0.3915134065847974, 0.4531616982836495, 0.33585858585858586, 0.3545516504568229, 0.3612836632031886, 0.3404765842606958, 0.46887140637140634, 0.4013235992402659, 0.5363274740633232, 0.4740270799921306, 0.47150760719225443, 0.3833510575446059]}, "Order": {"std": 0.07686038566226448, "mean": 0.43833899174852825, "err": 0.015372077132452897, "scores": [0.4466355716681596, 0.31599144022337455, 0.40377613376555854, 0.4725686007589341, 0.3305008623167577, 0.3853381112075765, 0.3655699266318735, 0.5296361502347419, 0.4219320324993367, 0.4471432493663383, 0.4494575612587585, 0.3298981284055911, 0.4020116758448436, 0.2824074074074074, 0.4218517588039894, 0.5275227625741232, 0.48067226890756304, 0.45922608681229377, 0.6225444426136467, 0.46332695369199794, 0.4224845702244517, 0.4252426984011617, 0.5229021117770175, 0.5193326942267371, 0.5105015940909721]}, "Family": {"std": 0.04662096044863165, "mean": 0.4538496149575279, "err": 0.009324192089726329, "scores": [0.49849476595239306, 0.35413167032681936, 0.49672599502585973, 0.4234544714205731, 0.5251516221261764, 0.44746654016684256, 0.5106133976282229, 0.458423045050302, 0.47567888667659713, 0.48251627074577086, 0.4310506659123044, 0.39480931346374765, 0.4349019160889795, 0.4435352358765288, 0.45654355206850905, 0.44385963707610054, 0.41820918545056474, 0.39850230531732783, 0.3681593060076032, 0.546017475533776, 0.4687013097672607, 0.43542563607117984, 0.4593030526041741, 0.5219097808116446, 0.4526553367689399]}, "Genus": {"std": 0.03444884081217907, "mean": 0.48841178831334753, "err": 0.006889768162435814, "scores": [0.5015013938206709, 0.5099426797557034, 0.4390085098307522, 0.496021983150696, 0.482775974025974, 0.49715382866120894, 0.4386825664197927, 0.504694822648772, 0.5064159172118194, 0.5291005503018646, 0.4341090151926654, 0.4663721549917225, 0.5615905222670436, 0.45104595981878637, 0.5227320569495145, 0.506575119247243, 0.48874969760079096, 0.5311196958547952, 0.47711428683243834, 0.500777036936754, 0.4181999197426738, 0.525851818131286, 0.44928515989875856, 0.4898342435565776, 0.4816397949853837]}, "Species": {"std": 0.018794803306448313, "mean": 0.5149896472497751, "err": 0.0037589606612896628, "scores": [0.5056259881878145, 0.4966475416197238, 0.4868918838558307, 0.5003189495946752, 0.5124190178297409, 0.5291315424222904, 0.4779490204216865, 0.5185256044112455, 0.49815812971538675, 0.5025710915127818, 0.5284822701489368, 0.5140748245480614, 0.5402608144543629, 0.5351701203644145, 0.4998160889914495, 0.49854082998661314, 0.5444844994468013, 0.5424038795343719, 0.5310325021135924, 0.5537530602929582, 0.5172139263820079, 0.5139398430908758, 0.49935734122885544, 0.5162436990659365, 0.5117287120239623]}}, "weight_decay": 0.01, "n_epochs": 100, "hidden_dim": 512, "alpha": 10, "lr": 0.0001, "batch_size": 20, "early_stopping": 0, "n_classes": 3, "input_dim": 13, "feature_type": "nt_1mer", "model_class": "nonlinear", "binary": 0}