{"scores": {"Phylum": {"std": 0.10065360977597079, "mean": 0.4806505955032398, "err": 0.020130721955194157, "scores": [0.46852303474199464, 0.5674031007751937, 0.45093592623362766, 0.41024543536814567, 0.5150831569553576, 0.3563022700119474, 0.46743205733697907, 0.6581589773079135, 0.34977469248568993, 0.4686429369973674, 0.4815910585141354, 0.5448725234298056, 0.3712450592885375, 0.5375706214689265, 0.32357859531772576, 0.5458638868174662, 0.5252825975717541, 0.41868856538509397, 0.4543896733005175, 0.4528056484578224, 0.42529950669485556, 0.3858395319817849, 0.8003569607343193, 0.4906015037593985, 0.5457775666446354]}, "Class": {"std": 0.10141501105271465, "mean": 0.5303684574476417, "err": 0.02028300221054293, "scores": [0.5103121417343309, 0.581833830622199, 0.37282229965156793, 0.5958252740167634, 0.4487752877432592, 0.5368042024080066, 0.7639957264957266, 0.7044593088071349, 0.7127342164936149, 0.5746999213212532, 0.510897435897436, 0.4336542879143776, 0.5468308327897369, 0.5158851568562244, 0.5952455500504634, 0.41473306923222036, 0.52689765147212, 0.47615782751898905, 0.427012441259296, 0.48693703111194186, 0.45018111104702624, 0.6701388888888888, 0.573846358899794, 0.4180457052797479, 0.41048587867892444]}, "Order": {"std": 0.07928184718331378, "mean": 0.5334968317881493, "err": 0.015856369436662757, "scores": [0.5271894218906684, 0.5120051388495085, 0.47447465612786366, 0.5693965649953948, 0.7033714762855136, 0.4498340634541352, 0.4999139288558376, 0.5516199995537806, 0.6329903159171452, 0.5623728950116637, 0.6244194326245335, 0.47526802540104834, 0.4163408276311502, 0.5645735098403356, 0.37539881980515766, 0.5503044830601296, 0.6102804569531188, 0.5279696962647622, 0.5438918757467145, 0.49343123532766064, 0.7093685010149313, 0.4691001400560224, 0.5262887567060283, 0.4364437338244553, 0.5311728395061729]}, "Family": {"std": 0.047972929636852124, "mean": 0.6087545281157489, "err": 0.009594585927370424, "scores": [0.5681020540424117, 0.5922951881995014, 0.6611657111657112, 0.580723745593752, 0.5092320261437908, 0.6228299462834028, 0.5886359757327498, 0.6173487535176642, 0.5717550756315314, 0.5779452438867293, 0.675032864129589, 0.5801747987927565, 0.6752107680679109, 0.725990286585609, 0.5798149054142204, 0.6501946428174702, 0.5767351933431228, 0.6497369888187985, 0.5560709696842357, 0.5636062277686488, 0.6191850299701896, 0.5881648492787992, 0.6589923932293935, 0.6510281651576991, 0.5788913996380337]}, "Genus": {"std": 0.031115324576781754, "mean": 0.6698725605101299, "err": 0.006223064915356351, "scores": [0.7069444444444445, 0.6540021211554058, 0.697394318149608, 0.6923775527549112, 0.6421987410071942, 0.6682431967858947, 0.6991961554910512, 0.6771657777045021, 0.6377273588480484, 0.652809213590768, 0.667844374342797, 0.7227407653176877, 0.6985666185666185, 0.6618820889775731, 0.6284246520946183, 0.6241468546847976, 0.6744479553479121, 0.641819787050146, 0.6333316952511999, 0.6360681256295211, 0.7017779881905813, 0.731925780312877, 0.6268551871512564, 0.6706375749854011, 0.6982856849184325]}, "Species": {"std": 0.018828476537652246, "mean": 0.7208073106210557, "err": 0.0037656953075304493, "scores": [0.7220779220779221, 0.7492279755972335, 0.7426481511191924, 0.7424671592775041, 0.706190207941629, 0.7298165597901672, 0.7291357833166706, 0.6903659643109185, 0.7207007754908182, 0.6959366416632795, 0.6865499544555774, 0.7192573358878693, 0.7163249142956265, 0.6909010348446367, 0.7162689506553696, 0.719344114087403, 0.7487143407541418, 0.7638164774748973, 0.7168643959688735, 0.704184237193946, 0.7301157627178242, 0.7143212192855929, 0.7227666920848125, 0.717126072935932, 0.7250601222985577]}}, "weight_decay": 0.01, "n_epochs": 100, "hidden_dim": 512, "alpha": 10, "lr": 0.0001, "batch_size": 20, "early_stopping": 0, "n_classes": 3, "input_dim": 122, "feature_type": "cds_3mer", "model_class": "nonlinear", "binary": 0}