{"scores": {"Phylum": {"std": 0.051721565303249235, "mean": 0.4757224004289333, "err": 0.023130587184151962, "scores": [0.4382940601505312, 0.4630276089923587, 0.40907451532618105, 0.517466282888322, 0.5507495347872737]}, "Class": {"std": 0.03165324463577189, "mean": 0.4752952613796406, "err": 0.014155761342803302, "scores": [0.4610438596491228, 0.5073337488103348, 0.42001374245905265, 0.49079365079365084, 0.497291305186042]}, "Order": {"std": 0.052526050117234865, "mean": 0.552739713752199, "err": 0.02349036373033959, "scores": [0.5743513668977627, 0.5098871787619519, 0.5945428360245423, 0.473420116945972, 0.6114970701307662]}, "Family": {"std": 0.03877543471226115, "mean": 0.5839929328756128, "err": 0.017340901574744185, "scores": [0.6017395310894919, 0.5118299814392105, 0.6148632001145968, 0.6153242975677268, 0.5762076541670378]}, "Genus": {"std": 0.017525966969253928, "mean": 0.6322639871958569, "err": 0.007837850702933549, "scores": [0.6243680741808232, 0.6080718672777795, 0.6616643569040236, 0.6304297709182684, 0.6367858666983898]}, "Species": {"std": 0.015253614699001522, "mean": 0.7280430421594721, "err": 0.006821623873911479, "scores": [0.748708348529466, 0.7438169918415749, 0.710567714776568, 0.7174912487347952, 0.7196309069149565]}}, "C": 100, "penalty": "l2", "max_iter": 10000, "feature_type": "cds_5mer", "model_class": "logistic", "binary": 0}