{"scores": {"Phylum": {"std": 0.07401250827848305, "mean": 0.5487710657533725, "err": 0.014802501655696609, "scores": [0.5539251071920827, 0.41077441077441074, 0.6571428571428571, 0.6121794871794871, 0.5895251965011591, 0.5557556533306047, 0.47442680776014107, 0.6047877145438121, 0.5472353489749319, 0.4216427114853309, 0.5597145699418427, 0.4983917615229343, 0.6630876735328988, 0.6036697030935909, 0.4967906726182449, 0.5715442918635952, 0.6031667607754564, 0.42514563932474386, 0.5668655232413622, 0.5957854406130269, 0.660211024697006, 0.41823161189358365, 0.5860243055555555, 0.5056323027782526, 0.537620067497404]}, "Class": {"std": 0.07095606085495225, "mean": 0.5695400805072548, "err": 0.01419121217099045, "scores": [0.5514208418121079, 0.6154495159059474, 0.5143058491895701, 0.5354477461087529, 0.6156137971636126, 0.4803975221761214, 0.6600877192982456, 0.5860215053763441, 0.6616052866052866, 0.6290508257174924, 0.4896029258098224, 0.5457250555955692, 0.4789193233267666, 0.5969583460686442, 0.46999210990439066, 0.6520545258409336, 0.743064182194617, 0.5279330228432024, 0.5450229412249209, 0.57393093393913, 0.5835037491479209, 0.47513105740953837, 0.5514266355775733, 0.49429813290640007, 0.6615384615384616]}, "Order": {"std": 0.06832024848230017, "mean": 0.5755073621729185, "err": 0.013664049696460035, "scores": [0.6458184907739805, 0.5270770313630421, 0.5332585031627439, 0.5589777556990673, 0.5868272388759767, 0.6939168756173544, 0.580355812928427, 0.49113466031787584, 0.64536097351429, 0.5884140905226928, 0.5477310433062645, 0.6139682539682539, 0.4649556374884393, 0.5356475608157666, 0.6486596570995548, 0.4562502339989849, 0.679151243587246, 0.5310095730111595, 0.45940923317683874, 0.7061867838614564, 0.5492063492063491, 0.5936566475187369, 0.6042481481083161, 0.5841039797561537, 0.562358276643991]}, "Family": {"std": 0.052974690403579945, "mean": 0.6038584477742401, "err": 0.01059493808071599, "scores": [0.5985536238787013, 0.5650580780411124, 0.6165074477359994, 0.6447995010488122, 0.5851389811602405, 0.6077144185975586, 0.644090180297238, 0.6381083891521683, 0.678724528987602, 0.6421580876228553, 0.5244043594449274, 0.6200795089683978, 0.6500336414396896, 0.5394272394272394, 0.5709572577628134, 0.5247680690399137, 0.5951319212188778, 0.5832882228947778, 0.6832808605535878, 0.6265357222032057, 0.5742377766116161, 0.6260974978560774, 0.5197603273083797, 0.5184297874516853, 0.7191757656525274]}, "Genus": {"std": 0.042409087852467435, "mean": 0.671917106401358, "err": 0.008481817570493487, "scores": [0.6499552632643159, 0.6245294547264656, 0.7082394657834623, 0.7202828397465936, 0.6599782142833185, 0.6881902530986649, 0.6630463679724764, 0.6956460950474916, 0.6534525330919817, 0.726999842841427, 0.6331523665252178, 0.7513203504128064, 0.6086958620118895, 0.5917444522812525, 0.6918252000736517, 0.6196152760576594, 0.7145342567317089, 0.7302968240014978, 0.6257575757575757, 0.7072913258740648, 0.7202898550724638, 0.6489691326029879, 0.6691813341118896, 0.6549688327608738, 0.6399646859022168]}, "Species": {"std": 0.01665803615530914, "mean": 0.7053347045702663, "err": 0.0033316072310618284, "scores": [0.686552307602544, 0.7065856506872841, 0.6910555907905732, 0.7073443412452701, 0.6992838424678047, 0.7042627909937028, 0.7070153286230236, 0.6688661074867972, 0.6992702488004129, 0.6991388583070751, 0.6849937083376004, 0.7385826740380644, 0.7100702124366514, 0.699486910854119, 0.6965700877133681, 0.7044539877533872, 0.68758810713828, 0.7297248607278184, 0.6861798381730367, 0.7108885161613828, 0.7239731516730115, 0.732891326967549, 0.7321133385766476, 0.7163618190904547, 0.7101140076107985]}}, "weight_decay": 0.01, "n_epochs": 100, "hidden_dim": 512, "alpha": 10, "lr": 0.0001, "batch_size": 20, "early_stopping": 0, "n_classes": 3, "input_dim": 21, "feature_type": "aa_1mer", "model_class": "nonlinear", "binary": 0}