{"scores": {"Phylum": {"std": 0.0757360587888037, "mean": 0.42602673506289995, "err": 0.01514721175776074, "scores": [0.46710942441492725, 0.4733803244909909, 0.42941697678539786, 0.46713056490834265, 0.4387345518772688, 0.4296066252587991, 0.2998917748917749, 0.46214470284237724, 0.47516971352919635, 0.422327852004111, 0.49833029751062535, 0.41326291079812205, 0.3367121507472384, 0.569843092231152, 0.45159978956430247, 0.4277791549405309, 0.3228397868644117, 0.31097906055461233, 0.31522633744855966, 0.43587756683456025, 0.37481146304675717, 0.29126409017713367, 0.4660050936262355, 0.5527065527065527, 0.5185185185185185]}, "Class": {"std": 0.04579954961086661, "mean": 0.451461212938627, "err": 0.009159909922173321, "scores": [0.363603876311198, 0.4460017383746197, 0.46863734679163666, 0.5145748987854252, 0.42800747135140593, 0.41847410803503204, 0.512078127244004, 0.3580202102328823, 0.4582991786810679, 0.4099232232640304, 0.5202627307770339, 0.38763497039359107, 0.49052065647990944, 0.4368480283945808, 0.5015428372105504, 0.3888888888888889, 0.4633518535957561, 0.4738022288160985, 0.4794469901520329, 0.4242209792753771, 0.47117180205415493, 0.421856789044289, 0.5112766750039913, 0.4689180476414519, 0.4691666666666667]}, "Order": {"std": 0.06416721390716905, "mean": 0.4361986276068275, "err": 0.01283344278143381, "scores": [0.43208923208923206, 0.5014676206200698, 0.4000702065550752, 0.4938298649142023, 0.4009030801483631, 0.4174149570688865, 0.539473199144732, 0.5179276448311981, 0.4012928772482229, 0.49413010808142993, 0.2918636298524567, 0.4784725065476074, 0.4294638694638695, 0.3183291245791246, 0.32465277777777773, 0.41242119510370784, 0.46708624708624713, 0.49449372384937246, 0.4795790757968583, 0.46517185275574535, 0.5002760524499655, 0.3433460569707356, 0.4198460940429382, 0.42020067202884803, 0.46116402116402117]}, "Family": {"std": 0.04106709191876784, "mean": 0.46541508221606437, "err": 0.008213418383753567, "scores": [0.4786939629138834, 0.38103546158213214, 0.49492567181246433, 0.5183834172890974, 0.39351012130256763, 0.3796361502347418, 0.48744704570791525, 0.5090227382680214, 0.4327471095912718, 0.4930633955709944, 0.5151046992397634, 0.45761993936151235, 0.42520922519187004, 0.5075162991570118, 0.4621991088612935, 0.49846390168970817, 0.44989384288747347, 0.4805274375166848, 0.4821964821964822, 0.4921478268726845, 0.5203703703703704, 0.4461988304093567, 0.43064697609001407, 0.4288497745085162, 0.46996726677577744]}, "Genus": {"std": 0.03053560799937973, "mean": 0.46843422372329546, "err": 0.006107121599875946, "scores": [0.45879672776224495, 0.47190195920341854, 0.4437908496732026, 0.39425332523607093, 0.4605048065192993, 0.471557500341857, 0.4875134310769124, 0.5165631469979296, 0.46027331260128773, 0.4598386632094497, 0.44019982368498384, 0.46818056954491344, 0.4258991274739306, 0.4603634683343573, 0.4934121796866895, 0.5298156604092678, 0.5023246411966849, 0.5154769759618126, 0.45409992177668945, 0.48674878686076894, 0.46974845910378143, 0.46569437274135267, 0.41414072559266835, 0.4769277612849205, 0.48282939680789144]}, "Species": {"std": 0.010344658014139706, "mean": 0.4748709242330655, "err": 0.002068931602827941, "scores": [0.48211009697011137, 0.4741288868055091, 0.4629210491279457, 0.4885888138701342, 0.480590020767879, 0.47228310502283105, 0.4874403507497032, 0.4799415204678363, 0.4789514759215902, 0.47100237247924087, 0.47421383647798737, 0.4714988277005776, 0.4862514029180696, 0.47111906181673624, 0.4784002229654403, 0.4740362811791383, 0.48195650939646856, 0.4789300452225134, 0.45790143662484084, 0.48252846486062034, 0.4536897897373173, 0.48265107212475633, 0.4619519437626882, 0.48828564114550294, 0.45040087771119924]}}, "feature_type": "nt_1mer", "model_class": "logistic", "binary": 0}