{"scores": {"Phylum": {"std": 0.06043852331020871, "mean": 0.44561765326207975, "err": 0.027028929316266454, "scores": [0.4424276057888816, 0.47455854101646594, 0.356048958652394, 0.5381789249526127, 0.4168742359000442]}, "Class": {"std": 0.048292583061414415, "mean": 0.4594313717388669, "err": 0.021597099706875504, "scores": [0.4773421052631579, 0.5081169712692822, 0.3671248707761176, 0.46457965902410353, 0.47999325236167345]}, "Order": {"std": 0.031844903408706986, "mean": 0.5420428260228279, "err": 0.014241473751756717, "scores": [0.5526818241449951, 0.5081104013953378, 0.5405562036175874, 0.5126198370419502, 0.596245863914269]}, "Family": {"std": 0.035612158442037696, "mean": 0.5704341766169314, "err": 0.015926241420377858, "scores": [0.5857222826488341, 0.5090851317700767, 0.6042687294083943, 0.552838948818298, 0.600255790439054]}, "Genus": {"std": 0.012166563854995208, "mean": 0.6156879108022014, "err": 0.0054410527664722355, "scores": [0.6226901904040539, 0.6173052077886124, 0.5999035538677483, 0.6048886138613861, 0.6336519880892063]}, "Species": {"std": 0.023113903711651812, "mean": 0.6648299524228263, "err": 0.01033685198492763, "scores": [0.6712793962946955, 0.6761910150847815, 0.6270683756850463, 0.6538814060153635, 0.6957295690342452]}}, "C": 100, "penalty": "l2", "max_iter": 10000, "feature_type": "cds_3mer", "model_class": "logistic", "binary": 0}