{"scores": {"Phylum": {"std": 0.10769629422971289, "mean": 0.44662161771394626, "err": 0.04816324696449127, "scores": [0.3333333333333333, 0.34981684981684985, 0.4126954346466542, 0.5193190615251366, 0.617943409247757]}, "Class": {"std": 0.11414003403634707, "mean": 0.5083645631391418, "err": 0.05104497501188235, "scores": [0.34210526315789475, 0.474318364073777, 0.4530897207367796, 0.6185128139306038, 0.6537966537966539]}, "Order": {"std": 0.09097283782383622, "mean": 0.7145572977124651, "err": 0.040684289896032365, "scores": [0.8868494889659942, 0.6958487326372849, 0.6235678908513224, 0.7067929973590351, 0.6597273787486889]}, "Family": {"std": 0.041008851126893876, "mean": 0.7984256283849452, "err": 0.01833971575978071, "scores": [0.8351804489911907, 0.7769869413486434, 0.8328066528066528, 0.727854316434979, 0.8192997823432605]}, "Genus": {"std": 0.03803708596659315, "mean": 0.8897169370623954, "err": 0.017010701977461115, "scores": [0.9203907609263666, 0.8382489612078535, 0.9435418038359215, 0.8832423264664516, 0.8631608328753838]}, "Species": {"std": 0.0026040849054953796, "mean": 0.9969647180209373, "err": 0.0011645821735737569, "scores": [1.0, 0.9959349593495935, 0.9935182603847226, 0.9953703703703703, 1.0]}}, "level": "Species", "feature_type": "KO", "model_class": "meanrel", "binary": 0}