{"Phylum": {"std": 0.1275549312859295, "mean": 0.7171253825972306, "err": 0.05704429944413061}, "Class": {"std": 0.14155554460023775, "mean": 0.72322224272688, "err": 0.06330556406362697}, "Order": {"std": 0.08180541421790476, "mean": 0.7538417980760549, "err": 0.03658449342375256}, "Family": {"std": 0.0307683202323899, "mean": 0.7796783521748685, "err": 0.013760011118621188}, "Genus": {"std": 0.03998678195220713, "mean": 0.8371101083715876, "err": 0.01788263252931938}, "Species": {"std": 0.011434311789764397, "mean": 0.8704845005933276, "err": 0.0051135796875680945}}