{"scores": {"Phylum": {"std": 0.082071850593747, "mean": 0.41521599598028286, "err": 0.03670364739336495, "scores": [0.3135852690136068, 0.318414188836724, 0.47968978595509193, 0.5028134015440858, 0.46157733455190586]}, "Class": {"std": 0.08444630671216088, "mean": 0.39454038305541655, "err": 0.0377655364514377, "scores": [0.3313681561861113, 0.2591107657774324, 0.45463762428048143, 0.47155609822276484, 0.4560292708102927]}, "Order": {"std": 0.05199981050278288, "mean": 0.4109101832437753, "err": 0.023255022220266007, "scores": [0.3704004894050143, 0.47892117357121905, 0.36720814586234324, 0.3679602290713402, 0.47006087830896015]}, "Family": {"std": 0.040426296288074266, "mean": 0.4298888033023722, "err": 0.018079189315736294, "scores": [0.43609208002192384, 0.4493293801591782, 0.48131271287857863, 0.35863740384576026, 0.42407243960642016]}, "Genus": {"std": 0.022137210936156396, "mean": 0.49932153201094975, "err": 0.009900061697099491, "scores": [0.519014305254759, 0.48635810913512695, 0.4874217796002147, 0.4724155966233002, 0.5313978694413477]}, "Species": {"std": 0.021565257540969586, "mean": 0.5318444163995139, "err": 0.00964427636277959, "scores": [0.5349837662337662, 0.5429687786765909, 0.5628619058586485, 0.5193136239806219, 0.49909400724794195]}}, "weight_decay": 0.01, "n_epochs": 100, "hidden_dim": 512, "alpha": 10, "lr": 1e-05, "batch_size": 20, "early_stopping": 1, "n_classes": 3, "input_dim": 118, "feature_type": "nt_2mer", "model_class": "nonlinear", "binary": 0}