{"scores": {"Phylum": {"std": 0.0890348457719533, "mean": 0.5186209961914742, "err": 0.03981759350245946, "scores": [0.3959286962762734, 0.6344707923655292, 0.44040220450281425, 0.5878495063001491, 0.534453781512605]}, "Class": {"std": 0.08343464390910231, "mean": 0.558516143533864, "err": 0.037313107091848305, "scores": [0.4167332545828411, 0.6522011160117617, 0.5179144385026738, 0.589729602532837, 0.6160023060392064]}, "Order": {"std": 0.061981987147531836, "mean": 0.5940255973439192, "err": 0.027719187328479892, "scores": [0.5380681715070048, 0.5499557270011396, 0.6423272103785506, 0.5475537041574777, 0.6922231736754231]}, "Family": {"std": 0.043161357597505494, "mean": 0.6885662262313786, "err": 0.019302345917839858, "scores": [0.6843259042747535, 0.7580715974332995, 0.6736613536613536, 0.6248160194834043, 0.7019562563040823]}, "Genus": {"std": 0.03977972031157534, "mean": 0.7480941964468634, "err": 0.017790031748522315, "scores": [0.7748567537824993, 0.6695855933009801, 0.7574817836255745, 0.7644232095088387, 0.7741236420164245]}, "Species": {"std": 0.028787048739238177, "mean": 0.8080576196058065, "err": 0.012873959570507236, "scores": [0.7950832874965873, 0.844083759418587, 0.8149842592728453, 0.7600538321521242, 0.8260829596888879]}}, "weight_decay": 0.01, "n_epochs": 100, "hidden_dim": 512, "alpha": 10, "lr": 1e-05, "batch_size": 20, "early_stopping": 1, "n_classes": 3, "input_dim": 1024, "feature_type": "embedding.genome", "model_class": "nonlinear", "binary": 0}