{"training_acc": 0.6960712446651648, "validation_acc": 0.693243874495923, "classes": ["aerobe", "anaerobe", "facultative"], "confusion_matrix": [215, 32, 92, 9, 184, 50, 18, 6, 53], "f1_score": 0.7180759316637075, "training_losses": [0.6563071012496948, 0.6426261067390442, 0.6326684355735779, 0.6245467662811279, 0.6174898743629456, 0.6111306548118591, 0.6052859425544739, 0.5998503565788269, 0.5947611927986145, 0.5899807810783386, 0.5854796171188354, 0.5812327861785889, 0.5772108435630798, 0.573390007019043, 0.5697490572929382, 0.5662709474563599, 0.5629445314407349, 0.5597599148750305, 0.5567037463188171, 0.5537693500518799, 0.550944447517395, 0.5482159852981567, 0.545581042766571, 0.5430285930633545, 0.540553629398346, 0.5381491184234619, 0.5358116626739502, 0.5335348844528198, 0.531316339969635, 0.5291483402252197, 0.5270283222198486, 0.5249571204185486, 0.5229328870773315, 0.5209442377090454, 0.5189977288246155, 0.5171014666557312, 0.5152490735054016, 0.513435423374176, 0.5116595029830933, 0.5099242925643921, 0.5082253813743591, 0.506563663482666, 0.5049394369125366, 0.5033494830131531, 0.5017874836921692, 0.5002565979957581, 0.4987565279006958, 0.4972849488258362, 0.49583902955055237, 0.4944194257259369, 0.49302759766578674, 0.49166038632392883, 0.4903154969215393, 0.48899391293525696, 0.48769626021385193, 0.486420601606369, 0.4851703941822052, 0.48394688963890076, 0.4827498197555542, 0.48157650232315063, 0.4804261028766632, 0.4792989194393158, 0.4781934916973114, 0.4771089553833008, 0.4760436415672302, 0.4749964773654938, 0.4739691913127899, 0.4729597270488739, 0.471966415643692, 0.4709903597831726, 0.4700303375720978, 0.4690839946269989, 0.46815139055252075, 0.4672306180000305, 0.466323584318161, 0.46543794870376587, 0.4645705223083496, 0.463716059923172, 0.46288028359413147, 0.46206095814704895, 0.46125727891921997, 0.46046769618988037, 0.4596938192844391, 0.4589345157146454, 0.4581897556781769, 0.457457572221756, 0.45673903822898865, 0.45603087544441223, 0.45533135533332825, 0.454641729593277, 0.4539678692817688, 0.45330414175987244, 0.45265641808509827, 0.4520227611064911, 0.4514014422893524, 0.4507910907268524, 0.45019111037254333, 0.4496019780635834, 0.44902417063713074, 0.4484584331512451], "validation_losses": [0.21106046438217163, 0.20614829659461975, 0.2028076946735382, 0.20022708177566528, 0.19806458055973053, 0.19615785777568817, 0.194425567984581, 0.19282248616218567, 0.19132262468338013, 0.18991203606128693, 0.18857964873313904, 0.18731741607189178, 0.1861157864332199, 0.18496821820735931, 0.1838691681623459, 0.1828153133392334, 0.18180425465106964, 0.18083304166793823, 0.1798977255821228, 0.17899714410305023, 0.17812927067279816, 0.17728956043720245, 0.17647778987884521, 0.17568959295749664, 0.17492122948169708, 0.17417313158512115, 0.173444002866745, 0.17273293435573578, 0.17203852534294128, 0.17135995626449585, 0.17069470882415771, 0.17004652321338654, 0.16941364109516144, 0.1687941998243332, 0.16819030046463013, 0.1676025092601776, 0.16702833771705627, 0.1664658784866333, 0.1659165918827057, 0.16537979245185852, 0.16485373675823212, 0.16433966159820557, 0.1638367623090744, 0.16334280371665955, 0.1628578007221222, 0.16238568723201752, 0.16192303597927094, 0.16146902740001678, 0.16102415323257446, 0.16058862209320068, 0.1601642221212387, 0.15974938869476318, 0.15934275090694427, 0.15894241631031036, 0.1585492491722107, 0.15816375613212585, 0.1577848345041275, 0.15741285681724548, 0.15705090761184692, 0.15669411420822144, 0.15634435415267944, 0.1560017466545105, 0.15566645562648773, 0.15533609688282013, 0.15501195192337036, 0.1546933650970459, 0.15438172221183777, 0.15407350659370422, 0.1537701040506363, 0.153472438454628, 0.1531796008348465, 0.15289521217346191, 0.15261496603488922, 0.1523398458957672, 0.15206976234912872, 0.1518043726682663, 0.15154588222503662, 0.15129126608371735, 0.15104222297668457, 0.15079866349697113, 0.15055938065052032, 0.15032635629177094, 0.15009668469429016, 0.14987234771251678, 0.1496526300907135, 0.1494361311197281, 0.1492232084274292, 0.149014413356781, 0.1488080769777298, 0.14860382676124573, 0.14840608835220337, 0.14821164309978485, 0.1480223536491394, 0.14783936738967896, 0.14766094088554382, 0.14748594164848328, 0.1473126858472824, 0.1471439003944397, 0.14697830379009247, 0.14681760966777802], "training_accs": [0.36703603648835853, 0.3956238052273977, 0.40985681007457914, 0.4252462213234682, 0.4475480309339033, 0.45965928016366214, 0.48008835806555766, 0.49911394996422526, 0.5165844072085867, 0.5298559514547779, 0.5468075032112439, 0.5584740113552237, 0.5675368002337718, 0.5770608159228604, 0.5853249753650277, 0.5925608037028947, 0.5974127720737764, 0.5980177494732845, 0.603430747550517, 0.6092190213593379, 0.6120202812763674, 0.616081397440318, 0.6213086415427883, 0.6245712491030189, 0.6293273031928148, 0.6283889326148521, 0.6263285026241876, 0.6307571172902771, 0.6323864163466993, 0.6367671947049068, 0.6360585257948634, 0.6362422146296023, 0.6384805005329185, 0.6410921178604606, 0.6398282521661537, 0.6418788397873452, 0.646451205042402, 0.6477110612893232, 0.6509316654637592, 0.6496199634615704, 0.6496658554620899, 0.6512531511327176, 0.6514867414153619, 0.6542880013323913, 0.6552223624629683, 0.656809658133596, 0.6581633635215794, 0.6579737209320923, 0.6611943251065283, 0.6616615056718168, 0.6621286862371053, 0.662689715943456, 0.6629213619187379, 0.6631549522013821, 0.6646025067304281, 0.6671701763648133, 0.6674976157885198, 0.6693204460491543, 0.6710015908608443, 0.6723092834156476, 0.6725428736982918, 0.6734313428283492, 0.6736649331109934, 0.6743657039589261, 0.6746931433826328, 0.675348022230046, 0.6747869925236952, 0.6760468487706163, 0.6778198984160063, 0.6780534886986507, 0.678941957828708, 0.678055433006013, 0.6790836432776524, 0.6793172335602966, 0.6801118535492918, 0.681231968654631, 0.6818849031946819, 0.6831467037489652, 0.6848278485606555, 0.6864151442312832, 0.6885156333003799, 0.6887492235830243, 0.6889828138656684, 0.6892164041483128, 0.6892164041483128, 0.6896835847136012, 0.6896835847136012, 0.6904782047025962, 0.6910372901015847, 0.6918319100905798, 0.6918319100905798, 0.6918319100905798, 0.6921593495142865, 0.6921593495142865, 0.6930458743369815, 0.6930458743369815, 0.693373313760688, 0.694259838583383, 0.6960328882287731, 0.6962664785114173],