{"training_acc": 0.7735654824606973, "validation_acc": 0.758168219000733, "classes": ["aerobe", "anaerobe", "facultative"], "confusion_matrix": [253, 13, 73, 13, 182, 48, 16, 1, 60], "f1_score": 0.7792433525530534, "training_losses": [0.5739385485649109, 0.5368162989616394, 0.5111281871795654, 0.4911752939224243, 0.47503113746643066, 0.46168985962867737, 0.4504098892211914, 0.44073486328125, 0.43257957696914673, 0.4256901144981384, 0.41971585154533386, 0.4144723117351532, 0.4098629653453827, 0.4057498574256897, 0.4020829200744629, 0.39878833293914795, 0.3957745432853699, 0.39297622442245483, 0.39039942622184753, 0.38800525665283203, 0.38578760623931885, 0.3837083876132965, 0.3817564845085144, 0.3799225091934204, 0.37818050384521484, 0.3765227198600769, 0.3749518394470215, 0.3734322488307953, 0.37198391556739807, 0.37057939171791077, 0.36922723054885864, 0.3679211437702179, 0.3666515052318573, 0.36542126536369324, 0.3642183244228363, 0.3630417585372925, 0.361908495426178, 0.36080852150917053, 0.3597352206707001, 0.35869166254997253, 0.3576696813106537, 0.3566763997077942, 0.35567909479141235, 0.35472431778907776, 0.35377970337867737, 0.3528531789779663, 0.3519580364227295, 0.3510638475418091, 0.3502005934715271, 0.34934180974960327, 0.3484981060028076, 0.34767088294029236, 0.34685492515563965, 0.34604811668395996, 0.34525537490844727, 0.34447604417800903, 0.34371399879455566, 0.3429577946662903, 0.34221234917640686, 0.3414629101753235, 0.3407507538795471, 0.3400370478630066, 0.3393303453922272, 0.33864131569862366, 0.33795100450515747, 0.33727598190307617, 0.3366139233112335, 0.33596351742744446, 0.3353134095668793, 0.33467212319374084, 0.3340325951576233, 0.3334159255027771, 0.3327983021736145, 0.33217981457710266, 0.3315836191177368, 0.3309862017631531, 0.3304082751274109, 0.3298206329345703, 0.3292579650878906, 0.32869014143943787, 0.3281315267086029, 0.3275800347328186, 0.3270416855812073, 0.32651016116142273, 0.32596731185913086, 0.32544347643852234, 0.32492125034332275, 0.3244081139564514, 0.32389089465141296, 0.3233738839626312, 0.32287701964378357, 0.3223860561847687, 0.3218936622142792, 0.32141000032424927, 0.3209294378757477, 0.3204483091831207, 0.31997376680374146, 0.3195079565048218, 0.3190450370311737, 0.31857770681381226], "validation_losses": [0.1826414316892624, 0.17247195541858673, 0.16466784477233887, 0.15862077474594116, 0.15383942425251007, 0.14992086589336395, 0.14669306576251984, 0.14402198791503906, 0.14180147647857666, 0.13997244834899902, 0.13841140270233154, 0.13706940412521362, 0.1359390914440155, 0.1349410116672516, 0.1340595930814743, 0.13325965404510498, 0.13254529237747192, 0.1318793147802353, 0.13124482333660126, 0.13064152002334595, 0.13010255992412567, 0.12959051132202148, 0.12911295890808105, 0.12865304946899414, 0.12819693982601166, 0.1277862787246704, 0.1273784190416336, 0.12698830664157867, 0.12659180164337158, 0.12621426582336426, 0.12583674490451813, 0.12547630071640015, 0.125104621052742, 0.12477422505617142, 0.12441159784793854, 0.12407321482896805, 0.12374944984912872, 0.12343323975801468, 0.12311669439077377, 0.12281226366758347, 0.12249854952096939, 0.12220413237810135, 0.12190946936607361, 0.12162628769874573, 0.12135941535234451, 0.12107240408658981, 0.12080387026071548, 0.12053232640028, 0.12028539925813675, 0.12001953274011612, 0.11975840479135513, 0.11949943751096725, 0.11925261467695236, 0.11898244172334671, 0.11874065548181534, 0.11849295347929001, 0.1182420626282692, 0.11799456924200058, 0.11775266379117966, 0.11752787977457047, 0.11730397492647171, 0.11708620935678482, 0.116866335272789, 0.11665769666433334, 0.11645220965147018, 0.11622495204210281, 0.11602889746427536, 0.11583682894706726, 0.11563847959041595, 0.11544030159711838, 0.11524659395217896, 0.11507446318864822, 0.11487355828285217, 0.1146872490644455, 0.1145075261592865, 0.11433029919862747, 0.1141471415758133, 0.1139754056930542, 0.11379419267177582, 0.11363518238067627, 0.11346089839935303, 0.11328879743814468, 0.11311955749988556, 0.11297018826007843, 0.11279793828725815, 0.11262880265712738, 0.1124817281961441, 0.11231879889965057, 0.11217424273490906, 0.1120159924030304, 0.11187246441841125, 0.11173096299171448, 0.11157809942960739, 0.1114492118358612, 0.11130080372095108, 0.11115419864654541, 0.11101370304822922, 0.11086776852607727, 0.11074616760015488, 0.11060012131929398], "training_accs": [0.5528804880620114, 0.633981126748794, 0.6565855477224419, 0.6680582829968879, 0.6780034664180844, 0.6894459849835711, 0.6971489938867266, 0.6995309095463494, 0.702284333155497, 0.7056446784715148, 0.7067647935768541, 0.7080246498237752, 0.7075574692584867, 0.7092826825959948, 0.7096560140202209, 0.7101231945855094, 0.712315588488306, 0.712315588488306, 0.7116607096408929, 0.7132001690036387, 0.7135735004278647, 0.7146936155332041, 0.7155801403558991, 0.7167002554612384, 0.7155801403558991, 0.7172612851675892, 0.718800744530335, 0.7190343348129793, 0.7189404856719169, 0.7189404856719169, 0.7200606007772562, 0.720152505610956, 0.7223927358216348, 0.723512850926974, 0.7241657854670248, 0.7275261307830426, 0.7284126556057376, 0.7286462458883819, 0.7300938004174277, 0.7312139155227669, 0.7323340306281064, 0.7334541457334455, 0.7349017002624915, 0.7369083401905258, 0.7369083401905258, 0.73714193047317, 0.7374693698968766, 0.7382620455785093, 0.7396635872743748, 0.7402246169807256, 0.7411111418034206, 0.7415783223687091, 0.7419057617924159, 0.7419057617924159, 0.7419057617924159, 0.7429339720640552, 0.746154576238491, 0.7475082816264745, 0.7477418719091188, 0.7482090524744073, 0.7482090524744073, 0.7484426427570515, 0.7484426427570515, 0.74890982332234, 0.750730709275612, 0.7518508243809513, 0.7518508243809513, 0.7518508243809513, 0.7525037589210021, 0.7530647886273529, 0.7541868480400548, 0.7560077339933268, 0.7569420951239038, 0.757409275689192, 0.7593240107835265, 0.7600247816314591, 0.7617059264431494, 0.7622669561495002, 0.762967726997433, 0.7639959372690722, 0.7656770820807625, 0.7653496426570557, 0.7658168232223442, 0.765722974081282, 0.7661901546465705, 0.7669847746355657, 0.7672183649182097, 0.7676855454834982, 0.769272841154126, 0.7699736120020587, 0.7714690028389866, 0.7732898887922586, 0.7745516893465422, 0.7744578402054797, 0.7734774662417223, 0.7741782370896552, 0.7744118273722993, 0.774739266796006, 0.774739266796006, 0.7744118273722993],