{"training_acc": 0.8616251548134904, "validation_acc": 0.8360756351579033, "classes": ["aerobe", "anaerobe", "facultative"], "confusion_matrix": [295, 6, 38, 14, 215, 14, 16, 3, 58], "f1_score": 0.869092426010465, "training_losses": [0.4722330570220947, 0.4034367501735687, 0.3752104341983795, 0.3585139214992523, 0.3467208445072174, 0.33755165338516235, 0.33010607957839966, 0.32383257150650024, 0.3183945119380951, 0.3136407434940338, 0.30944573879241943, 0.3056688904762268, 0.30226680636405945, 0.2991291582584381, 0.2962445020675659, 0.29358333349227905, 0.2910940945148468, 0.2887788712978363, 0.28661251068115234, 0.28458690643310547, 0.28266221284866333, 0.2808540463447571, 0.27912262082099915, 0.27746284008026123, 0.2758837938308716, 0.2743705213069916, 0.27292025089263916, 0.27151715755462646, 0.2701612412929535, 0.26885655522346497, 0.2675955295562744, 0.2663727402687073, 0.26519501209259033, 0.2640500068664551, 0.26295268535614014, 0.261871337890625, 0.2608276903629303, 0.2598215341567993, 0.25883540511131287, 0.2578716576099396, 0.25694239139556885, 0.25602540373802185, 0.2551426887512207, 0.25426551699638367, 0.25341594219207764, 0.2525786757469177, 0.25175702571868896, 0.2509572505950928, 0.2501641511917114, 0.24940884113311768, 0.24863995611667633, 0.24790240824222565, 0.24718256294727325, 0.24647368490695953, 0.2457558512687683, 0.24507400393486023, 0.24438852071762085, 0.2437170445919037, 0.2430611103773117, 0.24240680038928986, 0.24174456298351288, 0.2411285638809204, 0.2404949963092804, 0.23988448083400726, 0.2392689287662506, 0.23867450654506683, 0.23808646202087402, 0.23749621212482452, 0.23692107200622559, 0.23634524643421173, 0.23580144345760345, 0.2352336049079895, 0.23467561602592468, 0.23412606120109558, 0.233595073223114, 0.23305338621139526, 0.23253323137760162, 0.2320001870393753, 0.23149502277374268, 0.23098301887512207, 0.2304660826921463, 0.22998210787773132, 0.22949036955833435, 0.22900386154651642, 0.2285153716802597, 0.22802193462848663, 0.2275560051202774, 0.22707857191562653, 0.2266181856393814, 0.22614336013793945, 0.225697323679924, 0.2252347469329834, 0.2247868776321411, 0.2243482768535614, 0.22389979660511017, 0.22344914078712463, 0.22301453351974487, 0.22258947789669037, 0.22214898467063904, 0.22172628343105316], "validation_losses": [0.15134811401367188, 0.12590086460113525, 0.11485331505537033, 0.10814123600721359, 0.10345106571912766, 0.10002066195011139, 0.09741785377264023, 0.09536527097225189, 0.093703992664814, 0.09232434630393982, 0.09113026410341263, 0.09009534120559692, 0.08917518705129623, 0.08836840093135834, 0.08764993399381638, 0.08698076754808426, 0.08638836443424225, 0.08582913130521774, 0.08531443029642105, 0.08482518047094345, 0.08438616245985031, 0.08397827297449112, 0.08360998332500458, 0.08327152580022812, 0.0829465463757515, 0.08265045285224915, 0.08236028999090195, 0.08209507912397385, 0.08183035999536514, 0.08157755434513092, 0.08133000135421753, 0.0811137706041336, 0.08088590204715729, 0.08068975806236267, 0.08048804104328156, 0.08030363917350769, 0.08011844009160995, 0.07994299381971359, 0.07977571338415146, 0.0796101912856102, 0.07944122701883316, 0.07928672432899475, 0.07912518829107285, 0.07899021357297897, 0.07883665710687637, 0.07869528234004974, 0.07856544852256775, 0.07843150198459625, 0.07831092923879623, 0.07819592952728271, 0.07807865738868713, 0.07795316725969315, 0.07784070819616318, 0.07771416008472443, 0.07760664820671082, 0.07749664783477783, 0.0773792490363121, 0.07727377861738205, 0.07716052234172821, 0.0770668089389801, 0.07696664333343506, 0.07686246931552887, 0.07675299048423767, 0.0766591727733612, 0.07657144963741302, 0.07646365463733673, 0.07636035978794098, 0.07626689225435257, 0.07617873698472977, 0.07609061151742935, 0.0759715586900711, 0.07588767260313034, 0.07579196244478226, 0.07571199536323547, 0.07562118768692017, 0.07553014904260635, 0.07544325292110443, 0.07535627484321594, 0.07526892423629761, 0.07520301640033722, 0.07512038946151733, 0.07503223419189453, 0.07494662702083588, 0.07485875487327576, 0.07478490471839905, 0.07471061497926712, 0.07462625205516815, 0.07454878091812134, 0.07446859031915665, 0.07438568025827408, 0.07430315762758255, 0.07423973083496094, 0.07415001839399338, 0.07407718896865845, 0.07398254424333572, 0.07394112646579742, 0.07385396957397461, 0.07378669083118439, 0.07371629774570465, 0.07365091890096664], "training_accs": [0.7212540808362983, 0.7393295154801676, 0.7404075063670512, 0.7445624716720642, 0.7539064454758168, 0.7589058113850692, 0.7666605452108315, 0.7686728972282921, 0.775688745435052, 0.7842001053114006, 0.788506598434831, 0.7943506066136446, 0.7980422799680941, 0.8000489198961281, 0.8016362155667559, 0.8045313246248478, 0.8063063185776004, 0.8065399088602444, 0.8086403979293412, 0.8073345288492396, 0.8102296379073314, 0.8112100118710889, 0.8129850058238414, 0.8136379403638921, 0.8164392002809215, 0.8174654662451984, 0.8190527619158262, 0.8210594018438605, 0.8222273532570817, 0.8225547926807883, 0.8243756786340604, 0.8267097579858014, 0.827037197409508, 0.827923722232203, 0.8273626925258522, 0.8286685616059537, 0.8304416112513437, 0.8308609555087503, 0.8310945457913945, 0.8328675954367846, 0.8337541202594796, 0.8335683662847173, 0.8350159208137633, 0.8355769505201142, 0.8367909147665157, 0.8376774395892107, 0.8382365249881992, 0.8391230498108943, 0.839775984350945, 0.8403370140572958, 0.8403370140572958, 0.841223538879991, 0.842110063702686, 0.8429985328327434, 0.8447715824781334, 0.8457519564418909, 0.8471056618298743, 0.8462191370071793, 0.8466863175724678, 0.8475728423951628, 0.8475728423951628, 0.8473392521125186, 0.8473392521125186, 0.8480400229604513, 0.8491601380657906, 0.8509331877111806, 0.8514942174175314, 0.8514942174175314, 0.8532672670629217, 0.8532672670629217, 0.8538282967692724, 0.8538282967692724, 0.8529417719465774, 0.8538282967692724, 0.8547148215919674, 0.8547148215919674, 0.8547148215919674, 0.8547148215919674, 0.8550422610156742, 0.8559287858383692, 0.8563959664036577, 0.8584964554727543, 0.8587300457553986, 0.8594308166033313, 0.8603173414260263, 0.8607845219913148, 0.8610181122739591, 0.8612517025566033, 0.8623718176619426, 0.8626054079445868, 0.8626054079445868, 0.8628389982272311, 0.8630725885098753, 0.8630725885098753, 0.8638672084988704, 0.8638672084988704, 0.8638672084988704, 0.8638672084988704, 0.8638672084988704, 0.8647537333215655],