{"training_acc": 0.6557035312634101, "validation_acc": 0.6317195919227544, "classes": ["aerobe", "anaerobe", "facultative"], "confusion_matrix": [210, 39, 82, 12, 170, 53, 19, 12, 36], "f1_score": 0.6927806695902011, "training_losses": [0.6399189829826355, 0.6247260570526123, 0.6121549010276794, 0.6016432046890259, 0.5927323698997498, 0.5850651860237122, 0.5783693790435791, 0.5724384188652039, 0.5671176314353943, 0.5622924566268921, 0.5578754544258118, 0.5537988543510437, 0.5500106811523438, 0.5464717745780945, 0.5431501865386963, 0.5400209426879883, 0.5370633006095886, 0.5342603921890259, 0.531597912311554, 0.529063880443573, 0.5266481637954712, 0.5243424773216248, 0.5221395492553711, 0.5200327038764954, 0.5180167555809021, 0.5160857439041138, 0.514235258102417, 0.5124608874320984, 0.5107588768005371, 0.5091249346733093, 0.5075556635856628, 0.5060479044914246, 0.5045980215072632, 0.5032031536102295, 0.5018606781959534, 0.5005682706832886, 0.49932312965393066, 0.49812331795692444, 0.49696648120880127, 0.49585065245628357, 0.49477413296699524, 0.4937351644039154, 0.49273183941841125, 0.49176234006881714, 0.49082502722740173, 0.48991858959198, 0.48904141783714294, 0.4881921708583832, 0.4873698651790619, 0.4865739643573761, 0.48580285906791687, 0.4850552976131439, 0.48432955145835876, 0.48362505435943604, 0.48294031620025635, 0.4822753369808197, 0.48162931203842163, 0.4810011088848114, 0.4803900420665741, 0.4797957241535187, 0.47921738028526306, 0.47865381836891174, 0.4781044125556946, 0.4775688052177429, 0.47704651951789856, 0.4765368103981018, 0.47603923082351685, 0.4755537509918213, 0.47507965564727783, 0.4746161103248596, 0.47416338324546814, 0.47372105717658997, 0.47328871488571167, 0.4728660583496094, 0.4724526107311249, 0.4720478653907776, 0.47165101766586304, 0.4712623059749603, 0.4708811342716217, 0.47050759196281433, 0.4701414406299591, 0.4697823226451874, 0.46943044662475586, 0.4690849483013153, 0.4687458574771881, 0.4684131443500519, 0.468085914850235, 0.4677644670009613, 0.4674479365348816, 0.46713685989379883, 0.4668312668800354, 0.4665309488773346, 0.46623581647872925, 0.4659457504749298, 0.4656607210636139, 0.46538046002388, 0.4651046395301819, 0.46483293175697327, 0.4645652770996094, 0.4643019735813141], "validation_losses": [0.2092789113521576, 0.2037908136844635, 0.19918635487556458, 0.1953466832637787, 0.19213487207889557, 0.18942253291606903, 0.18710026144981384, 0.18508003652095795, 0.1832938939332962, 0.18169085681438446, 0.1802327036857605, 0.17889074981212616, 0.17764301598072052, 0.17647400498390198, 0.17537154257297516, 0.1743268519639969, 0.17333337664604187, 0.172386035323143, 0.17148111760616302, 0.17061521112918854, 0.1697862148284912, 0.16899165511131287, 0.1682300716638565, 0.16750027239322662, 0.16680076718330383, 0.1661304086446762, 0.1654883474111557, 0.16487352550029755, 0.16428475081920624, 0.16372093558311462, 0.1631811112165451, 0.16266410052776337, 0.16216883063316345, 0.1616944521665573, 0.16123974323272705, 0.16080379486083984, 0.16038571298122406, 0.15998490154743195, 0.15960033237934113, 0.15923155844211578, 0.1588779091835022, 0.15853817760944366, 0.15821194648742676, 0.15789836645126343, 0.15759675204753876, 0.1573069989681244, 0.15702778100967407, 0.15675872564315796, 0.15650002658367157, 0.1562509387731552, 0.15601086616516113, 0.15577925741672516, 0.15555524826049805, 0.1553386151790619, 0.15512919425964355, 0.15492680668830872, 0.154730886220932, 0.1545410007238388, 0.1543569266796112, 0.15417851507663727, 0.15400542318820953, 0.1538374274969101, 0.15367408096790314, 0.1535150706768036, 0.15336041152477264, 0.15320980548858643, 0.15306320786476135, 0.1529202163219452, 0.15278089046478271, 0.1526448130607605, 0.15251222252845764, 0.15238267183303833, 0.15225622057914734, 0.15213267505168915, 0.15201179683208466, 0.1518935114145279, 0.1517772525548935, 0.15166336297988892, 0.1515517383813858, 0.1514427363872528, 0.15133577585220337, 0.1512305736541748, 0.15112780034542084, 0.151027113199234, 0.1509283185005188, 0.1508314311504364, 0.1507360339164734, 0.15064245462417603, 0.15055018663406372, 0.15045951306819916, 0.15037058293819427, 0.15028323233127594, 0.15019749104976654, 0.15011349320411682, 0.15003074705600739, 0.14994937181472778, 0.14986911416053772, 0.14978988468647003, 0.14971166849136353, 0.14963461458683014], "training_accs": [0.43334233617905515, 0.44996012699039434, 0.4712272706707852, 0.49581669292115843, 0.5171720370697885, 0.5296773782250866, 0.5374540317896424, 0.544916591147872, 0.5555431480803602, 0.5615450985446008, 0.5654772170878583, 0.5715945822062639, 0.5750745248256899, 0.5808027796400416, 0.5826846485942537, 0.5846295831682431, 0.5869213786510081, 0.5883201558177805, 0.5906851165594323, 0.5898242479996089, 0.5931244764525315, 0.5965300199205098, 0.5978121485405564, 0.5971814923427826, 0.6017430331912529, 0.6060207787507249, 0.6096470518879241, 0.6102354586904196, 0.6097410333713098, 0.6102985243101969, 0.6119697632342974, 0.6120750782493533, 0.6141240939458376, 0.6133572068693999, 0.6128205321550116, 0.6146280019577762, 0.6149748628665518, 0.6161630100032127, 0.6187064510188068, 0.6203045246840206, 0.6223226245168968, 0.623152577213112, 0.6243293908181028, 0.6246762517268784, 0.623698734620329, 0.6267139338916926, 0.6276801174665718, 0.6273332565577961, 0.6272279415427404, 0.6290354113455049, 0.6290354113455049, 0.6289300963304493, 0.6300015949203842, 0.6338580804196332, 0.6343411722070728, 0.6346880331158483, 0.6349295790095681, 0.6363901879035571, 0.6364955029186129, 0.6369785947060526, 0.639175174812871, 0.6406471172385301, 0.6418661802387994, 0.6421077261325191, 0.6414770699347453, 0.6426961329350145, 0.6452395739506086, 0.6452395739506086, 0.6457226657380483, 0.6449866945252186, 0.6455751013277141, 0.6456804163427698, 0.6450920095402745, 0.6463110725405437, 0.6465835342978717, 0.648632549994356, 0.6488740958880759, 0.6491156417817957, 0.6491156417817957, 0.6499455944780109, 0.6523837204785492, 0.652625266372269, 0.653949644387594, 0.653949644387594, 0.6551687073878631, 0.6547165314640319, 0.6554411691451912, 0.6566488986137903, 0.6576150821886695, 0.6566375650821201, 0.6563960191884003, 0.65687911097584, 0.6585503498999404, 0.6595278670064898, 0.6600109587939293, 0.6604940505813691, 0.6595165334748198, 0.6585390163682704, 0.6581921554594947, 0.6584337013532146],