{"training_acc": 0.549976617724177, "validation_acc": 0.5334719421903952, "classes": ["aerobe", "anaerobe", "facultative"], "confusion_matrix": [192, 90, 57, 23, 185, 35, 24, 32, 21], "f1_score": 0.6156476069558284, "training_losses": [0.6401032209396362, 0.6284498572349548, 0.6209734678268433, 0.6159491539001465, 0.6123533248901367, 0.6096283793449402, 0.607464075088501, 0.6056810021400452, 0.6041692495346069, 0.6028589606285095, 0.6017033457756042, 0.600669801235199, 0.5997354388237, 0.5988824367523193, 0.5980977416038513, 0.5973708629608154, 0.596693754196167, 0.596060037612915, 0.5954639911651611, 0.5949010848999023, 0.5943678617477417, 0.5938613414764404, 0.5933786034584045, 0.5929174423217773, 0.5924761295318604, 0.5920528173446655, 0.5916459560394287, 0.5912544131278992, 0.5908772349357605, 0.5905130505561829, 0.5901609659194946, 0.5898199081420898, 0.5894895792007446, 0.5891691446304321, 0.588857889175415, 0.5885553359985352, 0.5882608294487, 0.5879743695259094, 0.5876954197883606, 0.5874233245849609, 0.5871578454971313, 0.5868985056877136, 0.5866451859474182, 0.5863973498344421, 0.5861549377441406, 0.5859178304672241, 0.5856856107711792, 0.5854582190513611, 0.5852354764938354, 0.5850173234939575, 0.5848035216331482, 0.5845935940742493, 0.5843877792358398, 0.5841857194900513, 0.5839879512786865, 0.5837936401367188, 0.5836030840873718, 0.5834160447120667, 0.5832319855690002, 0.5830510854721069, 0.5828732848167419, 0.5826980471611023, 0.5825254321098328, 0.5823554396629333, 0.5821881294250488, 0.5820233821868896, 0.5818611979484558, 0.5817016363143921, 0.5815445184707642, 0.5813897252082825, 0.5812376737594604, 0.5810877680778503, 0.5809401869773865, 0.5807947516441345, 0.5806517004966736, 0.5805104970932007, 0.5803714990615845, 0.5802344679832458, 0.5800994038581848, 0.5799661874771118, 0.5798348784446716, 0.5797054767608643, 0.5795779824256897, 0.5794521570205688, 0.5793277025222778, 0.579204797744751, 0.5790834426879883, 0.5789641737937927, 0.5788466930389404, 0.5787308216094971, 0.5786166191101074, 0.5785040259361267, 0.5783928632736206, 0.5782829523086548, 0.5781745910644531, 0.5780676603317261, 0.5779621601104736, 0.577858030796051, 0.5777555108070374, 0.5776543021202087], "validation_losses": [0.2089281529188156, 0.20278170704841614, 0.1987227201461792, 0.1960267275571823, 0.194187730550766, 0.19289655983448029, 0.1919649839401245, 0.1912754476070404, 0.190752312541008, 0.19034579396247864, 0.1900220811367035, 0.189757838845253, 0.18953700363636017, 0.18934810161590576, 0.18918299674987793, 0.18903572857379913, 0.18890219926834106, 0.18877926468849182, 0.18866470456123352, 0.18855701386928558, 0.18845491111278534, 0.18835733830928802, 0.18826380372047424, 0.18817387521266937, 0.1880870759487152, 0.18800294399261475, 0.18792137503623962, 0.18784214556217194, 0.18776507675647736, 0.1876901537179947, 0.18761713802814484, 0.1875457912683487, 0.18747609853744507, 0.18740804493427277, 0.18734148144721985, 0.1872764229774475, 0.18721261620521545, 0.18715018033981323, 0.18708902597427368, 0.1870291531085968, 0.18697065114974976, 0.18691319227218628, 0.18685686588287354, 0.18680144846439362, 0.18674710392951965, 0.18669380247592926, 0.18664143979549408, 0.18659009039402008, 0.1865396946668625, 0.1864902228116989, 0.1864416003227234, 0.18639394640922546, 0.18634693324565887, 0.18630075454711914, 0.1862555593252182, 0.18621119856834412, 0.18616758286952972, 0.18612466752529144, 0.18608242273330688, 0.18604068458080292, 0.18599960207939148, 0.18595914542675018, 0.18591924011707306, 0.18587976694107056, 0.18584078550338745, 0.1858023703098297, 0.18576453626155853, 0.1857273131608963, 0.18569053709506989, 0.18565423786640167, 0.18561847507953644, 0.18558335304260254, 0.18554869294166565, 0.18551470339298248, 0.1854812651872635, 0.1854483187198639, 0.18541575968265533, 0.18538370728492737, 0.1853521466255188, 0.18532080948352814, 0.18528977036476135, 0.18525926768779755, 0.18522903323173523, 0.18519891798496246, 0.18516892194747925, 0.18513920903205872, 0.1851097047328949, 0.18508075177669525, 0.18505220115184784, 0.1850239783525467, 0.18499602377414703, 0.18496838212013245, 0.18494106829166412, 0.18491409718990326, 0.18488742411136627, 0.18486110866069794, 0.18483512103557587, 0.18480941653251648, 0.18478411436080933, 0.1847590059041977], "training_accs": [0.4937306665335694, 0.4977064602669743, 0.5055611284163103, 0.5056022431014684, 0.5024630921331316, 0.5029165259227489, 0.5026713828312844, 0.5022800858014553, 0.5005300643036129, 0.5006089608461849, 0.4998936241823193, 0.4982917626957586, 0.4963705530390867, 0.4956161077629803, 0.4966738207445048, 0.49414163435908304, 0.4954424843591547, 0.4958615010004565, 0.49562305544583457, 0.4956695409130086, 0.4958548034636139, 0.4980468697503058, 0.49743589302155605, 0.4960818600174679, 0.4976258470360866, 0.49641059111542973, 0.49585279739069654, 0.49585279739069654, 0.49715833885469346, 0.49827392630415973, 0.4989313885000835, 0.5000422844856246, 0.49971355338766266, 0.5012528489423561, 0.5009241178443943, 0.5028359445732157, 0.5033937382979489, 0.5042802631206439, 0.5048380568453771, 0.5048380568453771, 0.5050718109360737, 0.5061967813133905, 0.5075070142413127, 0.5083935390640079, 0.5112868676227894, 0.5118446613475226, 0.5132889798949508, 0.5173928729104641, 0.5175363414578207, 0.5178650725557826, 0.5186566203712123, 0.5195431451939073, 0.5195431451939073, 0.5223023881331831, 0.5230939359486128, 0.5245429459599663, 0.5246426144311569, 0.5248763685218535, 0.5275359429899386, 0.5283274908053683, 0.5288852845301014, 0.5295865468021913, 0.5298203008928878, 0.53104024827747, 0.53104024827747, 0.5330470520135567, 0.5342623079342136, 0.5342623079342136, 0.536040049043529, 0.5373940820476172, 0.5387528065156307, 0.539778108421757, 0.5401068395197189, 0.5416461350744123, 0.5425326598971073, 0.5420651517157142, 0.5436091387343329, 0.5450581487456866, 0.5456159424704197, 0.5473889921158097, 0.5480417628478081, 0.5469214839344165, 0.5478080087571117, 0.5472455235684531, 0.5470117694777565, 0.5471067464850218, 0.5477595172170203, 0.5480882483149822, 0.5486460420397153, 0.5479932713077168, 0.549766320953107, 0.549766320953107, 0.549766320953107, 0.549437589855145, 0.5492038357644485, 0.54855106503245, 0.5483173109417535, 0.5483173109417535, 0.5477595172170203, 0.5472967004995524],