{"training_acc": 0.6959069647928415, "validation_acc": 0.6980652303497271, "classes": ["aerobe", "anaerobe", "facultative"], "confusion_matrix": [208, 40, 91, 14, 202, 27, 18, 9, 50], "f1_score": 0.7188498986452518, "training_losses": [0.6440492272377014, 0.6216565370559692, 0.6083551645278931, 0.5995079278945923, 0.5928458571434021, 0.5873963832855225, 0.5826561450958252, 0.5783819556236267, 0.5744196176528931, 0.5707064867019653, 0.5671936273574829, 0.563797652721405, 0.5604887008666992, 0.5573375821113586, 0.5543323159217834, 0.5514260530471802, 0.5486062169075012, 0.5458605289459229, 0.5431880354881287, 0.5405687093734741, 0.5379982590675354, 0.5354759097099304, 0.5329973697662354, 0.5305659770965576, 0.5281838178634644, 0.5258551239967346, 0.5235902070999146, 0.521379828453064, 0.5192159414291382, 0.5170920491218567, 0.5150067210197449, 0.5129605531692505, 0.5109537243843079, 0.5089870691299438, 0.5070533752441406, 0.505147397518158, 0.5032715201377869, 0.5014400482177734, 0.49965524673461914, 0.49791786074638367, 0.4962236285209656, 0.49457406997680664, 0.4929637312889099, 0.4913943409919739, 0.48986300826072693, 0.48836615681648254, 0.4868983030319214, 0.485463410615921, 0.4840606451034546, 0.4826910197734833, 0.48135438561439514, 0.48004797101020813, 0.4787735342979431, 0.4775278866291046, 0.4763103723526001, 0.4751236140727997, 0.4739722013473511, 0.4728468358516693, 0.4717504382133484, 0.4706774055957794, 0.4696289300918579, 0.468604177236557, 0.46760284900665283, 0.4666225016117096, 0.4656616449356079, 0.4647220969200134, 0.46380090713500977, 0.4628974497318268, 0.4620111286640167, 0.46114110946655273, 0.4602891802787781, 0.45945432782173157, 0.4586354196071625, 0.4578322768211365, 0.4570443630218506, 0.4562695324420929, 0.45550888776779175, 0.45476412773132324, 0.45403265953063965, 0.4533163905143738, 0.4526119530200958, 0.45192283391952515, 0.45124712586402893, 0.4505813717842102, 0.4499247968196869, 0.44928017258644104, 0.44864678382873535, 0.4480246305465698, 0.4474145174026489, 0.44681602716445923, 0.44622910022735596, 0.4456527829170227, 0.44508498907089233, 0.44452619552612305, 0.4439776539802551, 0.4434368312358856, 0.442903995513916, 0.44237980246543884, 0.44186222553253174, 0.4413527846336365], "validation_losses": [0.20857812464237213, 0.19878552854061127, 0.19353006780147552, 0.19053825736045837, 0.1886003464460373, 0.1871667206287384, 0.18597441911697388, 0.18492072820663452, 0.1839439570903778, 0.18301819264888763, 0.18213330209255219, 0.18127185106277466, 0.18042713403701782, 0.1795971840620041, 0.1787843257188797, 0.17798593640327454, 0.17719615995883942, 0.17641323804855347, 0.1756446659564972, 0.17487867176532745, 0.17412370443344116, 0.17337678372859955, 0.1726367026567459, 0.17190362513065338, 0.17117445170879364, 0.17045682668685913, 0.1697557121515274, 0.1690804660320282, 0.1684144139289856, 0.16776196658611298, 0.16711905598640442, 0.16648805141448975, 0.16586242616176605, 0.16525211930274963, 0.16465291380882263, 0.16406093537807465, 0.16347205638885498, 0.16289417445659637, 0.16233152151107788, 0.1617896854877472, 0.16126331686973572, 0.16075807809829712, 0.16026310622692108, 0.15977562963962555, 0.15930134057998657, 0.15883903205394745, 0.15837891399860382, 0.15793158113956451, 0.157490536570549, 0.15706712007522583, 0.15665367245674133, 0.15624146163463593, 0.155837744474411, 0.15544462203979492, 0.15506085753440857, 0.15468929708003998, 0.1543315351009369, 0.15398135781288147, 0.15363731980323792, 0.15329864621162415, 0.15297415852546692, 0.15265700221061707, 0.1523471474647522, 0.15203991532325745, 0.15174202620983124, 0.15145106613636017, 0.151166170835495, 0.15088918805122375, 0.15061497688293457, 0.15034359693527222, 0.15008370578289032, 0.14982493221759796, 0.1495727300643921, 0.14932741224765778, 0.14908136427402496, 0.14884495735168457, 0.14860863983631134, 0.14837808907032013, 0.14815068244934082, 0.1479252129793167, 0.1477084904909134, 0.1475001573562622, 0.14729130268096924, 0.14708983898162842, 0.14689214527606964, 0.14669978618621826, 0.14650438725948334, 0.1463179737329483, 0.146132692694664, 0.14595292508602142, 0.14577685296535492, 0.14560730755329132, 0.1454336941242218, 0.1452646255493164, 0.14510084688663483, 0.14494048058986664, 0.1447789967060089, 0.14462222158908844, 0.14446739852428436, 0.144313782453537], "training_accs": [0.44942709549423077, 0.4805536711222674, 0.4978973118642527, 0.5042350651697066, 0.5194631009225757, 0.527983537586871, 0.5308581002899516, 0.5347188562869177, 0.5515628279181235, 0.5623352114099699, 0.5770774022978236, 0.5883266768989137, 0.5971501311226155, 0.6018212007907126, 0.6069112871001113, 0.6133209892652831, 0.6178067963827748, 0.6227972142209833, 0.6304612809190525, 0.6296697331036228, 0.6317715138469747, 0.6324727761190645, 0.634674225333607, 0.6341117401449485, 0.6357991957109239, 0.6392597009222893, 0.6422480064883364, 0.6425767375862982, 0.6445835413223848, 0.6475718468884318, 0.6490208568997852, 0.6504651754472135, 0.6544834743833121, 0.6547172284740087, 0.6557983987751596, 0.6558980672463502, 0.6590298413597537, 0.659124818367019, 0.660897868012409, 0.6633283798537227, 0.6638908650423813, 0.6661872912641891, 0.6646433042455703, 0.6646433042455703, 0.6644095501548737, 0.6673978557209207, 0.6690853112868961, 0.6712867605014387, 0.6713817375087038, 0.6735320097921472, 0.6744185346148422, 0.6754485279848939, 0.6763350528075889, 0.6757772590828557, 0.6761059901808175, 0.6773259375653997, 0.6784509079427167, 0.6794762098488429, 0.6806961572334251, 0.6816776590633854, 0.681867613077916, 0.6819625900851812, 0.6817288359944847, 0.6832728230131035, 0.6843028163831552, 0.6845365704738517, 0.6847703245645483, 0.6850040786552448, 0.6852378327459414, 0.6864530886665984, 0.6865480656738635, 0.687110550862522, 0.6875780590439152, 0.6888882919718374, 0.6888882919718374, 0.6897748167945325, 0.6897748167945325, 0.6901035478924943, 0.6905710560738876, 0.6905710560738876, 0.6910385642552807, 0.6910385642552807, 0.6919250890779757, 0.6916913349872792, 0.6926775282811647, 0.6932400134698232, 0.6939412757419129, 0.6940362527491781, 0.6942700068398748, 0.6948278005646079, 0.6948278005646079, 0.6961818335686963, 0.6961818335686963, 0.6961818335686963, 0.6966493417500894, 0.6969780728480512, 0.697211826938748, 0.6971168499314825, 0.6980033747541775, 0.6976746436562157],