{"training_acc": 0.5105754341172574, "validation_acc": 0.5012914177122633, "classes": ["aerobe", "anaerobe", "facultative"], "confusion_matrix": [190, 105, 44, 22, 204, 17, 28, 41, 8], "f1_score": 0.6041213342775712, "training_losses": [0.6712907552719116, 0.6628060340881348, 0.6552659869194031, 0.6487677097320557, 0.6432873010635376, 0.6387156844139099, 0.6348914504051208, 0.6316529512405396, 0.6288710236549377, 0.6264492869377136, 0.6243182420730591, 0.6224252581596375, 0.6207312941551208, 0.6192051768302917, 0.6178228259086609, 0.616564154624939, 0.6154126524925232, 0.6143546104431152, 0.6133787631988525, 0.6124748587608337, 0.6116328239440918, 0.6108414530754089, 0.6100794672966003, 0.6092902421951294, 0.6084671020507812, 0.6078251600265503, 0.6072633266448975, 0.6067371964454651, 0.6062411069869995, 0.6057720184326172, 0.6053277850151062, 0.6049060225486755, 0.6045051217079163, 0.604123592376709, 0.6037600040435791, 0.603412926197052, 0.603081464767456, 0.6027646064758301, 0.6024613380432129, 0.602170467376709, 0.6018914580345154, 0.6016234159469604, 0.601365864276886, 0.6011185646057129, 0.6008806228637695, 0.6006518006324768, 0.6004313826560974, 0.6002188324928284, 0.6000136137008667, 0.5998157858848572, 0.5996248126029968, 0.5994399785995483, 0.5992607474327087, 0.5990872979164124, 0.5989196300506592, 0.5987570881843567, 0.5985992550849915, 0.598446249961853, 0.5982980132102966, 0.5981540083885193, 0.598013699054718, 0.5978775024414062, 0.5977449417114258, 0.5976158380508423, 0.5974895358085632, 0.5973663330078125, 0.597245454788208, 0.5971276164054871, 0.5970121622085571, 0.5968990325927734, 0.5967881083488464, 0.5966788530349731, 0.5965715646743774, 0.596466064453125, 0.5963622331619263, 0.5962600111961365, 0.5961592197418213, 0.5960595011711121, 0.5959609150886536, 0.5958640575408936, 0.595768392086029, 0.5956737995147705, 0.5955803990364075, 0.5954880714416504, 0.5953972935676575, 0.5953079462051392, 0.595220148563385, 0.5951338410377502, 0.5950490832328796, 0.5949663519859314, 0.5948853492736816, 0.5948063731193542, 0.5947288870811462, 0.5946530699729919, 0.5945795178413391, 0.5945078134536743, 0.5944380164146423, 0.5943698287010193, 0.5943036079406738, 0.5942392349243164], "validation_losses": [0.23230737447738647, 0.22664572298526764, 0.22147466242313385, 0.21692872047424316, 0.2130701094865799, 0.2098814696073532, 0.20727433264255524, 0.20513342320919037, 0.20335589349269867, 0.20186147093772888, 0.20059046149253845, 0.19949817657470703, 0.19855110347270966, 0.1977231502532959, 0.1969941109418869, 0.19634747505187988, 0.19576942920684814, 0.19524890184402466, 0.1947758048772812, 0.19434106349945068, 0.19393521547317505, 0.19354644417762756, 0.19315673410892487, 0.19273607432842255, 0.1922859400510788, 0.19200122356414795, 0.19182491302490234, 0.19167375564575195, 0.19153575599193573, 0.19140683114528656, 0.19128480553627014, 0.19116856157779694, 0.19105756282806396, 0.1909511387348175, 0.19084884226322174, 0.1907506287097931, 0.19065630435943604, 0.190565824508667, 0.1904786229133606, 0.1903943121433258, 0.19031305611133575, 0.19023475050926208, 0.19015946984291077, 0.19008682668209076, 0.19001677632331848, 0.18994943797588348, 0.18988415598869324, 0.189820796251297, 0.18975934386253357, 0.18970000743865967, 0.1896425038576126, 0.18958666920661926, 0.1895323395729065, 0.1894800066947937, 0.1894294172525406, 0.18938037753105164, 0.18933282792568207, 0.18928666412830353, 0.18924188613891602, 0.1891983598470688, 0.1891556829214096, 0.18911424279212952, 0.18907368183135986, 0.18903419375419617, 0.18899545073509216, 0.18895766139030457, 0.18892063200473785, 0.18888460099697113, 0.18884918093681335, 0.18881483376026154, 0.18878094851970673, 0.1887478530406952, 0.1887155920267105, 0.18868403136730194, 0.18865299224853516, 0.18862271308898926, 0.1885930746793747, 0.18856386840343475, 0.18853537738323212, 0.18850770592689514, 0.18848079442977905, 0.18845467269420624, 0.1884291172027588, 0.18840426206588745, 0.18837974965572357, 0.18835584819316864, 0.18833252787590027, 0.18830983340740204, 0.188287615776062, 0.18826624751091003, 0.1882452368736267, 0.18822479248046875, 0.18820515275001526, 0.1881859302520752, 0.18816715478897095, 0.18814897537231445, 0.18813149631023407, 0.18811438977718353, 0.1880974918603897, 0.188080832362175], "training_accs": [0.3290371571492449, 0.3487108886798717, 0.3833576388244358, 0.42917615252436797, 0.4365677787784808, 0.43711607682234793, 0.4487464001909194, 0.4553243221503402, 0.45866310126083093, 0.46185226443841726, 0.46555551822173635, 0.4690242738487327, 0.47436040901992377, 0.47749768341041454, 0.4823170747944949, 0.4864810422651989, 0.4877899809762, 0.49110912067029183, 0.49218430529059637, 0.49036616135211913, 0.49064915104853335, 0.4895288721351418, 0.4895288721351418, 0.4898603533716473, 0.48967509082104194, 0.48897722579595637, 0.4874837685999763, 0.48565883016749073, 0.4863608365052068, 0.48729659693361943, 0.48725150264053235, 0.4874401624381417, 0.4877163576405476, 0.48710942526726253, 0.4872003579190631, 0.4885126938770683, 0.48785992314506993, 0.49038347066826726, 0.49192276622296083, 0.49201709612176553, 0.49257893420196347, 0.49257893420196347, 0.4931866106408747, 0.4932809405396794, 0.49416746536237444, 0.4959371177607603, 0.4942550007671708, 0.4963561344020622, 0.4963561344020622, 0.4975707432142586, 0.5007887585155374, 0.5017696132370372, 0.5024223839690356, 0.5018605458888378, 0.5018605458888378, 0.5012987078086398, 0.5015324618993363, 0.5023246568232267, 0.5023246568232267, 0.5016718860912283, 0.5034449357366183, 0.5025584109139233, 0.5019022429349206, 0.5019022429349206, 0.5013404048547228, 0.5011066507640262, 0.5008728966733296, 0.5008728966733296, 0.5017594214960246, 0.5019931755867212, 0.5019931755867212, 0.5018988456879164, 0.5018988456879164, 0.5031134545001128, 0.5043280633123092, 0.5043280633123092, 0.5046561473018105, 0.5058707561140069, 0.5054032479326137, 0.5062897727553087, 0.5060560186646121, 0.5072706274768085, 0.5075987114663097, 0.5079267954558111, 0.5079267954558111, 0.5082548794453124, 0.5073649573756132, 0.5073649573756132, 0.5091380070210032, 0.5091380070210032, 0.5085795661878095, 0.5085795661878095, 0.5085795661878095, 0.5085795661878095, 0.5096998451012011, 0.5096055152023964, 0.5096055152023964, 0.509839269293093, 0.5100730233837896, 0.5105405315651828],