{"training_acc": 0.5581376068703418, "validation_acc": 0.537349111914828, "classes": ["aerobe", "anaerobe", "facultative"], "confusion_matrix": [185, 98, 56, 24, 196, 23, 23, 34, 20], "f1_score": 0.6130354594473928, "training_losses": [0.6546939015388489, 0.6451466679573059, 0.6373865008354187, 0.6310872435569763, 0.6259216070175171, 0.6216347217559814, 0.6180506944656372, 0.6150346398353577, 0.6124685406684875, 0.6102545857429504, 0.608323872089386, 0.606612503528595, 0.6050792336463928, 0.6036918759346008, 0.6024277210235596, 0.6012653708457947, 0.6001901626586914, 0.5991904735565186, 0.5982553362846375, 0.5973755717277527, 0.5965460538864136, 0.595762312412262, 0.5950214266777039, 0.594316303730011, 0.5936406254768372, 0.5929942727088928, 0.5923755764961243, 0.5917802453041077, 0.5912054777145386, 0.5906539559364319, 0.5901224613189697, 0.5896135568618774, 0.5891239643096924, 0.5886515974998474, 0.5881949067115784, 0.5877521634101868, 0.5873234272003174, 0.5869067311286926, 0.5865011215209961, 0.5861036777496338, 0.5857154130935669, 0.5853363871574402, 0.584965169429779, 0.5846009254455566, 0.5842443108558655, 0.5838939547538757, 0.5835506319999695, 0.5832123756408691, 0.5828792452812195, 0.5825499296188354, 0.5822234153747559, 0.5819035768508911, 0.5815908908843994, 0.5812837481498718, 0.5809821486473083, 0.5806853175163269, 0.5803939700126648, 0.5801076292991638, 0.5798254013061523, 0.5795472860336304, 0.5792720913887024, 0.5789996981620789, 0.578730583190918, 0.5784640908241272, 0.57820063829422, 0.5779390335083008, 0.5776796936988831, 0.5774226784706116, 0.5771698951721191, 0.5769194960594177, 0.5766716003417969, 0.5764263272285461, 0.5761837959289551, 0.5759425163269043, 0.5757034420967102, 0.5754664540290833, 0.5752313733100891, 0.5749979019165039, 0.5747661590576172, 0.5745348930358887, 0.5743057727813721, 0.5740783214569092, 0.5738525390625, 0.5736269354820251, 0.573402464389801, 0.5731797814369202, 0.5729583501815796, 0.572738528251648, 0.5725180506706238, 0.5722970962524414, 0.5720776319503784, 0.5718594789505005, 0.5716440081596375, 0.5714301466941833, 0.5712183713912964, 0.5710082650184631, 0.5707994103431702, 0.5705914497375488, 0.5703845024108887, 0.5701785087585449], "validation_losses": [0.21267864108085632, 0.2086426317691803, 0.20527172088623047, 0.202503964304924, 0.20023958384990692, 0.1983848363161087, 0.1968608796596527, 0.19561122357845306, 0.19458359479904175, 0.19373443722724915, 0.1930273175239563, 0.19243481755256653, 0.19193251430988312, 0.19150450825691223, 0.19113630056381226, 0.19081640243530273, 0.19053468108177185, 0.19028350710868835, 0.1900569051504135, 0.18985095620155334, 0.18966145813465118, 0.189487025141716, 0.18932220339775085, 0.18916627764701843, 0.18901672959327698, 0.18887300789356232, 0.18873298168182373, 0.18859639763832092, 0.18846139311790466, 0.18833069503307343, 0.18820233643054962, 0.18807941675186157, 0.18796053528785706, 0.1878456175327301, 0.18773356080055237, 0.18762318789958954, 0.18751521408557892, 0.18740837275981903, 0.18730078637599945, 0.18719308078289032, 0.18708659708499908, 0.18698136508464813, 0.18687792122364044, 0.1867750734090805, 0.18667279183864594, 0.18657049536705017, 0.18647024035453796, 0.18636946380138397, 0.186269611120224, 0.18616925179958344, 0.18606945872306824, 0.1859690397977829, 0.18587207794189453, 0.18577656149864197, 0.18568292260169983, 0.18559128046035767, 0.18550072610378265, 0.18541158735752106, 0.18532215058803558, 0.18523497879505157, 0.18514764308929443, 0.18506094813346863, 0.18497496843338013, 0.18488962948322296, 0.1848047971725464, 0.18472197651863098, 0.18463914096355438, 0.18455879390239716, 0.18447686731815338, 0.18439656496047974, 0.18431511521339417, 0.1842343807220459, 0.18415701389312744, 0.18407858908176422, 0.1840021163225174, 0.18392576277256012, 0.1838497370481491, 0.18377386033535004, 0.18369950354099274, 0.18362443149089813, 0.18354904651641846, 0.1834762841463089, 0.18340225517749786, 0.1833268702030182, 0.18325090408325195, 0.1831771731376648, 0.1831037402153015, 0.18302711844444275, 0.18295413255691528, 0.18287988007068634, 0.1828073263168335, 0.18273590505123138, 0.18266405165195465, 0.18259283900260925, 0.18251967430114746, 0.18244896829128265, 0.18237802386283875, 0.18230603635311127, 0.18223457038402557, 0.18216325342655182], "training_accs": [0.45423895557936045, 0.48016173206259455, 0.483832315490718, 0.485476876750855, 0.48646527003198936, 0.48867166937232426, 0.4880647369990392, 0.48890956477565134, 0.48867315750357676, 0.48867315750357676, 0.4886705043221989, 0.48932327505419737, 0.4907197491699948, 0.4884731409148295, 0.4890289285666453, 0.4907534866719441, 0.4919128094500407, 0.4934036134646429, 0.4925595297536571, 0.49227728412286914, 0.4933456742491653, 0.49292740167348975, 0.49647350096426984, 0.4981946618225645, 0.5016013369214528, 0.5037934032081447, 0.5076641892414219, 0.5089697307054188, 0.5107886187095223, 0.5126559982537171, 0.5127469309055177, 0.5153087782277939, 0.5168446765354832, 0.5166109224447867, 0.5160490843645887, 0.5152534921936942, 0.5167927877483878, 0.5165590336576912, 0.5176759153240785, 0.5158051385328796, 0.5191174837329632, 0.519536500374265, 0.5186014840114787, 0.5189261707539758, 0.5200464496673675, 0.5209329744900625, 0.5206958231523617, 0.5202283149709686, 0.5241449393629593, 0.5234887713839567, 0.5252618210293467, 0.5284798363306255, 0.5281032608010329, 0.5293178696132291, 0.5303438186278161, 0.5320225383744015, 0.5316001244860954, 0.5353799778675722, 0.5353799778675722, 0.5348181397873742, 0.5369192734222655, 0.5373867816036588, 0.5383217979664452, 0.53990958506123, 0.5426176510694064, 0.5430851592507996, 0.5435526674321928, 0.5428998967001942, 0.5443933538961744, 0.5453708113706699, 0.5446237107398667, 0.545415905663757, 0.5453215757649523, 0.5452272458661477, 0.5454609999568442, 0.5469093628597371, 0.5479353118743241, 0.5498511829586102, 0.5505524452306999, 0.5519064782347881, 0.551581791492291, 0.5529358244963792, 0.5555953989644643, 0.5577450241394469, 0.558631548962142, 0.5601742417638397, 0.5604079958545363, 0.561388850576036, 0.5620867156011217, 0.5620867156011217, 0.5623204696918181, 0.5632069945145132, 0.5640935193372083, 0.5647462900692067, 0.5648406199680115, 0.5651687039575127, 0.5654933907000098, 0.5654933907000098, 0.5646068658773148, 0.5645125359785101],