{"training_acc": 0.9822140108414286, "validation_acc": 0.8094845538306698, "classes": ["aerobe", "anaerobe", "facultative"], "confusion_matrix": [302, 14, 23, 16, 219, 8, 23, 5, 49], "f1_score": 0.8656327257206456, "training_losses": [0.30099478363990784, 0.23367367684841156, 0.196938157081604, 0.1710900217294693, 0.15147876739501953, 0.1357852667570114, 0.12275093793869019, 0.11169038712978363, 0.10222926735877991, 0.09399648755788803, 0.08676224946975708, 0.08041053265333176, 0.07476240396499634, 0.06955414265394211, 0.06472492218017578, 0.06050105765461922, 0.05693989619612694, 0.053776636719703674, 0.05098054185509682, 0.04841100424528122, 0.046089887619018555, 0.04390533268451691, 0.041947998106479645, 0.04008923098444939, 0.03846399486064911, 0.037002529948949814, 0.03566322475671768, 0.03442554548382759, 0.0333527997136116, 0.032246675342321396, 0.03136242926120758, 0.030458049848675728, 0.029673410579562187, 0.02894132025539875, 0.02823903225362301, 0.027636108919978142, 0.027133317664265633, 0.02651267871260643, 0.026030568405985832, 0.025496412068605423, 0.02502547763288021, 0.02451002225279808, 0.024063190445303917, 0.023612013086676598, 0.02320656180381775, 0.022743208333849907, 0.02229357697069645, 0.021938331425189972, 0.021550416946411133, 0.02119969017803669, 0.02089000679552555, 0.02059229463338852, 0.020317740738391876, 0.020069416612386703, 0.019725458696484566, 0.01946769654750824, 0.01937173679471016, 0.019133545458316803, 0.018818842247128487, 0.01881376840174198, 0.018520493060350418, 0.018378984183073044, 0.018072420731186867, 0.01809634640812874, 0.0182084571570158, 0.019716359674930573, 0.0193165335804224, 0.017908886075019836, 0.017981456592679024, 0.018318120390176773, 0.018927643075585365, 0.018355516716837883, 0.01816827803850174, 0.017938554286956787, 0.01775585114955902, 0.01756029762327671, 0.017115876078605652, 0.01702410727739334, 0.016893450170755386, 0.016484277322888374, 0.016259968280792236, 0.016310857608914375, 0.016004234552383423, 0.015720104798674583, 0.015746816992759705, 0.015534558333456516, 0.015226167626678944, 0.015245010145008564, 0.015014910139143467, 0.015232168138027191, 0.014852114953100681, 0.014948036521673203, 0.01596709154546261, 0.022383462637662888], "validation_losses": [0.10087443888187408, 0.08307026326656342, 0.07570075988769531, 0.07146835327148438, 0.06869111955165863, 0.06663426756858826, 0.06510089337825775, 0.06391353905200958, 0.06296279281377792, 0.06222184747457504, 0.06167612597346306, 0.061271607875823975, 0.06089876964688301, 0.06066006049513817, 0.060438208281993866, 0.060350872576236725, 0.06020694598555565, 0.060183752328157425, 0.060142632573843, 0.060175828635692596, 0.060232892632484436, 0.060248807072639465, 0.060342684388160706, 0.06041131168603897, 0.06051550433039665, 0.06061640381813049, 0.060741525143384933, 0.060836274176836014, 0.0609210729598999, 0.061072755604982376, 0.06118076667189598, 0.061319224536418915, 0.06141160801053047, 0.06154453009366989, 0.06165565177798271, 0.06178458780050278, 0.061925008893013, 0.062014609575271606, 0.06210358813405037, 0.06227041035890579, 0.06235664337873459, 0.06245215982198715, 0.06252054125070572, 0.0626242533326149, 0.06272168457508087, 0.06277891248464584, 0.06294047087430954, 0.06290751695632935, 0.06303781270980835, 0.06306681782007217, 0.06320430338382721, 0.0632527694106102, 0.06330692023038864, 0.06335412710905075, 0.06344415247440338, 0.06355192512273788, 0.06367325037717819, 0.06365545839071274, 0.06373292952775955, 0.06389971077442169, 0.06395446509122849, 0.06404033303260803, 0.06404096633195877, 0.06403100490570068, 0.06417249143123627, 0.06439217180013657, 0.06460115313529968, 0.0645584985613823, 0.06499893963336945, 0.06505346298217773, 0.06477531045675278, 0.0655515268445015, 0.06569508463144302, 0.06560078263282776, 0.06575598567724228, 0.06568918377161026, 0.06575030833482742, 0.06558234244585037, 0.06564732640981674, 0.06556785851716995, 0.06573684513568878, 0.06568587571382523, 0.06572024524211884, 0.06552928686141968, 0.06564854085445404, 0.06555043905973434, 0.06561444699764252, 0.06551962345838547, 0.06571904569864273, 0.06572859734296799, 0.06595408171415329, 0.0657627061009407, 0.06594032794237137, 0.06679948419332504], "training_accs": [0.8304442805546719, 0.8658280772590462, 0.8984110973770348, 0.9127409477711637, 0.9252536799940844, 0.9314650658423761, 0.9387526191028499, 0.9477692743155567, 0.9535155447385831, 0.9579079889409653, 0.9614119640132898, 0.9656168307662081, 0.9687474744143065, 0.9725769446029752, 0.9760809196752999, 0.9787424384507474, 0.9798644978634492, 0.9813139966998574, 0.9813139966998574, 0.9815475869825017, 0.9818750264062084, 0.9835581155252608, 0.9851473555032509, 0.9860358246333085, 0.987389530021292, 0.9880444088687051, 0.9885115894339936, 0.9885115894339936, 0.9887451797166381, 0.9892123602819266, 0.9892123602819266, 0.9894459505645706, 0.9903324753872657, 0.9906599148109724, 0.9906599148109724, 0.9908935050936165, 0.9908935050936165, 0.9917800299163116, 0.9917800299163116, 0.9920136201989559, 0.9922472104816001, 0.9922472104816001, 0.9922472104816001, 0.9925746499053067, 0.9925746499053067, 0.9925746499053067, 0.9925746499053067, 0.9925746499053067, 0.992808240187951, 0.992808240187951, 0.9930418304705952, 0.9923888959305444, 0.9926224862131887, 0.9926224862131887, 0.9938364504595903, 0.9931835159195396, 0.9934171062021838, 0.9943036310248788, 0.9948646607312298, 0.9939781359085348, 0.9948646607312298, 0.9950982510138738, 0.9950982510138738, 0.9950982510138738, 0.9950982510138738, 0.9942117261911788, 0.9933252013684838, 0.9942117261911788, 0.9942117261911788, 0.9922050862631447, 0.9930916110858398, 0.9933252013684838, 0.9933252013684838, 0.9933252013684838, 0.9933252013684838, 0.9936526407921905, 0.9936526407921905, 0.9936526407921905, 0.9936526407921905, 0.9945391656148855, 0.9945391656148855, 0.9945391656148855, 0.9945391656148855, 0.9945391656148855, 0.9945391656148855, 0.9945391656148855, 0.9945391656148855, 0.9945391656148855, 0.9945391656148855, 0.9945391656148855, 0.9945391656148855, 0.994866605038592, 0.9945391656148855, 0.9918757025320755],