{"training_acc": 0.7564394474302363, "validation_acc": 0.7527608655107837, "classes": ["aerobe", "anaerobe", "facultative"], "confusion_matrix": [240, 24, 75, 14, 200, 29, 16, 5, 56], "f1_score": 0.773160102079575, "training_losses": [0.6038470268249512, 0.5798320174217224, 0.5645063519477844, 0.5522394180297852, 0.5414469242095947, 0.5315659642219543, 0.5223748683929443, 0.5137134194374084, 0.5056186318397522, 0.4981726109981537, 0.49131911993026733, 0.48495879769325256, 0.47910478711128235, 0.47372734546661377, 0.4687606394290924, 0.4641764461994171, 0.4599168598651886, 0.45596954226493835, 0.45226386189460754, 0.44880911707878113, 0.44557249546051025, 0.4425416886806488, 0.4396768808364868, 0.4369947612285614, 0.4344264268875122, 0.4320295453071594, 0.4297364354133606, 0.42756205797195435, 0.4254830479621887, 0.42350471019744873, 0.42157694697380066, 0.41974398493766785, 0.418061226606369, 0.41630467772483826, 0.4146592617034912, 0.41309285163879395, 0.41155892610549927, 0.4100835919380188, 0.40865558385849, 0.40731045603752136, 0.4059217572212219, 0.4046024680137634, 0.40332502126693726, 0.40211358666419983, 0.4008617103099823, 0.39967554807662964, 0.39852702617645264, 0.3974834084510803, 0.3962976336479187, 0.3952065110206604, 0.39414775371551514, 0.39311838150024414, 0.3921188712120056, 0.39113473892211914, 0.3901747763156891, 0.3892279863357544, 0.3883235454559326, 0.3873909115791321, 0.38649091124534607, 0.3857174813747406, 0.3847535252571106, 0.3838842511177063, 0.38305169343948364, 0.3822343051433563, 0.3814319670200348, 0.38064199686050415, 0.3798608183860779, 0.3790925443172455, 0.3783476650714874, 0.3776271343231201, 0.37688106298446655, 0.3761523962020874, 0.37566614151000977, 0.37477099895477295, 0.3740388751029968, 0.3733428120613098, 0.3726583421230316, 0.3719884157180786, 0.37132301926612854, 0.370669960975647, 0.3700219392776489, 0.36938801407814026, 0.36876386404037476, 0.3681425452232361, 0.3675267994403839, 0.36692574620246887, 0.36632639169692993, 0.36572909355163574, 0.3651416599750519, 0.3645634353160858, 0.36399567127227783, 0.36343756318092346, 0.36288198828697205, 0.3623311519622803, 0.36179378628730774, 0.36131083965301514, 0.3607195019721985, 0.36018106341362, 0.3596633970737457, 0.35913825035095215], "validation_losses": [0.19641949236392975, 0.18920840322971344, 0.18503065407276154, 0.18207947909832, 0.17937593162059784, 0.17679326236248016, 0.17430131137371063, 0.1719035506248474, 0.16961920261383057, 0.16745327413082123, 0.16543594002723694, 0.16352976858615875, 0.16174721717834473, 0.16009068489074707, 0.15851958096027374, 0.1570563018321991, 0.15570926666259766, 0.15440189838409424, 0.15323591232299805, 0.15212121605873108, 0.15109211206436157, 0.15010109543800354, 0.1492186188697815, 0.1483413726091385, 0.14756889641284943, 0.1467759907245636, 0.14609096944332123, 0.1453813761472702, 0.14473220705986023, 0.14403104782104492, 0.1434568166732788, 0.1429286152124405, 0.14227570593357086, 0.14169828593730927, 0.1412298083305359, 0.14077676832675934, 0.14032188057899475, 0.13989675045013428, 0.1394582837820053, 0.13894787430763245, 0.13854263722896576, 0.13818231225013733, 0.13783352077007294, 0.13737048208713531, 0.13700895011425018, 0.13668666779994965, 0.1363712102174759, 0.13591760396957397, 0.13551542162895203, 0.1352340430021286, 0.13495558500289917, 0.13468323647975922, 0.13441303372383118, 0.134145125746727, 0.13383126258850098, 0.13355650007724762, 0.1332208216190338, 0.1329648345708847, 0.1327056735754013, 0.1323055773973465, 0.1319613754749298, 0.13173028826713562, 0.1315341293811798, 0.131317600607872, 0.13111475110054016, 0.13092143833637238, 0.13070324063301086, 0.1304820030927658, 0.1302526444196701, 0.12999281287193298, 0.12981195747852325, 0.12959612905979156, 0.12928490340709686, 0.12880422174930573, 0.12857787311077118, 0.12839865684509277, 0.1282326877117157, 0.1280645877122879, 0.1278829723596573, 0.12771916389465332, 0.1275542974472046, 0.1273919641971588, 0.12723106145858765, 0.12706857919692993, 0.12690499424934387, 0.12674742937088013, 0.12659093737602234, 0.12643598020076752, 0.12628693878650665, 0.12612976133823395, 0.12598086893558502, 0.12582050263881683, 0.12568488717079163, 0.12549357116222382, 0.12537609040737152, 0.1250777393579483, 0.12491866201162338, 0.12480146437883377, 0.12468332052230835, 0.12454825639724731], "training_accs": [0.5317471361893079, 0.5720003425051562, 0.5991654638258398, 0.6159805833333529, 0.6318640837250838, 0.635936374478361, 0.6414194724010787, 0.6468533347180786, 0.6566152995087365, 0.6598919980911192, 0.6651830389692233, 0.6744350544667786, 0.6751295222448602, 0.6785422477721305, 0.6813514381731199, 0.685420331679393, 0.6872452701118785, 0.6902814201095562, 0.692996280611741, 0.6964616389917331, 0.6980494260865179, 0.7011833032300046, 0.704034190677077, 0.7051544695904686, 0.7063690784026649, 0.7089377202189495, 0.7089377202189495, 0.7084243736788429, 0.7086615250165437, 0.7095480498392387, 0.7108569885502397, 0.7115131565292424, 0.7118378432717396, 0.7138931385479176, 0.7150134174613093, 0.7146853334718077, 0.7165068746572892, 0.7185136783933759, 0.7184193484945712, 0.7178541131673691, 0.7196756543528505, 0.719486994555241, 0.7205129435698279, 0.7220556363715255, 0.7225231445529188, 0.7227568986436154, 0.7233187367238133, 0.7233187367238133, 0.7242537530865997, 0.7238347364452977, 0.7250527425044982, 0.7277608085126747, 0.7289754173248709, 0.7285530034365649, 0.730326053081955, 0.7321475942674365, 0.7330375163371355, 0.7332712704278322, 0.7340668625987267, 0.7345343707801198, 0.7358918010312122, 0.7363142149195184, 0.7373401639341052, 0.7389279510288901, 0.7386941969381935, 0.7400482299422816, 0.7412628387544781, 0.7419641010265678, 0.7416394142840707, 0.7425259391067657, 0.7425259391067657, 0.7438799721108539, 0.7434090666824565, 0.7446755642817484, 0.7461239271846414, 0.747244206098033, 0.7485982391021211, 0.7490657472835144, 0.7487376632940129, 0.7492995013742109, 0.7492051714754062, 0.749767009555604, 0.750328847635802, 0.7505626017264985, 0.7512153724584971, 0.7512153724584971, 0.7514491265491937, 0.7523390486188927, 0.7532255734415877, 0.7532255734415877, 0.7534593275322844, 0.7532255734415877, 0.7535987517241763, 0.753832505814873, 0.7549527847282645, 0.7544852765468714, 0.7550922089201565, 0.7555597171015496, 0.7561215551817474, 0.7570080800044425],