{"training_acc": 0.8572639095946023, "validation_acc": 0.8075603942532817, "classes": ["aerobe", "anaerobe", "facultative"], "confusion_matrix": [266, 21, 52, 14, 215, 14, 15, 4, 58], "f1_score": 0.8273653755619509, "training_losses": [0.5394352674484253, 0.4935070276260376, 0.46441638469696045, 0.44432953000068665, 0.4295365810394287, 0.4178159534931183, 0.40835806727409363, 0.4003438651561737, 0.3933630883693695, 0.38715338706970215, 0.3816033899784088, 0.376537561416626, 0.37182438373565674, 0.36748644709587097, 0.36343514919281006, 0.35963135957717896, 0.35603928565979004, 0.3526513874530792, 0.34942135214805603, 0.34638163447380066, 0.3434460759162903, 0.3406653106212616, 0.3379570245742798, 0.33535581827163696, 0.33288171887397766, 0.3304814398288727, 0.32814618945121765, 0.3259108066558838, 0.32373905181884766, 0.32163897156715393, 0.31954532861709595, 0.3175949454307556, 0.3156488239765167, 0.31376248598098755, 0.3119261860847473, 0.3101586103439331, 0.3083835542201996, 0.30668261647224426, 0.3049684762954712, 0.30334651470184326, 0.3016948699951172, 0.30011773109436035, 0.29860246181488037, 0.29701194167137146, 0.295539528131485, 0.2940840721130371, 0.292659193277359, 0.2912992835044861, 0.2898854911327362, 0.2885638475418091, 0.287159264087677, 0.28589367866516113, 0.2845900356769562, 0.2833150327205658, 0.28205999732017517, 0.28087833523750305, 0.2796610891819, 0.27844899892807007, 0.2772667706012726, 0.2761363387107849, 0.2750059962272644, 0.2738906145095825, 0.2727813124656677, 0.27172017097473145, 0.2706175744533539, 0.26959773898124695, 0.268572598695755, 0.2675439417362213, 0.2665635943412781, 0.2655414044857025, 0.26457664370536804, 0.2636324167251587, 0.26268815994262695, 0.2617253065109253, 0.26078131794929504, 0.25990378856658936, 0.25897547602653503, 0.25808361172676086, 0.25721654295921326, 0.25636476278305054, 0.2555055618286133, 0.25466224551200867, 0.25382742285728455, 0.25297147035598755, 0.25216415524482727, 0.25134360790252686, 0.25056034326553345, 0.24971912801265717, 0.2489641308784485, 0.2482067495584488, 0.24737825989723206, 0.24670109152793884, 0.24598081409931183, 0.24522139132022858, 0.24450649321079254, 0.2437458336353302, 0.24300405383110046, 0.24235595762729645, 0.24160394072532654, 0.24097177386283875], "validation_losses": [0.16961388289928436, 0.15919438004493713, 0.15083101391792297, 0.14449939131736755, 0.13982351124286652, 0.13616999983787537, 0.13323307037353516, 0.13079120218753815, 0.12872500717639923, 0.1269310712814331, 0.12533432245254517, 0.12390413135290146, 0.1225985512137413, 0.12139756232500076, 0.12029179185628891, 0.1192384734749794, 0.118263840675354, 0.11736797541379929, 0.11653437465429306, 0.11571303009986877, 0.11493652313947678, 0.11419621109962463, 0.1135307028889656, 0.11285018175840378, 0.11222250014543533, 0.1116054579615593, 0.11103494465351105, 0.11044958978891373, 0.109899140894413, 0.10936420410871506, 0.10883034765720367, 0.10835661739110947, 0.10790064185857773, 0.1074455976486206, 0.10699974745512009, 0.10653306543827057, 0.10607726126909256, 0.10568597912788391, 0.1052464097738266, 0.10484573990106583, 0.10443292558193207, 0.1040501520037651, 0.1037011370062828, 0.10333329439163208, 0.10299213975667953, 0.10266216844320297, 0.10232444107532501, 0.1019865944981575, 0.10170221328735352, 0.10137737542390823, 0.1010577455163002, 0.10075677931308746, 0.10047004371881485, 0.10017585754394531, 0.09989675134420395, 0.09962055087089539, 0.09934566915035248, 0.09908603876829147, 0.09881079941987991, 0.09853876382112503, 0.09827739000320435, 0.09803991764783859, 0.09781119972467422, 0.09752144664525986, 0.09730973094701767, 0.09706632792949677, 0.09685824066400528, 0.09662454575300217, 0.09637732058763504, 0.09617406874895096, 0.09595390409231186, 0.09573070704936981, 0.095539890229702, 0.09532307088375092, 0.09511567652225494, 0.09494853764772415, 0.0947551503777504, 0.09456848353147507, 0.09434853494167328, 0.09419364482164383, 0.09400948882102966, 0.09385456889867783, 0.09365709871053696, 0.09348169714212418, 0.09334151446819305, 0.09319284558296204, 0.09301502257585526, 0.09283695369958878, 0.09270766377449036, 0.09255211800336838, 0.09238719195127487, 0.09225962311029434, 0.09212682396173477, 0.09195546060800552, 0.09186108410358429, 0.09168465435504913, 0.09155603498220444, 0.09143632650375366, 0.09130595624446869, 0.09118568152189255], "training_accs": [0.60567676503173, 0.6665401271185135, 0.6951364071706876, 0.7018256695756392, 0.7111009806881197, 0.7176103513244819, 0.723783614007949, 0.7278504044841388, 0.7344864838850741, 0.7389237994624746, 0.7474717055922309, 0.7502720632166646, 0.7558269723164487, 0.7593312776039802, 0.7614350644202496, 0.7634465596202614, 0.767837389730488, 0.7682146123685412, 0.7699458680106824, 0.7712096154714309, 0.773269602211534, 0.775324897487712, 0.7784519801371904, 0.7777992094051918, 0.7818175083412905, 0.783266518352644, 0.7861645383753508, 0.7883148106587942, 0.7910275681308958, 0.7917288304029856, 0.7919625844936822, 0.7926153552256806, 0.795323421233857, 0.7965339856905888, 0.7976589560679056, 0.8003185305359907, 0.8001332679853855, 0.8008345302574752, 0.8017210550801702, 0.8029363110008271, 0.8063456392810933, 0.8078896262997121, 0.8099914070430639, 0.8104589152244571, 0.8135859978739356, 0.8138197519646321, 0.8145210142367217, 0.8161088013315067, 0.8165763095128998, 0.8185831132489865, 0.8190506214303795, 0.8197518837024694, 0.8219021559859127, 0.8226034182580024, 0.8243764679033925, 0.8258254779147459, 0.8261542090127079, 0.8302627934921464, 0.832598328326195, 0.8341861154209798, 0.8353063943343714, 0.8355401484250681, 0.8360076566064611, 0.8377807062518512, 0.8377807062518512, 0.8378756832591164, 0.8374081750777234, 0.8369406668963301, 0.8380609458097217, 0.8382946999004184, 0.8382946999004184, 0.8396487329045065, 0.8396487329045065, 0.8404449721838616, 0.8413314970065567, 0.8415652510972533, 0.8415652510972533, 0.8413314970065567, 0.8413314970065567, 0.8416602281045185, 0.842641729934479, 0.844414779579869, 0.842641729934479, 0.844414779579869, 0.844414779579869, 0.8446485336705655, 0.8455350584932605, 0.8472178225953106, 0.8481043474180057, 0.8483381015087023, 0.8483381015087023, 0.8483381015087023, 0.8495533574293591, 0.8495533574293591, 0.8495533574293591, 0.8500208656107523, 0.8512361215314092, 0.8512361215314092, 0.8514698756221057, 0.8514698756221057],