{"training_acc": 0.9050647112657731, "validation_acc": 0.8358799035722112, "classes": ["aerobe", "anaerobe", "facultative"], "confusion_matrix": [298, 6, 34, 10, 212, 12, 17, 4, 54], "f1_score": 0.8774463661654365, "training_losses": [0.46634355187416077, 0.3976763188838959, 0.36518770456314087, 0.34611251950263977, 0.3329416513442993, 0.32292497158050537, 0.3148989677429199, 0.3081633746623993, 0.3023108243942261, 0.29712527990341187, 0.29243066906929016, 0.288161039352417, 0.2842155396938324, 0.2805273234844208, 0.27709493041038513, 0.2738734781742096, 0.27083560824394226, 0.26795288920402527, 0.26520639657974243, 0.26257872581481934, 0.2600770890712738, 0.2576710283756256, 0.25537174940109253, 0.2531479001045227, 0.2510070502758026, 0.2489333301782608, 0.24693934619426727, 0.24500569701194763, 0.2431214153766632, 0.24130463600158691, 0.23951499164104462, 0.23778089880943298, 0.23610088229179382, 0.23444139957427979, 0.23282675445079803, 0.23126447200775146, 0.22972221672534943, 0.2282310575246811, 0.2267642617225647, 0.2253233939409256, 0.22391603887081146, 0.22255104780197144, 0.2212059050798416, 0.2198771834373474, 0.21859930455684662, 0.2173330932855606, 0.21608324348926544, 0.21487289667129517, 0.21367381513118744, 0.212506502866745, 0.2113441526889801, 0.21021915972232819, 0.2091062068939209, 0.20801281929016113, 0.2069295197725296, 0.20587080717086792, 0.20481914281845093, 0.20380163192749023, 0.20278047025203705, 0.2017853707075119, 0.20080120861530304, 0.19982914626598358, 0.19887080788612366, 0.19792906939983368, 0.19699926674365997, 0.1960732638835907, 0.19517488777637482, 0.1942777931690216, 0.19340550899505615, 0.1925312727689743, 0.1916682869195938, 0.19081328809261322, 0.18995638191699982, 0.18913331627845764, 0.18830128014087677, 0.18748611211776733, 0.18667498230934143, 0.18588244915008545, 0.18508818745613098, 0.18430545926094055, 0.183530792593956, 0.18276441097259521, 0.18201546370983124, 0.18125388026237488, 0.1805199235677719, 0.17977994680404663, 0.17906196415424347, 0.17834186553955078, 0.1776331216096878, 0.17692257463932037, 0.1762358546257019, 0.17553940415382385, 0.17485341429710388, 0.17417174577713013, 0.17348648607730865, 0.1728154867887497, 0.17216889560222626, 0.17150618135929108, 0.1708599179983139, 0.17021502554416656], "validation_losses": [0.15096710622310638, 0.12220659106969833, 0.10952579975128174, 0.10266028344631195, 0.09830295294523239, 0.09522323310375214, 0.09291156381368637, 0.09111513942480087, 0.08964808285236359, 0.08843211084604263, 0.08740060031414032, 0.08650542050600052, 0.08572613447904587, 0.08502854406833649, 0.0844036191701889, 0.08383581042289734, 0.08332164585590363, 0.08284206688404083, 0.08239404112100601, 0.08196641504764557, 0.08159203082323074, 0.08122887462377548, 0.08089682459831238, 0.08057593554258347, 0.08027352392673492, 0.07999109476804733, 0.07971160113811493, 0.07944541424512863, 0.07919754832983017, 0.07896209508180618, 0.07874161005020142, 0.07851668447256088, 0.07830407470464706, 0.078101247549057, 0.07790301740169525, 0.07770627737045288, 0.07752366364002228, 0.07734645903110504, 0.07717043161392212, 0.07700984179973602, 0.07684502005577087, 0.07668815553188324, 0.07654675841331482, 0.0764031633734703, 0.07624924927949905, 0.07612286508083344, 0.07597377151250839, 0.07584655284881592, 0.0757172480225563, 0.07557441294193268, 0.07545965164899826, 0.07533113658428192, 0.07521148771047592, 0.075091153383255, 0.07498658448457718, 0.07485999912023544, 0.07476838678121567, 0.07465514540672302, 0.07454134523868561, 0.07443571835756302, 0.0743359923362732, 0.07423840463161469, 0.0741313025355339, 0.07404749095439911, 0.07395029067993164, 0.07384427636861801, 0.07376578450202942, 0.07367731630802155, 0.07358749955892563, 0.07350458204746246, 0.07341942936182022, 0.0733334943652153, 0.07326604425907135, 0.07316993921995163, 0.07310658693313599, 0.07302409410476685, 0.07295455038547516, 0.07287801802158356, 0.07281053811311722, 0.07273220270872116, 0.07267516851425171, 0.07259545475244522, 0.07253560423851013, 0.07248298078775406, 0.07240678369998932, 0.07234155386686325, 0.07227089256048203, 0.07221271097660065, 0.0721500813961029, 0.07209192216396332, 0.07202093303203583, 0.07197129726409912, 0.07190220803022385, 0.0718538835644722, 0.07179107517004013, 0.07174213975667953, 0.07167749106884003, 0.07161788642406464, 0.07156408578157425, 0.07152111083269119], "training_accs": [0.7080616334120474, 0.757525044532762, 0.7694110281275349, 0.7797321819096036, 0.7841999017344348, 0.790736802633067, 0.7937249070774103, 0.7969088382570173, 0.7996246046426169, 0.7985661952856598, 0.8031734010969056, 0.80469997524787, 0.8076498240304731, 0.809325961308732, 0.8121912908216261, 0.8148037576878999, 0.8177536064705032, 0.8182217712645107, 0.8190273179748474, 0.8204043289985172, 0.8235037409084148, 0.8246741528934337, 0.828579111513668, 0.832867715658201, 0.8355834820438003, 0.8370912759451484, 0.8417172620060104, 0.843861564078277, 0.8473828771742132, 0.8480851243652244, 0.8499953440404869, 0.8506975912314981, 0.8523549482601407, 0.8525890306571445, 0.8538815224111053, 0.8565972887967046, 0.8562599068803752, 0.8565972887967046, 0.8565972887967046, 0.8571687531100376, 0.8581238629476688, 0.8614573572545705, 0.863321313321864, 0.8655689149134559, 0.8661403792267889, 0.8686220632153847, 0.8682846812990554, 0.8688561456123884, 0.8715719119979878, 0.8715719119979878, 0.8732017856682778, 0.8755339065295789, 0.8776319449938762, 0.8783067088265349, 0.8805080468101578, 0.8802277008051851, 0.8811828106428163, 0.8821379204804477, 0.8833271127150827, 0.8842822225527142, 0.8861461786200078, 0.8861461786200078, 0.8861461786200078, 0.8874386703739683, 0.8887311621279289, 0.8887311621279289, 0.8891993269219364, 0.8901356565099513, 0.8901356565099513, 0.8909412032202882, 0.8909412032202882, 0.891746749930625, 0.891746749930625, 0.8925522966409617, 0.892318214243958, 0.8935074064785931, 0.8937414888755968, 0.8944625163162243, 0.894696598713228, 0.8964572552611964, 0.8964572552611964, 0.8981146122898388, 0.8981146122898388, 0.8994071040437994, 0.8996411864408032, 0.8998752688378069, 0.9001093512348106, 0.9001093512348106, 0.9012985434694457, 0.9020007906604569, 0.9023381725767864, 0.9028063373707939, 0.9039955296054288, 0.9042296120024326, 0.9064772135940244, 0.9064772135940244, 0.9064772135940244, 0.9068145955103537, 0.9068145955103537, 0.9068145955103537],