{"training_acc": 0.6841400590756779, "validation_acc": 0.6835075166769693, "classes": ["aerobe", "anaerobe", "facultative"], "confusion_matrix": [202, 48, 89, 13, 202, 28, 19, 10, 48], "f1_score": 0.7052111131690099, "training_losses": [0.6441836953163147, 0.6261289119720459, 0.6146460771560669, 0.6065523028373718, 0.6003994345664978, 0.5954424738883972, 0.5912214517593384, 0.587502121925354, 0.5841623544692993, 0.5811044573783875, 0.5782713294029236, 0.5756193399429321, 0.5730864405632019, 0.5706512331962585, 0.5682965517044067, 0.5660237669944763, 0.5638038516044617, 0.5616275072097778, 0.5594874024391174, 0.5573797821998596, 0.5553025007247925, 0.553255021572113, 0.551222026348114, 0.54920494556427, 0.547207236289978, 0.5452221035957336, 0.5432456135749817, 0.5412799119949341, 0.5393316745758057, 0.5373945236206055, 0.5354726314544678, 0.5335730910301208, 0.531687319278717, 0.5298221707344055, 0.5279760360717773, 0.5261514782905579, 0.5243461728096008, 0.5225590467453003, 0.5207990407943726, 0.5190679430961609, 0.5173641443252563, 0.5156866908073425, 0.5140363574028015, 0.5124167203903198, 0.5108262896537781, 0.5092642903327942, 0.5077309012413025, 0.5062252283096313, 0.504751980304718, 0.5033048391342163, 0.5018890500068665, 0.5005041360855103, 0.49914973974227905, 0.4978245198726654, 0.4965209364891052, 0.4952457547187805, 0.493996798992157, 0.49277257919311523, 0.49157392978668213, 0.4903992712497711, 0.48924902081489563, 0.4881223142147064, 0.4870198369026184, 0.4859412610530853, 0.4848824441432953, 0.4838428199291229, 0.48282766342163086, 0.48183268308639526, 0.48085230588912964, 0.47989434003829956, 0.47895511984825134, 0.47803279757499695, 0.4771295189857483, 0.47624149918556213, 0.4753681719303131, 0.4745100140571594, 0.4736666977405548, 0.47283825278282166, 0.47202402353286743, 0.47122636437416077, 0.4704394042491913, 0.46966591477394104, 0.46890968084335327, 0.46816423535346985, 0.46743232011795044, 0.46671369671821594, 0.4660065770149231, 0.46531325578689575, 0.4646318852901459, 0.4639597237110138, 0.4632989764213562, 0.4626500606536865, 0.4620118737220764, 0.46138250827789307, 0.46076393127441406, 0.4601548910140991, 0.45955419540405273, 0.45896002650260925, 0.4583749771118164, 0.45779815316200256], "validation_losses": [0.20753276348114014, 0.19998699426651, 0.19556155800819397, 0.19278563559055328, 0.19091998040676117, 0.18956585228443146, 0.18849141895771027, 0.18758010864257812, 0.1867772787809372, 0.1860402226448059, 0.18535330891609192, 0.18471099436283112, 0.18408945202827454, 0.18348374962806702, 0.18288931250572205, 0.18230877816677094, 0.18173426389694214, 0.18115684390068054, 0.1805802434682846, 0.1799989938735962, 0.17942945659160614, 0.17886126041412354, 0.17828282713890076, 0.17771463096141815, 0.1771475374698639, 0.17659199237823486, 0.17602850496768951, 0.1754683256149292, 0.17490710318088531, 0.17434504628181458, 0.17378517985343933, 0.1732289046049118, 0.17267358303070068, 0.17213040590286255, 0.1715841442346573, 0.17104050517082214, 0.1705034375190735, 0.1699640154838562, 0.16943266987800598, 0.16892200708389282, 0.16841256618499756, 0.16791091859340668, 0.16741344332695007, 0.1669299155473709, 0.16645509004592896, 0.16598275303840637, 0.16551551222801208, 0.16505375504493713, 0.1646067500114441, 0.1641637533903122, 0.1637296825647354, 0.16330265998840332, 0.1628841608762741, 0.16247616708278656, 0.16207030415534973, 0.1616775393486023, 0.16129155457019806, 0.16091473400592804, 0.16054508090019226, 0.1601870357990265, 0.1598326712846756, 0.15948925912380219, 0.15915897488594055, 0.15882910788059235, 0.15851303935050964, 0.15819452702999115, 0.15789292752742767, 0.15759968757629395, 0.15729345381259918, 0.15701131522655487, 0.15673203766345978, 0.1564491242170334, 0.1561831384897232, 0.15591195225715637, 0.1556529998779297, 0.15539591014385223, 0.15515011548995972, 0.154903843998909, 0.15466172993183136, 0.1544325053691864, 0.15419763326644897, 0.15396498143672943, 0.15374822914600372, 0.15352588891983032, 0.15331394970417023, 0.15310804545879364, 0.152900829911232, 0.1527036428451538, 0.15251490473747253, 0.15232132375240326, 0.15212875604629517, 0.1519419252872467, 0.15176446735858917, 0.1515805572271347, 0.15140819549560547, 0.15123236179351807, 0.1510602980852127, 0.15089042484760284, 0.15072615444660187, 0.15056224167346954], "training_accs": [0.4736678014059081, 0.49002793457329125, 0.49675226123501887, 0.5016005047427918, 0.5073428116328943, 0.5169032717035523, 0.5212738152889195, 0.5313893189457671, 0.537724969221138, 0.5441542053296873, 0.5502027245960135, 0.5583106804511482, 0.5660522525177027, 0.5713119741071427, 0.5796604785469824, 0.5851156544280403, 0.5936528186654894, 0.5997190682324628, 0.6055966580018266, 0.606811266814023, 0.608120205525024, 0.6131112704716929, 0.6146539632733906, 0.6146054717332993, 0.6161966560750883, 0.617219207842671, 0.6199731122095608, 0.6206292801885634, 0.6217078620558721, 0.6226436224842847, 0.6239074669021988, 0.6247455001848025, 0.6288602320497888, 0.6321725772498724, 0.6349332761107706, 0.6368074501489737, 0.6373692882291716, 0.6394738191110672, 0.6412502660034614, 0.6436828808748583, 0.6453649978684478, 0.6459268359486458, 0.6465796066806441, 0.6460211658474504, 0.6472357746596468, 0.6486390432694527, 0.6500840089253414, 0.6504086956678384, 0.6518153615246485, 0.6537278353619304, 0.6562021472794101, 0.6565753255619987, 0.6569034095515, 0.6580236884648915, 0.6603585761904796, 0.6623653799265662, 0.6639046754812598, 0.664093335278869, 0.665541698181762, 0.66610353626196, 0.6689968648207416, 0.6698833896434366, 0.6708642443649365, 0.6717507691876315, 0.671984523278328, 0.6720788531771328, 0.6731991320905243, 0.6737609701707225, 0.6737609701707225, 0.6750240705230098, 0.676472433425903, 0.6769399416072961, 0.677501779687494, 0.6796063105693896, 0.6799343945588908, 0.6796063105693896, 0.6792782265798882, 0.6792782265798882, 0.678950142590387, 0.6791838966810836, 0.6791838966810836, 0.6795119806705848, 0.6797457347612815, 0.6803075728414792, 0.6807750810228725, 0.6813369191030705, 0.6815706731937671, 0.6826909521071586, 0.6829247061978552, 0.6825966222083539, 0.6842753419549391, 0.6842753419549391, 0.684976604227029, 0.6852103583177257, 0.686892475311315, 0.6876846702352054, 0.6879184243259019, 0.6881521784165986, 0.6887106192497923, 0.6887106192497923],