{"training_acc": 0.9401615645453948, "validation_acc": 0.7870511076017467, "classes": ["aerobe", "anaerobe", "facultative"], "confusion_matrix": [275, 35, 29, 11, 222, 10, 18, 10, 49], "f1_score": 0.8304327318827573, "training_losses": [0.3863663673400879, 0.34520742297172546, 0.32207468152046204, 0.3051808774471283, 0.2917434573173523, 0.2814866602420807, 0.27220281958580017, 0.26469844579696655, 0.2580215036869049, 0.25208455324172974, 0.24649575352668762, 0.24101470410823822, 0.23637601733207703, 0.23191122710704803, 0.22794140875339508, 0.22396428883075714, 0.21989402174949646, 0.2159983068704605, 0.21269702911376953, 0.20911122858524323, 0.20614102482795715, 0.2026848942041397, 0.19975166022777557, 0.1968490332365036, 0.19375011324882507, 0.19142913818359375, 0.1888023167848587, 0.1864265650510788, 0.18350791931152344, 0.18107639253139496, 0.1787455528974533, 0.17652326822280884, 0.17369066178798676, 0.17209301888942719, 0.16914014518260956, 0.1675991415977478, 0.16531644761562347, 0.1634669005870819, 0.16077223420143127, 0.1595802754163742, 0.15732066333293915, 0.15603429079055786, 0.15380792319774628, 0.15226145088672638, 0.15068994462490082, 0.14882700145244598, 0.14730960130691528, 0.1451956033706665, 0.144117072224617, 0.14202308654785156, 0.14088137447834015, 0.13958406448364258, 0.1381012499332428, 0.13675454258918762, 0.1357656866312027, 0.13387906551361084, 0.13304296135902405, 0.13124147057533264, 0.13045980036258698, 0.12923051416873932, 0.12844903767108917, 0.1270725131034851, 0.12598338723182678, 0.1250379979610443, 0.12435710430145264, 0.12332341074943542, 0.12284743785858154, 0.12186361849308014, 0.1212625801563263, 0.1202254593372345, 0.11951109021902084, 0.11903048306703568, 0.11737542599439621, 0.11691713333129883, 0.11688346415758133, 0.11622421443462372, 0.11493758112192154, 0.11488770693540573, 0.11408977955579758, 0.11406943947076797, 0.11320076882839203, 0.11319544166326523, 0.11217640340328217, 0.11219137907028198, 0.11210522055625916, 0.11153001338243484, 0.1108250766992569, 0.1110464558005333, 0.10970064252614975, 0.10973139852285385, 0.10960526764392853, 0.10971589386463165, 0.10878895223140717, 0.1083865538239479, 0.10792074352502823, 0.1067805141210556, 0.10703901201486588, 0.106512650847435, 0.10653912276029587, 0.1052638441324234], "validation_losses": [0.1312459111213684, 0.12464605271816254, 0.11848293989896774, 0.11325981467962265, 0.1089668720960617, 0.10588466376066208, 0.10217443108558655, 0.09993468970060349, 0.09794163703918457, 0.0965115875005722, 0.09529411047697067, 0.09388556331396103, 0.09295152872800827, 0.0921488031744957, 0.09108628332614899, 0.0906485840678215, 0.08982079476118088, 0.08870139718055725, 0.08841706067323685, 0.08779437094926834, 0.08737228810787201, 0.08675868809223175, 0.0864638239145279, 0.08598321676254272, 0.08546194434165955, 0.08527097851037979, 0.08486919850111008, 0.0844750925898552, 0.08421261608600616, 0.08384766429662704, 0.08348403126001358, 0.08312205970287323, 0.08261238038539886, 0.08270783722400665, 0.08211462199687958, 0.08186228573322296, 0.08129961788654327, 0.08099789172410965, 0.08068276196718216, 0.08089416474103928, 0.08035393059253693, 0.0802723690867424, 0.08000022917985916, 0.07993677258491516, 0.07992323487997055, 0.07983829081058502, 0.0797235295176506, 0.07959448546171188, 0.0793253555893898, 0.07915904372930527, 0.07919210195541382, 0.079134501516819, 0.07900021225214005, 0.07893411070108414, 0.07886171340942383, 0.07869245111942291, 0.07860582321882248, 0.07849297672510147, 0.07872525602579117, 0.07853639125823975, 0.07818251848220825, 0.07821815460920334, 0.0784827396273613, 0.07821431756019592, 0.07834289968013763, 0.07797687500715256, 0.07804123312234879, 0.07799181342124939, 0.07816339284181595, 0.07810506969690323, 0.07801394164562225, 0.07804136723279953, 0.07777955383062363, 0.07780870050191879, 0.07775873690843582, 0.07778402417898178, 0.07766050100326538, 0.0776224210858345, 0.07765305042266846, 0.07775009423494339, 0.07786785066127777, 0.07789251208305359, 0.0779055804014206, 0.07783090323209763, 0.07806796580553055, 0.07818665355443954, 0.0781058743596077, 0.0782337486743927, 0.0782090350985527, 0.0785495787858963, 0.07825760543346405, 0.0786232203245163, 0.07861793041229248, 0.07880857586860657, 0.0790957435965538, 0.07880201190710068, 0.07905031740665436, 0.07891283184289932, 0.07905028015375137, 0.0789952501654625], "training_accs": [0.7155897410600502, 0.7484008810365789, 0.7733524227456261, 0.8018117073090617, 0.8056011184192983, 0.8171834989590279, 0.8220909600345804, 0.8279329030733708, 0.833024173816323, 0.8393255201909522, 0.8463755945540568, 0.8518401967212353, 0.8545035389713843, 0.8592195339827482, 0.8645904078415252, 0.8697735834181773, 0.8734613681579018, 0.8771031400644458, 0.8768695497818015, 0.8801840030972999, 0.8829872073216918, 0.8862078114961278, 0.8872360217677672, 0.8896159931200275, 0.8920898136133503, 0.8920898136133503, 0.8935373681423963, 0.8939126438739847, 0.8945655784140355, 0.895080595287206, 0.8974625109468288, 0.8977918946778979, 0.8993811346558881, 0.8994749837969503, 0.9006429352101716, 0.901623309173929, 0.9032106048445568, 0.9032125491519193, 0.9076471175727568, 0.9074135272901126, 0.9081142981380453, 0.909657646115516, 0.9107797055282179, 0.9129280309051965, 0.9130218800462587, 0.913395211470485, 0.9143775297416047, 0.9157312351295882, 0.9169471436833523, 0.9186282884950424, 0.917647914531285, 0.9189557279187491, 0.920311377614095, 0.9208704630130834, 0.9223180175421293, 0.9225516078247735, 0.9234859689553505, 0.9246060840606898, 0.9246999332017521, 0.9250273726254589, 0.9260555828970981, 0.9268502028860932, 0.9280641671324948, 0.929324023379416, 0.9287649379804276, 0.9281120034403768, 0.92876688228779, 0.9304480270994802, 0.931100961639531, 0.9324546670275146, 0.932035322770108, 0.9318017324874637, 0.9334828772991539, 0.9323627621938145, 0.932829942759103, 0.9325963524764589, 0.9330635330417474, 0.9326441887843407, 0.9335307136070359, 0.9330635330417474, 0.9345110875707933, 0.934185592454449, 0.9348385269944997, 0.934185592454449, 0.9334848216065162, 0.9334848216065162, 0.9349323761355622, 0.9338122610302229, 0.9346987858529179, 0.9344651955702737, 0.9340458513128672, 0.9335786707475787, 0.9346987858529179, 0.9350262252766246, 0.9370328652046589, 0.9372664554873031, 0.9372664554873031, 0.9380610754762982, 0.9382946657589425, 0.9389476002989933],