{"training_acc": 0.7631502395976977, "validation_acc": 0.7702367433603095, "classes": ["aerobe", "anaerobe", "facultative"], "confusion_matrix": [245, 23, 71, 16, 206, 21, 14, 6, 57], "f1_score": 0.7872926646324115, "training_losses": [0.59693443775177, 0.5723446011543274, 0.5548360347747803, 0.5405450463294983, 0.5281828045845032, 0.5171788334846497, 0.507287323474884, 0.49834853410720825, 0.4902958869934082, 0.4830285906791687, 0.47641026973724365, 0.470415323972702, 0.46493321657180786, 0.45992353558540344, 0.45533591508865356, 0.45112645626068115, 0.44723594188690186, 0.4436204433441162, 0.440238356590271, 0.4370763897895813, 0.4341052174568176, 0.4313115179538727, 0.4286753237247467, 0.4261787235736847, 0.42381033301353455, 0.42155721783638, 0.41940608620643616, 0.4173557460308075, 0.41539520025253296, 0.4135132431983948, 0.41169998049736023, 0.40995457768440247, 0.4082666039466858, 0.40662911534309387, 0.40505024790763855, 0.4035239517688751, 0.4020460844039917, 0.40061524510383606, 0.3992282450199127, 0.39787977933883667, 0.3965664207935333, 0.39528927206993103, 0.3940424621105194, 0.3928218483924866, 0.39162784814834595, 0.39046046137809753, 0.38931500911712646, 0.3881947100162506, 0.38710346817970276, 0.38603371381759644, 0.38498249650001526, 0.3839520812034607, 0.3829415738582611, 0.3819460868835449, 0.3809695541858673, 0.3800162076950073, 0.3790724277496338, 0.3781452476978302, 0.37723615765571594, 0.3763391673564911, 0.3754555583000183, 0.37458547949790955, 0.3737346827983856, 0.3728909492492676, 0.3720589280128479, 0.3712388277053833, 0.37043628096580505, 0.3696357309818268, 0.3688514530658722, 0.36807870864868164, 0.3673068583011627, 0.3665517568588257, 0.3657985329627991, 0.3650636672973633, 0.36433154344558716, 0.3636113405227661, 0.3628990650177002, 0.3621942400932312, 0.3614983558654785, 0.3608134984970093, 0.3601350784301758, 0.3594672679901123, 0.3588041067123413, 0.35815054178237915, 0.3575001060962677, 0.3568575084209442, 0.35622283816337585, 0.35559892654418945, 0.354979008436203, 0.35436561703681946, 0.3537558913230896, 0.3531562089920044, 0.35256144404411316, 0.35197019577026367, 0.35138654708862305, 0.3508153557777405, 0.35024651885032654, 0.3496788740158081, 0.349122554063797, 0.3485671281814575], "validation_losses": [0.18815594911575317, 0.1816858947277069, 0.17773160338401794, 0.17442616820335388, 0.17135153710842133, 0.1684015840291977, 0.165595144033432, 0.16297875344753265, 0.16056282818317413, 0.15832118690013885, 0.15624471008777618, 0.1543484926223755, 0.15260183811187744, 0.15098904073238373, 0.14949768781661987, 0.14811813831329346, 0.1468360871076584, 0.14565767347812653, 0.14455653727054596, 0.1435260772705078, 0.14253884553909302, 0.14163553714752197, 0.14078496396541595, 0.13997162878513336, 0.13920044898986816, 0.13847388327121735, 0.13778163492679596, 0.13712933659553528, 0.13651159405708313, 0.13592767715454102, 0.13535858690738678, 0.1348072737455368, 0.1342744678258896, 0.13374833762645721, 0.13325044512748718, 0.1327880173921585, 0.13234154880046844, 0.13190197944641113, 0.1314738243818283, 0.13106560707092285, 0.13065941631793976, 0.13025707006454468, 0.1298694610595703, 0.12950041890144348, 0.12912896275520325, 0.12876854836940765, 0.1284128725528717, 0.12807878851890564, 0.1277460902929306, 0.1274126023054123, 0.12709341943264008, 0.1267806887626648, 0.12647412717342377, 0.1261642873287201, 0.1258627027273178, 0.125572070479393, 0.12527039647102356, 0.12498253583908081, 0.12470512092113495, 0.12443043291568756, 0.12415643781423569, 0.1238979622721672, 0.1236272007226944, 0.12336800247430801, 0.12311635166406631, 0.12286902964115143, 0.12261773645877838, 0.1223684772849083, 0.1221303939819336, 0.12189493328332901, 0.12166664749383926, 0.12143851071596146, 0.12120472639799118, 0.12097560614347458, 0.12075318396091461, 0.12052646279335022, 0.12030289322137833, 0.12009194493293762, 0.11988121271133423, 0.11967355757951736, 0.11946938186883926, 0.11927418410778046, 0.11907665431499481, 0.11889248341321945, 0.1187049075961113, 0.11851659417152405, 0.11833417415618896, 0.11814642697572708, 0.11796010285615921, 0.11776740103960037, 0.11759404093027115, 0.11741405725479126, 0.11724629998207092, 0.11706734448671341, 0.11688271909952164, 0.11671707034111023, 0.11654637008905411, 0.11638356000185013, 0.1162228137254715, 0.11607153713703156], "training_accs": [0.5030814457168146, 0.5472702684043163, 0.5982504964515464, 0.6299707445901118, 0.6401064378146529, 0.6568715129032866, 0.6635149691591549, 0.6692672091284028, 0.6786167253195302, 0.6784826397000242, 0.6834918233939336, 0.6838690460319867, 0.6874730197907089, 0.6919635183721259, 0.6963105484061863, 0.6998707220887423, 0.7013682236401871, 0.7045437978297567, 0.7063700304791635, 0.7092195589617791, 0.7112748542379571, 0.7135154120647402, 0.7137491661554369, 0.7157606613554489, 0.7181911731967627, 0.7182861502040279, 0.7183811272112933, 0.7195498976647761, 0.7209989076761296, 0.723239465502913, 0.7224014322203093, 0.7233364485830954, 0.7246904815871836, 0.7258107605005754, 0.7274888331387, 0.7276276102221314, 0.72996314505618, 0.7335092443469601, 0.7334142673396947, 0.7353307855324415, 0.7363122873624018, 0.7368747725510602, 0.7371085266417569, 0.7371085266417569, 0.7388815762871469, 0.7373422807324536, 0.7371085266417569, 0.73757603482315, 0.7381385200118085, 0.7380435430045432, 0.7385110511859363, 0.7386498282693678, 0.7411241401868476, 0.7426634357415409, 0.7440174687456292, 0.7455149702970739, 0.7466352492104656, 0.7476652425805174, 0.7476652425805174, 0.7484614818598723, 0.7479939736784792, 0.7487902129578341, 0.7494914752299239, 0.7514982789660105, 0.7527135348866675, 0.7524797807959708, 0.7521510496980089, 0.7526185578794022, 0.7529472889773641, 0.7536485512494537, 0.754116059430847, 0.7550510757936334, 0.7545835676122401, 0.7548173217029368, 0.7555185839750265, 0.756081069163685, 0.7563195147183069, 0.7569257999831313, 0.7578123248058263, 0.7560392751604362, 0.757069268530488, 0.7576317537191465, 0.7576317537191465, 0.7580992619005396, 0.757865507809843, 0.757865507809843, 0.7580992619005396, 0.7580992619005396, 0.7588955011798947, 0.7590342782633259, 0.7581477534406309, 0.758615261622024, 0.758615261622024, 0.7602980257240741, 0.7611845505467691, 0.7616520587281624, 0.7627723376415539, 0.7632398458229471, 0.7638926165549457, 0.7632398458229471],