{"training_acc": 0.6887499668869688, "validation_acc": 0.7358725618312639, "classes": ["aerobe", "anaerobe", "facultative"], "confusion_matrix": [276, 30, 33, 8, 225, 10, 20, 21, 36], "f1_score": 0.815258621102062, "training_losses": [0.6334993243217468, 0.605372428894043, 0.5841251015663147, 0.5682500004768372, 0.5561072826385498, 0.5464916229248047, 0.5386088490486145, 0.5319450497627258, 0.5261649489402771, 0.5210462212562561, 0.5164366960525513, 0.5122303366661072, 0.5083522796630859, 0.5047484040260315, 0.5013787150382996, 0.49821218848228455, 0.4952246844768524, 0.49239641427993774, 0.48971256613731384, 0.48716044425964355, 0.4847298264503479, 0.48241126537323, 0.48019665479660034, 0.4780784845352173, 0.47605058550834656, 0.4741079807281494, 0.47224584221839905, 0.47045987844467163, 0.4687458872795105, 0.46710002422332764, 0.46551868319511414, 0.46399831771850586, 0.4625362455844879, 0.46112945675849915, 0.45977550745010376, 0.4584715962409973, 0.45721542835235596, 0.45600494742393494, 0.45483824610710144, 0.45371320843696594, 0.4526279866695404, 0.45158103108406067, 0.45057034492492676, 0.44959455728530884, 0.4486517608165741, 0.44774067401885986, 0.446859747171402, 0.44600775837898254, 0.44518396258354187, 0.44438669085502625, 0.4436153471469879, 0.44286832213401794, 0.4421456456184387, 0.44144633412361145, 0.44076839089393616, 0.4401114583015442, 0.43947479128837585, 0.438858300447464, 0.4382612109184265, 0.4376820921897888, 0.43712037801742554, 0.43657490611076355, 0.436045378446579, 0.4355316460132599, 0.43503278493881226, 0.4345480799674988, 0.43407702445983887, 0.43361905217170715, 0.4331737160682678, 0.43274059891700745, 0.43231943249702454, 0.43190938234329224, 0.4315107464790344, 0.4311227798461914, 0.4307447075843811, 0.4303768575191498, 0.4300183057785034, 0.4296688139438629, 0.42932820320129395, 0.42899614572525024, 0.42867258191108704, 0.428356796503067, 0.42804932594299316, 0.42774924635887146, 0.42745649814605713, 0.4271719455718994, 0.4268946945667267, 0.42662400007247925, 0.4263596534729004, 0.4261013865470886, 0.42584922909736633, 0.4256029427051544, 0.425362765789032, 0.4251282215118408, 0.42489948868751526, 0.42467623949050903, 0.42445793747901917, 0.42424458265304565, 0.42403578758239746, 0.42383134365081787], "validation_losses": [0.20830737054347992, 0.1943008154630661, 0.18303582072257996, 0.174298956990242, 0.16751626133918762, 0.16216501593589783, 0.1578599512577057, 0.1543302983045578, 0.15138576924800873, 0.1488913893699646, 0.1467485874891281, 0.14488501846790314, 0.14324595034122467, 0.14178964495658875, 0.14048397541046143, 0.13930325210094452, 0.13822737336158752, 0.13724035024642944, 0.13632909953594208, 0.1354830265045166, 0.13469359278678894, 0.13395372033119202, 0.13325728476047516, 0.13259950280189514, 0.13197635114192963, 0.1313839852809906, 0.13081969320774078, 0.13028094172477722, 0.129765585064888, 0.12927210330963135, 0.12879858911037445, 0.12834346294403076, 0.12790565192699432, 0.1274840235710144, 0.1270778626203537, 0.12668602168560028, 0.12630750238895416, 0.1259414702653885, 0.12558750808238983, 0.12524491548538208, 0.1249128133058548, 0.12459119409322739, 0.1242792159318924, 0.12397658079862595, 0.12368275970220566, 0.12339742481708527, 0.12312020361423492, 0.12285058945417404, 0.1225886270403862, 0.12233428657054901, 0.12208710610866547, 0.1218467727303505, 0.1216132789850235, 0.12138622254133224, 0.1211649477481842, 0.12094941735267639, 0.12073959410190582, 0.12053520977497101, 0.12033626437187195, 0.12014231830835342, 0.11995333433151245, 0.11976881325244904, 0.1195887103676796, 0.11941270530223846, 0.11924093216657639, 0.119073286652565, 0.11890961974859238, 0.11874981224536896, 0.11859358847141266, 0.11844108253717422, 0.11829197406768799, 0.11814657598733902, 0.11800459772348404, 0.11786598712205887, 0.11773037910461426, 0.11759770661592484, 0.11746809631586075, 0.11734123528003693, 0.11721713095903397, 0.11709582060575485, 0.11697728931903839, 0.11686117947101593, 0.11674730479717255, 0.11663566529750824, 0.11652635037899017, 0.11641968041658401, 0.11631529033184052, 0.11621281504631042, 0.11611247062683105, 0.11601420491933823, 0.11591806262731552, 0.11582406610250473, 0.1157323345541954, 0.11564239859580994, 0.11555463075637817, 0.11546876281499863, 0.11538439989089966, 0.11530183255672455, 0.11522094905376434, 0.11514141410589218], "training_accs": [0.5376127321125846, 0.6364610682097394, 0.6627284995660228, 0.652944323834734, 0.640354999571691, 0.6357865229313587, 0.6360680703545459, 0.6369565394846034, 0.6376114183320166, 0.6397119074011133, 0.6401312516585198, 0.6437712000903624, 0.6470837090984983, 0.6496973915660639, 0.6547351139117078, 0.6558073927091653, 0.6584669671772504, 0.663318935548132, 0.6649502997445779, 0.667935369329007, 0.668821894151702, 0.6700319697833789, 0.6720386097114132, 0.6741371544731475, 0.6733425344841524, 0.6737618787415589, 0.6728734096115015, 0.6735263441515523, 0.6745047738079473, 0.6750638592069356, 0.6750140785916914, 0.6762260985307305, 0.6769268693786632, 0.6769268693786632, 0.6758986591070238, 0.6755712196833173, 0.6762241542233681, 0.6759905639407239, 0.6753356850933105, 0.6755673310685925, 0.6753337407859482, 0.6750063013622416, 0.6745850127974725, 0.6753776884791053, 0.6741617799253411, 0.6738343405016346, 0.6749544556069739, 0.6757471312886065, 0.6758390361223063, 0.676631711803939, 0.6763042723802325, 0.6765359183555143, 0.6763482200733896, 0.6774683351787288, 0.6782610108603615, 0.6779335714366549, 0.6772786925892417, 0.6769512531655351, 0.6766238137418283, 0.6777439288471676, 0.6779775191298119, 0.6779775191298119, 0.6793312245177954, 0.6804513396231346, 0.6813378644458297, 0.680123900199428, 0.680123900199428, 0.6825977206927508, 0.6834842455154458, 0.6834842455154458, 0.6839514260807343, 0.6847441017623671, 0.6847441017623671, 0.6850695968787113, 0.685301242853993, 0.6850676525713487, 0.6850657082639864, 0.6888453978374107, 0.6891708929537549, 0.6890770438126926, 0.6887496043889859, 0.6887496043889859, 0.6881885746826351, 0.6890750995053301, 0.6890750995053301, 0.6902871194443693, 0.6922937593724036, 0.6931802841950986, 0.6929466939124543, 0.6926192544887478, 0.6937393695940871, 0.6946258944167822, 0.6955124192394773, 0.6955124192394773, 0.6974252100264491, 0.6979842954254375, 0.6991044105307768, 0.7015303947162176, 0.7027424146552569, 0.7027424146552569],