{"training_acc": 0.6069935164704277, "validation_acc": 0.6060520927777565, "classes": ["aerobe", "anaerobe", "facultative"], "confusion_matrix": [203, 67, 69, 25, 189, 29, 22, 21, 34], "f1_score": 0.6606509302585057, "training_losses": [0.6748811602592468, 0.6563577055931091, 0.6431245803833008, 0.6338438987731934, 0.6271252632141113, 0.622016191482544, 0.6179436445236206, 0.6145665049552917, 0.6116737723350525, 0.6091389656066895, 0.6068764925003052, 0.604823887348175, 0.602942705154419, 0.6012058854103088, 0.599587619304657, 0.5980718731880188, 0.5966452360153198, 0.5952926874160767, 0.5940084457397461, 0.5927832722663879, 0.591609001159668, 0.5904821753501892, 0.5893985629081726, 0.5883535742759705, 0.5873425006866455, 0.5863656997680664, 0.5854192972183228, 0.5844993591308594, 0.5836037993431091, 0.5827297568321228, 0.5818768739700317, 0.581045389175415, 0.5802325010299683, 0.5794382095336914, 0.5786601901054382, 0.5778976082801819, 0.5771512985229492, 0.5764196515083313, 0.5757021903991699, 0.5749952793121338, 0.5743012428283691, 0.5736211538314819, 0.5729524493217468, 0.5722953081130981, 0.5716477632522583, 0.5710089802742004, 0.5703791975975037, 0.5697579979896545, 0.5691438317298889, 0.5685380697250366, 0.5679400563240051, 0.5673497915267944, 0.5667666792869568, 0.5661898255348206, 0.5656189918518066, 0.5650527477264404, 0.5644921064376831, 0.5639362931251526, 0.563385546207428, 0.562838613986969, 0.5622947812080383, 0.5617547631263733, 0.5612185001373291, 0.560685396194458, 0.5601561665534973, 0.5596306324005127, 0.5591071844100952, 0.5585871934890747, 0.5580729842185974, 0.5575639009475708, 0.5570605993270874, 0.556562066078186, 0.5560685396194458, 0.5555778741836548, 0.5550925135612488, 0.5546107292175293, 0.5541326403617859, 0.5536582469940186, 0.5531873106956482, 0.5527191758155823, 0.552252471446991, 0.5517880320549011, 0.551327645778656, 0.5508697032928467, 0.5504159927368164, 0.5499667525291443, 0.5495200753211975, 0.5490752458572388, 0.5486326217651367, 0.5481933951377869, 0.5477571487426758, 0.5473247170448303, 0.5468953847885132, 0.5464696288108826, 0.5460484027862549, 0.5456311702728271, 0.5452161431312561, 0.5448036789894104, 0.5443930625915527, 0.5439835786819458], "validation_losses": [0.21799789369106293, 0.21000847220420837, 0.2040887475013733, 0.19999229907989502, 0.1971880942583084, 0.19522662460803986, 0.1938077062368393, 0.1927419900894165, 0.19191032648086548, 0.1912410706281662, 0.19068540632724762, 0.19021058082580566, 0.1897944211959839, 0.18942242860794067, 0.18908312916755676, 0.18876929581165314, 0.18847477436065674, 0.1881941556930542, 0.18792591989040375, 0.1876680850982666, 0.18741872906684875, 0.18717697262763977, 0.1869412511587143, 0.18670935928821564, 0.18648214638233185, 0.18625813722610474, 0.1860378235578537, 0.1858198195695877, 0.18560457229614258, 0.18539176881313324, 0.1851809024810791, 0.18497249484062195, 0.18476703763008118, 0.18456360697746277, 0.1843620389699936, 0.18416307866573334, 0.18396562337875366, 0.18377120792865753, 0.18357886373996735, 0.18338939547538757, 0.1832009255886078, 0.18301615118980408, 0.18283267319202423, 0.18265193700790405, 0.18247246742248535, 0.18229450285434723, 0.18211816251277924, 0.18194280564785004, 0.18176889419555664, 0.18159598112106323, 0.1814233660697937, 0.18125206232070923, 0.18108133971691132, 0.1809113770723343, 0.1807413250207901, 0.18057198822498322, 0.18040315806865692, 0.18023592233657837, 0.18006852269172668, 0.17990203201770782, 0.17973555624485016, 0.17956863343715668, 0.1794028878211975, 0.1792377382516861, 0.17907287180423737, 0.17890794575214386, 0.17874255776405334, 0.17857731878757477, 0.1784140020608902, 0.1782519668340683, 0.17809073626995087, 0.1779305338859558, 0.17777249217033386, 0.17761480808258057, 0.17746008932590485, 0.1773073822259903, 0.17715422809123993, 0.17700228095054626, 0.176850363612175, 0.17669880390167236, 0.17654766142368317, 0.17639684677124023, 0.17624720931053162, 0.17609803378582, 0.1759500354528427, 0.17580261826515198, 0.1756541132926941, 0.17550602555274963, 0.17535890638828278, 0.1752122938632965, 0.17506596446037292, 0.174921914935112, 0.17477793991565704, 0.17463335394859314, 0.1744910031557083, 0.1743500828742981, 0.1742098182439804, 0.17407214641571045, 0.17393521964550018, 0.17379769682884216], "training_accs": [0.3259850612605621, 0.4096989377976333, 0.44170781519510866, 0.4501370368519617, 0.45509905576060666, 0.4606262452489179, 0.46607790290375567, 0.47270570786700966, 0.4794722899136949, 0.487366527728705, 0.4916885235423006, 0.4937120870611711, 0.49602258767475477, 0.4962266160810611, 0.5006248230462208, 0.5003910689555243, 0.5031503118948, 0.5026828037134067, 0.5006759999773202, 0.5013240792453932, 0.5024443581587849, 0.5039836537134783, 0.5044073618187055, 0.5047798929928334, 0.5038886767062131, 0.5051383497751855, 0.5056011664926533, 0.5058255376554994, 0.5039090194627527, 0.5082466665689626, 0.5116466119213782, 0.5150977342048931, 0.5195350497822936, 0.5230346636058997, 0.5273676192481843, 0.5298810397779049, 0.5317928665067263, 0.5350149261634698, 0.535287788866407, 0.5371949241313033, 0.5408751090415894, 0.5430159983971821, 0.5462333665900004, 0.5491220036848566, 0.5488835581302348, 0.5470108400136543, 0.5517721952250912, 0.5528439825983916, 0.5550798489612495, 0.5590887649694976, 0.560537774980851, 0.5639935887282913, 0.5639935887282913, 0.5651138676416828, 0.5660906780077178, 0.5655673014313002, 0.5677593677179921, 0.5678543447252574, 0.567291859536599, 0.5685071154572559, 0.5708426502913043, 0.5730832081180876, 0.5763005763109059, 0.5768630614995643, 0.5825109415336964, 0.5822771874429998, 0.5823674729863398, 0.5843257851823351, 0.5846545162802971, 0.5859647492082192, 0.586293480306181, 0.5894252544195847, 0.5918557662608984, 0.59297604517429, 0.5936288159062885, 0.5947490948196802, 0.595168111460982, 0.5948346888990949, 0.5954921510950185, 0.5966124300084102, 0.5974989548311053, 0.5981517255631036, 0.5990382503857986, 0.5984757651971403, 0.6003437918497957, 0.6015590477704525, 0.602211818502451, 0.6025358581364876, 0.6025358581364876, 0.6046376388798395, 0.6060819574272677, 0.6069684822499627, 0.6082787151778849, 0.6085124692685815, 0.6106142500119335, 0.6107092270191987, 0.6103366958450709, 0.6108991810337293, 0.6121144369543862, 0.6127718991503099],