{"training_acc": 0.8420925522085395, "validation_acc": 0.8006942739817208, "classes": ["aerobe", "anaerobe", "facultative"], "confusion_matrix": [269, 19, 51, 18, 211, 14, 17, 3, 57], "f1_score": 0.8242574014928584, "training_losses": [0.5470578074455261, 0.5049529671669006, 0.475972980260849, 0.45579439401626587, 0.44074711203575134, 0.4289458096027374, 0.4191696047782898, 0.41088730096817017, 0.40369001030921936, 0.3972514867782593, 0.39150506258010864, 0.38625630736351013, 0.3814903795719147, 0.37707915902137756, 0.37296441197395325, 0.36913245916366577, 0.3655702769756317, 0.36216267943382263, 0.3589312434196472, 0.35587966442108154, 0.35295629501342773, 0.3501444458961487, 0.3474736213684082, 0.3449404239654541, 0.34246310591697693, 0.34011146426200867, 0.3378380537033081, 0.33563512563705444, 0.3335224986076355, 0.3314805030822754, 0.3294830024242401, 0.32756608724594116, 0.32569125294685364, 0.32385531067848206, 0.3220994770526886, 0.32038286328315735, 0.31870269775390625, 0.31705352663993835, 0.31549549102783203, 0.31392571330070496, 0.3123824894428253, 0.3108753561973572, 0.30942919850349426, 0.30797165632247925, 0.3065843880176544, 0.30521586537361145, 0.3038536608219147, 0.30251428484916687, 0.30122923851013184, 0.2999652624130249, 0.2986976206302643, 0.29745638370513916, 0.29624927043914795, 0.29503998160362244, 0.2938864827156067, 0.2926853597164154, 0.29155221581459045, 0.2903800904750824, 0.28929534554481506, 0.28818437457084656, 0.2871086895465851, 0.2860645055770874, 0.28497016429901123, 0.2839150130748749, 0.2828718423843384, 0.28186488151550293, 0.2808375358581543, 0.2798246145248413, 0.27883583307266235, 0.27788078784942627, 0.27686426043510437, 0.275939404964447, 0.2749658226966858, 0.2740301489830017, 0.27305787801742554, 0.2721557021141052, 0.2712152898311615, 0.27032235264778137, 0.2694355845451355, 0.26853570342063904, 0.26764243841171265, 0.2667619287967682, 0.265898734331131, 0.26503995060920715, 0.2641867697238922, 0.26334765553474426, 0.26252901554107666, 0.26170051097869873, 0.260902464389801, 0.2601209282875061, 0.2592869997024536, 0.25850650668144226, 0.25774380564689636, 0.2569596767425537, 0.2562316358089447, 0.2554476857185364, 0.25468581914901733, 0.2539490759372711, 0.2532503008842468, 0.25248369574546814], "validation_losses": [0.1834431290626526, 0.1710113286972046, 0.1622922569513321, 0.15577024221420288, 0.15081921219825745, 0.14658640325069427, 0.14340947568416595, 0.14080852270126343, 0.13858439028263092, 0.13655246794223785, 0.13475775718688965, 0.1331292688846588, 0.13162977993488312, 0.1301611065864563, 0.12892907857894897, 0.1277943253517151, 0.12636645138263702, 0.12542782723903656, 0.12449147552251816, 0.12362364679574966, 0.12277036160230637, 0.1219613328576088, 0.12102300673723221, 0.12042351067066193, 0.11968417465686798, 0.1188916265964508, 0.11835376918315887, 0.11775349080562592, 0.11724414676427841, 0.11650099605321884, 0.11610571295022964, 0.11563153564929962, 0.11516123265028, 0.11451274156570435, 0.11418113857507706, 0.11373886466026306, 0.1134101003408432, 0.11295516788959503, 0.11225590854883194, 0.11200523376464844, 0.11164666712284088, 0.11139005422592163, 0.11107389628887177, 0.11079759895801544, 0.11046292632818222, 0.1102343425154686, 0.10993080586194992, 0.10958512872457504, 0.10924211889505386, 0.10904373228549957, 0.10875719040632248, 0.10851087421178818, 0.10820825397968292, 0.10770797729492188, 0.10761085152626038, 0.10735653340816498, 0.10720079392194748, 0.10692214220762253, 0.10677216947078705, 0.10655216127634048, 0.10615796595811844, 0.1060389056801796, 0.10585324466228485, 0.10567200928926468, 0.10545647889375687, 0.1052846908569336, 0.10508859157562256, 0.10489410161972046, 0.10426316410303116, 0.10427854210138321, 0.10412326455116272, 0.10397780686616898, 0.10380932688713074, 0.10364028066396713, 0.10351087152957916, 0.10332927852869034, 0.10321750491857529, 0.10303051769733429, 0.10291911661624908, 0.10274237394332886, 0.10262468457221985, 0.1024472713470459, 0.10220478475093842, 0.10208842903375626, 0.10193946957588196, 0.10150788724422455, 0.10150331258773804, 0.1013084203004837, 0.10125969350337982, 0.10111191868782043, 0.10092141479253769, 0.10068664699792862, 0.10058487951755524, 0.10042154043912888, 0.10033455491065979, 0.10009147971868515, 0.09996882826089859, 0.09989745169878006, 0.09972088038921356, 0.09918640553951263], "training_accs": [0.6092744960698062, 0.6462289951252737, 0.6749847916902124, 0.6859317691037479, 0.6971091033609756, 0.7051074661816298, 0.7124921021349907, 0.7186128936704375, 0.723802066090102, 0.7263248695476731, 0.7333287886588108, 0.7371605308273831, 0.7373033522662791, 0.7388036039562674, 0.742541016226035, 0.7462299369557112, 0.7494998410440855, 0.7515585335672675, 0.7538475829341421, 0.7559938108621207, 0.7585624526784053, 0.7591242907586032, 0.7626313461846782, 0.7645013789102509, 0.7686612050683245, 0.7702489921631092, 0.7731908122619822, 0.7742201585235734, 0.7760416997090546, 0.7777723082427355, 0.779597246675221, 0.7837112344745812, 0.7868383171240595, 0.789082272197847, 0.7904847967420264, 0.792166913735616, 0.7924006678263126, 0.7946446229001, 0.7950178011826884, 0.79613808009608, 0.7973526889082764, 0.7973526889082764, 0.7966999181762779, 0.7974955103471725, 0.7972617562564759, 0.7990832974419572, 0.800950676986152, 0.803892497085025, 0.803892497085025, 0.805665546730415, 0.8068801555426113, 0.8074419936228093, 0.8088903565257023, 0.8102443895297905, 0.810478143620487, 0.8115984225338787, 0.8118321766245753, 0.8120659307152719, 0.8120659307152719, 0.8158457840967485, 0.8154267674554467, 0.8167808004595348, 0.8174335711915334, 0.8188819340944263, 0.8193494422758194, 0.8210281620224048, 0.8219631783851913, 0.8224306865665844, 0.8233172113892794, 0.823550965479976, 0.824018473661369, 0.8249049984840643, 0.8273308188614527, 0.8286848518655409, 0.8286848518655409, 0.8304612987579351, 0.8315815776713268, 0.83204908585272, 0.83204908585272, 0.8342896436795032, 0.8342896436795032, 0.8346177276690044, 0.8360660905718974, 0.8409662228667658, 0.8426483398603554, 0.8436776861219464, 0.843911440212643, 0.843911440212643, 0.843911440212643, 0.8443789483940362, 0.8447070323835374, 0.8454992273074278, 0.8454992273074278, 0.8468532603115161, 0.8477397851342111, 0.8482072933156042, 0.8484410474063008, 0.849795080410389, 0.849795080410389, 0.8502625885917822],