{"training_acc": 0.977293181279661, "validation_acc": 0.7898209199421916, "classes": ["aerobe", "anaerobe", "facultative"], "confusion_matrix": [298, 13, 28, 16, 217, 10, 23, 8, 46], "f1_score": 0.8530157421251152, "training_losses": [0.2136303037405014, 0.15879756212234497, 0.1287158876657486, 0.11893430352210999, 0.10317382216453552, 0.10848688334226608, 0.09491705149412155, 0.10118553787469864, 0.09218961745500565, 0.08712134510278702, 0.10162778198719025, 0.08151419460773468, 0.11278194934129715, 0.09959539026021957, 0.10404312610626221, 0.12509198486804962, 0.11620518565177917, 0.0986679419875145, 0.09820640832185745, 0.09451884031295776, 0.08867853134870529, 0.07521452754735947, 0.08673174679279327, 0.08586065471172333, 0.0803280770778656, 0.09485112130641937, 0.0894179493188858, 0.1038629412651062, 0.09912174195051193, 0.09006915241479874, 0.07907966524362564, 0.08304156363010406, 0.07025286555290222, 0.07198607921600342, 0.06856201589107513, 0.07298198342323303, 0.15086176991462708, 0.09261201322078705, 0.09640549123287201, 0.07203264534473419, 0.07997459918260574, 0.07218524813652039, 0.05527687817811966, 0.08159282058477402, 0.0753994956612587, 0.07277537882328033, 0.0883791595697403, 0.07406195253133774, 0.06327584385871887, 0.07739471644163132, 0.0659877359867096, 0.07743537425994873, 0.06894847750663757, 0.08826261013746262, 0.07002881169319153, 0.0723363608121872, 0.0735418051481247, 0.0804547592997551, 0.07347147911787033, 0.06057117134332657, 0.055271122604608536, 0.05814267322421074, 0.05854904279112816, 0.04657115787267685, 0.05856497958302498, 0.06414824724197388, 0.04799101501703262, 0.06612574309110641, 0.06605540215969086, 0.07003499567508698, 0.057171162217855453, 0.046932268887758255, 0.05824551731348038, 0.05410786345601082, 0.04811229929327965, 0.06982193887233734, 0.05126446485519409, 0.04696919023990631, 0.04787593334913254, 0.04207935184240341, 0.0603095218539238, 0.04562382772564888, 0.049855172634124756, 0.0993155986070633, 0.07150417566299438, 0.03913493826985359, 0.03822771832346916, 0.04062849283218384, 0.0397576205432415, 0.044532403349876404, 0.04235769808292389, 0.038780372589826584, 0.036307211965322495, 0.05087868496775627, 0.03352424502372742, 0.0516294464468956, 0.05925045907497406, 0.04574631527066231, 0.048173870891332626, 0.038485944271087646], "validation_losses": [0.08286623656749725, 0.07644502818584442, 0.08070483058691025, 0.07755125313997269, 0.08276358991861343, 0.0821017473936081, 0.07877932488918304, 0.08835440129041672, 0.07736504822969437, 0.07815080881118774, 0.08524050563573837, 0.08623316138982773, 0.09108966588973999, 0.08326945453882217, 0.08342499285936356, 0.08029195666313171, 0.07775986194610596, 0.09492532163858414, 0.08050757646560669, 0.08665037900209427, 0.09631995856761932, 0.08344566076993942, 0.08006183058023453, 0.08199965953826904, 0.08023572713136673, 0.0734114795923233, 0.0743672326207161, 0.0795673206448555, 0.08309847861528397, 0.08220687508583069, 0.07876923680305481, 0.07723314315080643, 0.0780773013830185, 0.08011268824338913, 0.07369780540466309, 0.0740099549293518, 0.09790527820587158, 0.08991716057062149, 0.08033987879753113, 0.0843089148402214, 0.07940862327814102, 0.08028759807348251, 0.08163823932409286, 0.07101230323314667, 0.08208922296762466, 0.07752920687198639, 0.07894094288349152, 0.07992783188819885, 0.08050408959388733, 0.08312524110078812, 0.08167935907840729, 0.08069286495447159, 0.0815729945898056, 0.08159398287534714, 0.07346570491790771, 0.07556089758872986, 0.07993793487548828, 0.08010827004909515, 0.07329295575618744, 0.07156563550233841, 0.07753801345825195, 0.07943504303693771, 0.0820632353425026, 0.07547265291213989, 0.06931115686893463, 0.07276345789432526, 0.07442948967218399, 0.0803433433175087, 0.07538091391324997, 0.07775550335645676, 0.0763477012515068, 0.07749062776565552, 0.07892537117004395, 0.07537540793418884, 0.07614456862211227, 0.07859622687101364, 0.08106040209531784, 0.07939378917217255, 0.0768708661198616, 0.0756915882229805, 0.08082173764705658, 0.0787808820605278, 0.07422985136508942, 0.09211736172437668, 0.08493845909833908, 0.0793984904885292, 0.0748678594827652, 0.07192695140838623, 0.07452881336212158, 0.07998914271593094, 0.07624838501214981, 0.07129703462123871, 0.074364572763443, 0.07401137053966522, 0.07414700090885162, 0.07642282545566559, 0.07517053931951523, 0.07780332863330841, 0.07500181347131729, 0.07864650338888168], "training_accs": [0.8501868519652854, 0.9052313492395593, 0.9215201240865013, 0.9303167991681011, 0.942726202378469, 0.9430077498016561, 0.9443710558937909, 0.9410851166452113, 0.9454014521381146, 0.9447504619054263, 0.9333540770057809, 0.9558061597278108, 0.9316270401935712, 0.9457214768303542, 0.9392398469050675, 0.9241283825101757, 0.9277609162105515, 0.9422607244552212, 0.9421824297730583, 0.9418055722320902, 0.9514058174633181, 0.9590800706342333, 0.9506860124199572, 0.9505905814695153, 0.9514692082300996, 0.9462112640880264, 0.949422388390972, 0.9344737087804763, 0.9426516754783701, 0.9476410781854886, 0.9564663881666675, 0.9575923361940942, 0.9635664848103386, 0.962344864167148, 0.9637118172086859, 0.9568590418318571, 0.9095508373664346, 0.9479713077451842, 0.9430352117700522, 0.9583733460315522, 0.9540980826585819, 0.957508329422505, 0.9689354143617531, 0.9531673684774078, 0.954837451608228, 0.9569857769852067, 0.9493880414019662, 0.9612308236492181, 0.9685125439876044, 0.9562887739193379, 0.9637466475283354, 0.9546957661592836, 0.9629539718467028, 0.9507128238448351, 0.9573665231408998, 0.9604913338669108, 0.958904279861605, 0.953445268951192, 0.9595568519036729, 0.9624461280396774, 0.9672616842815299, 0.9681943427700664, 0.9684202766559218, 0.9727743644219121, 0.967319362958885, 0.9618548816243675, 0.974629718196851, 0.9630649572560442, 0.9576918974245828, 0.9570965207292262, 0.9675415290626765, 0.975560432378025, 0.9667010170731619, 0.9700972911875652, 0.974028508579407, 0.9585842551693653, 0.9706183826481448, 0.9751045551589282, 0.9748327292725533, 0.9793573790523893, 0.963765607271316, 0.9743559480031135, 0.9701646914017324, 0.9389687460146581, 0.9557373449171384, 0.974256145107303, 0.9792576969892396, 0.9751103880810156, 0.980197770209243, 0.9760448700442534, 0.9768376665585471, 0.9783808937033568, 0.9822523672778202, 0.9698410197600897, 0.9822983801110006, 0.9649872279145065, 0.9655750690457353, 0.9749669999900307, 0.9742658666441152, 0.9786028181418264],