{"training_acc": 0.8696783306653969, "validation_acc": 0.8311221657665446, "classes": ["aerobe", "anaerobe", "facultative"], "confusion_matrix": [305, 7, 27, 14, 220, 9, 21, 3, 53], "f1_score": 0.8797663070431407, "training_losses": [0.3457597494125366, 0.3145386576652527, 0.300491601228714, 0.2930014729499817, 0.2869490087032318, 0.28256091475486755, 0.2785697281360626, 0.275260865688324, 0.271728515625, 0.2692953646183014, 0.2661462128162384, 0.26361769437789917, 0.2617653012275696, 0.25959858298301697, 0.25771939754486084, 0.25576382875442505, 0.25403064489364624, 0.25244423747062683, 0.2506589889526367, 0.24912820756435394, 0.24767886102199554, 0.24655477702617645, 0.2451474517583847, 0.24406181275844574, 0.24281072616577148, 0.24181191623210907, 0.24050360918045044, 0.23934395611286163, 0.2384987473487854, 0.23790909349918365, 0.23715582489967346, 0.2357897311449051, 0.23469221591949463, 0.23329325020313263, 0.2330455780029297, 0.23247449100017548, 0.23116211593151093, 0.23022224009037018, 0.23024922609329224, 0.22900867462158203, 0.22754791378974915, 0.22745586931705475, 0.22689516842365265, 0.2256506383419037, 0.2250218391418457, 0.22425682842731476, 0.223542720079422, 0.22297975420951843, 0.22144314646720886, 0.22241643071174622, 0.2201581597328186, 0.22040511667728424, 0.2193661332130432, 0.21884329617023468, 0.21792100369930267, 0.21707136929035187, 0.2171931117773056, 0.21578599512577057, 0.21657340228557587, 0.21518802642822266, 0.21548539400100708, 0.2148296982049942, 0.21417364478111267, 0.21355055272579193, 0.21402564644813538, 0.21169354021549225, 0.2111227959394455, 0.2109607607126236, 0.21068930625915527, 0.21057438850402832, 0.20939797163009644, 0.20893721282482147, 0.20724111795425415, 0.20874300599098206, 0.20697931945323944, 0.20705033838748932, 0.20689138770103455, 0.20619972050189972, 0.20432430505752563, 0.20526425540447235, 0.20427049696445465, 0.20403754711151123, 0.20361405611038208, 0.2040252536535263, 0.20260822772979736, 0.20356285572052002, 0.2025551050901413, 0.2022620439529419, 0.20101113617420197, 0.19968651235103607, 0.20109999179840088, 0.2010171264410019, 0.20067034661769867, 0.1985592544078827, 0.19944748282432556, 0.19865460693836212, 0.19755838811397552, 0.197214737534523, 0.19740301370620728, 0.19729463756084442], "validation_losses": [0.09425631910562515, 0.08374202996492386, 0.07938974350690842, 0.07732145488262177, 0.07608984410762787, 0.0755629912018776, 0.07504086941480637, 0.07465371489524841, 0.07427132874727249, 0.07394938915967941, 0.07362845540046692, 0.0733092650771141, 0.07339601963758469, 0.07311221212148666, 0.07284345477819443, 0.07266908884048462, 0.07252220809459686, 0.07241635769605637, 0.07206381112337112, 0.07206063717603683, 0.07191543281078339, 0.07165119796991348, 0.07145780324935913, 0.0715608075261116, 0.07132931798696518, 0.07122422009706497, 0.07100401818752289, 0.07111234962940216, 0.0709967166185379, 0.07101169973611832, 0.07068037986755371, 0.07076588273048401, 0.07083556801080704, 0.07038826495409012, 0.07067522406578064, 0.07037566602230072, 0.07041295617818832, 0.07037238031625748, 0.07025989145040512, 0.07019861042499542, 0.07014784961938858, 0.07037457078695297, 0.0701935663819313, 0.0699920803308487, 0.07010781019926071, 0.06965439766645432, 0.07015230506658554, 0.06986570358276367, 0.0697573646903038, 0.06955944001674652, 0.06960218399763107, 0.0697438195347786, 0.06975681334733963, 0.06984806805849075, 0.06940179318189621, 0.06966736912727356, 0.06960248947143555, 0.06900081038475037, 0.06977877020835876, 0.0694538876414299, 0.06947190314531326, 0.06929469853639603, 0.06957713514566422, 0.06949655711650848, 0.06937385350465775, 0.06940861791372299, 0.06934353709220886, 0.06941095739603043, 0.06932785362005234, 0.06949475407600403, 0.06903340667486191, 0.0693303793668747, 0.06922877579927444, 0.06897758692502975, 0.06941242516040802, 0.06925084441900253, 0.06903471797704697, 0.06922132521867752, 0.0683065801858902, 0.0695008784532547, 0.06827832758426666, 0.06937234848737717, 0.06773857027292252, 0.06916291266679764, 0.06847655028104782, 0.06920719146728516, 0.06875181198120117, 0.06890031695365906, 0.06909017264842987, 0.06842765212059021, 0.06928674876689911, 0.06881339102983475, 0.06909772753715515, 0.06833740323781967, 0.06942742317914963, 0.06788481771945953, 0.06929387152194977, 0.0679280161857605, 0.06904731690883636, 0.06771712750196457], "training_accs": [0.7573298190606331, 0.7768576744943481, 0.7838734018684469, 0.7960403854681984, 0.8039887713308338, 0.8058576144246486, 0.8090801629064469, 0.8141197087267926, 0.8179951917486418, 0.8198620905350942, 0.8216351401804842, 0.8227552552858235, 0.8245782063791189, 0.8265848463071532, 0.8268203808971598, 0.8284995814014877, 0.8308336607532286, 0.8320476249996301, 0.834613350326653, 0.835921163714117, 0.8361547539967612, 0.8363405079715235, 0.8365740982541677, 0.8365740982541677, 0.8365740982541677, 0.8373667739358003, 0.837694213359507, 0.837694213359507, 0.8406812272512987, 0.8392336727222528, 0.840028292711248, 0.840028292711248, 0.8421287817803447, 0.8414758472402939, 0.8430153066030397, 0.8430153066030397, 0.8447883562484297, 0.8439018314257347, 0.8452077005058363, 0.846794996176464, 0.8488016361044983, 0.8489893343866232, 0.8492229246692674, 0.8505766300572509, 0.8523976368431838, 0.8510438106225394, 0.8538451913722298, 0.8534258471148232, 0.8556660773255017, 0.8543123719375182, 0.8566464512892592, 0.8556201853249822, 0.8557599264665642, 0.8569758350203281, 0.8556221296323446, 0.8582817041004297, 0.8569279987124463, 0.8597751506299951, 0.8590763240894249, 0.8583755532414922, 0.8602902883358264, 0.8590763240894249, 0.8598211634631756, 0.8591701732304872, 0.8590763240894249, 0.8597292586294757, 0.8589824749483624, 0.8599628489121199, 0.8590763240894249, 0.8601964391947642, 0.8605238786184707, 0.8602902883358264, 0.8602902883358264, 0.8602902883358264, 0.8634170433692, 0.8626243676875675, 0.8627641088291492, 0.8622988725712233, 0.863464879677082, 0.8643993616403199, 0.8629038499707312, 0.8647248567566641, 0.8649124342061278, 0.8660785621446476, 0.8652398736298346, 0.8659407653104282, 0.8656611621946034, 0.8654275719119592, 0.8681790512137443, 0.8673403626989312, 0.8668272901331232, 0.8681349826879262, 0.8677616512637001, 0.8695805929096098, 0.8690675203438017, 0.8675739529815755, 0.8696285500501526, 0.8711200522723557, 0.8713096948618428, 0.8729409382256276],