{"training_acc": 0.7091757066340393, "validation_acc": 0.7176566589873703, "classes": ["aerobe", "anaerobe", "facultative"], "confusion_matrix": [222, 19, 98, 10, 181, 52, 17, 2, 58], "f1_score": 0.7359580382523668, "training_losses": [0.5815637111663818, 0.5458170771598816, 0.5214802026748657, 0.50264972448349, 0.4877403974533081, 0.47576993703842163, 0.4658660888671875, 0.45785272121429443, 0.45142582058906555, 0.44604843854904175, 0.4415814280509949, 0.4378470778465271, 0.4346979856491089, 0.43200746178627014, 0.4296571612358093, 0.427619993686676, 0.42583274841308594, 0.4242534041404724, 0.4228425920009613, 0.4215909540653229, 0.42044776678085327, 0.4194053113460541, 0.41847163438796997, 0.4175903797149658, 0.4167907238006592, 0.41606342792510986, 0.4153786301612854, 0.4147276282310486, 0.4141411781311035, 0.4135948717594147, 0.4130730628967285, 0.41258159279823303, 0.4121306240558624, 0.4117150902748108, 0.4113202393054962, 0.41094911098480225, 0.4105997383594513, 0.41028299927711487, 0.4099655747413635, 0.40966370701789856, 0.4093785285949707, 0.40906572341918945, 0.4087817966938019, 0.40851759910583496, 0.4082753360271454, 0.408037006855011, 0.40781134366989136, 0.40759482979774475, 0.4073955714702606, 0.40719205141067505, 0.40701016783714294, 0.4068117141723633, 0.4066520631313324, 0.4064653217792511, 0.4063141644001007, 0.4061509966850281, 0.40600159764289856, 0.40585339069366455, 0.40570881962776184, 0.40557217597961426, 0.4054347574710846, 0.40531179308891296, 0.40518343448638916, 0.4050706624984741, 0.40495195984840393, 0.40484604239463806, 0.40473589301109314, 0.40462759137153625, 0.40451619029045105, 0.40441659092903137, 0.4043212831020355, 0.4042152166366577, 0.40412044525146484, 0.4040256440639496, 0.4039369225502014, 0.4038468897342682, 0.40377193689346313, 0.4036789834499359, 0.40359655022621155, 0.4035114347934723, 0.4034416973590851, 0.40335384011268616, 0.4032893478870392, 0.40320852398872375, 0.4031372666358948, 0.40307527780532837, 0.4029940962791443, 0.4029264450073242, 0.4028624892234802, 0.4027867019176483, 0.4027303457260132, 0.40266215801239014, 0.40259283781051636, 0.4025284945964813, 0.40247201919555664, 0.40241163969039917, 0.4023554027080536, 0.4022902250289917, 0.4022352695465088, 0.40217190980911255], "validation_losses": [0.18528765439987183, 0.17422400414943695, 0.16666842997074127, 0.16098366677761078, 0.15655659139156342, 0.1530546098947525, 0.1501987874507904, 0.14793765544891357, 0.14615429937839508, 0.14469654858112335, 0.14346136152744293, 0.1424608826637268, 0.1416275054216385, 0.14092372357845306, 0.140321746468544, 0.13980691134929657, 0.1393434852361679, 0.13897031545639038, 0.13864418864250183, 0.1383969485759735, 0.13811346888542175, 0.13790543377399445, 0.13768278062343597, 0.13751307129859924, 0.13732121884822845, 0.13716618716716766, 0.13703864812850952, 0.1368996500968933, 0.13676856458187103, 0.1366332322359085, 0.13652347028255463, 0.13640126585960388, 0.1363254338502884, 0.13624559342861176, 0.1361946165561676, 0.13611246645450592, 0.13605061173439026, 0.13600388169288635, 0.1359327882528305, 0.13587839901447296, 0.13583235442638397, 0.13578003644943237, 0.13573391735553741, 0.13567042350769043, 0.13564102351665497, 0.13561813533306122, 0.1355753391981125, 0.13555237650871277, 0.13551929593086243, 0.13550055027008057, 0.13546757400035858, 0.13544076681137085, 0.1354113668203354, 0.13540306687355042, 0.13536754250526428, 0.13534864783287048, 0.1353069543838501, 0.1352815181016922, 0.13525569438934326, 0.135234996676445, 0.1352144181728363, 0.1351991593837738, 0.13517609238624573, 0.13515660166740417, 0.1351465880870819, 0.13512881100177765, 0.135128453373909, 0.13512055575847626, 0.13509579002857208, 0.13508687913417816, 0.1350782811641693, 0.13507327437400818, 0.13507729768753052, 0.1350633054971695, 0.13503748178482056, 0.13504339754581451, 0.13503839075565338, 0.13503055274486542, 0.13501198589801788, 0.1350076049566269, 0.13497966527938843, 0.13496768474578857, 0.13498087227344513, 0.13495326042175293, 0.13494567573070526, 0.134943887591362, 0.13493767380714417, 0.1349082887172699, 0.1348922997713089, 0.13488489389419556, 0.13487432897090912, 0.13484951853752136, 0.13487087190151215, 0.13484419882297516, 0.13484758138656616, 0.13483385741710663, 0.13482297956943512, 0.13482306897640228, 0.134819895029068, 0.13479679822921753], "training_accs": [0.5432865590835144, 0.6064769010963823, 0.633651743017725, 0.6558388848739898, 0.6676469576342529, 0.6763819445911118, 0.6837612818526245, 0.689269952545621, 0.6885231688645078, 0.6982768862215156, 0.7003313624574319, 0.7025715926681104, 0.7021503041033413, 0.7028491306439117, 0.7026155403612675, 0.7043885900066575, 0.704947675405646, 0.7073736595910868, 0.7073736595910868, 0.706904534718436, 0.7069983838594983, 0.7073238789758425, 0.7073238789758425, 0.7090969286212325, 0.708629748055944, 0.7088155020307063, 0.7090490923133507, 0.709516272878639, 0.709516272878639, 0.709516272878639, 0.7087235971970065, 0.7087235971970065, 0.7104966468423966, 0.7104966468423966, 0.7104966468423966, 0.7107302371250407, 0.710963827407685, 0.7104966468423966, 0.7102630565597523, 0.7109159910998031, 0.7109159910998031, 0.7106824008171588, 0.7106824008171588, 0.7109159910998031, 0.7109159910998031, 0.7111495813824473, 0.7109159910998031, 0.7102152202518703, 0.7102152202518703, 0.7099816299692261, 0.7117546796146161, 0.7108681547919211, 0.7108681547919211, 0.7120821190383227, 0.7111955942156277, 0.7111955942156277, 0.7120821190383227, 0.7120821190383227, 0.7120821190383227, 0.7120821190383227, 0.7129686438610179, 0.7127350535783735, 0.7127350535783735, 0.7127350535783735, 0.7127350535783735, 0.7127350535783735, 0.7127350535783735, 0.7127350535783735, 0.7127350535783735, 0.7127350535783735, 0.7127350535783735, 0.7127350535783735, 0.7120821190383227, 0.7127350535783735, 0.7125014632957294, 0.7125014632957294, 0.7119404335893785, 0.7119404335893785, 0.7119404335893785, 0.7125933681294292, 0.7125933681294292, 0.7123597778467851, 0.7123597778467851, 0.7123597778467851, 0.7123597778467851, 0.7123597778467851, 0.7125933681294292, 0.7129208075531359, 0.7120342827304409, 0.7120342827304409, 0.7120342827304409, 0.7120342827304409, 0.7120342827304409, 0.7120342827304409, 0.7120342827304409, 0.7120342827304409, 0.7120342827304409, 0.7123617221541475, 0.7123617221541475, 0.7123617221541475],