{"training_acc": 0.8227327120611002, "validation_acc": 0.8000973982619346, "classes": ["aerobe", "anaerobe", "facultative"], "confusion_matrix": [251, 26, 62, 10, 214, 19, 14, 3, 60], "f1_score": 0.8096330615332759, "training_losses": [0.42646217346191406, 0.39232298731803894, 0.3765757083892822, 0.3660854399204254, 0.3584100008010864, 0.3525744676589966, 0.34701940417289734, 0.3423449993133545, 0.3387376666069031, 0.3356236219406128, 0.3320586383342743, 0.32949182391166687, 0.3272354304790497, 0.3244272470474243, 0.3226536810398102, 0.32069289684295654, 0.31837090849876404, 0.31705614924430847, 0.31553488969802856, 0.31349706649780273, 0.31206032633781433, 0.3105626702308655, 0.3098650872707367, 0.3085211515426636, 0.30730411410331726, 0.3055013120174408, 0.30413347482681274, 0.30322572588920593, 0.30268099904060364, 0.3017231822013855, 0.3008722960948944, 0.2996005415916443, 0.2987602949142456, 0.2975260615348816, 0.29695823788642883, 0.29568931460380554, 0.29561513662338257, 0.2943003475666046, 0.2936078906059265, 0.2926121950149536, 0.2924953103065491, 0.29173433780670166, 0.29098740220069885, 0.2901664674282074, 0.2893730401992798, 0.28869718313217163, 0.28826868534088135, 0.28780847787857056, 0.28765490651130676, 0.28654468059539795, 0.2866433262825012, 0.28678736090660095, 0.2855204641819, 0.28500229120254517, 0.2852269113063812, 0.28444144129753113, 0.2835414707660675, 0.2836786210536957, 0.28260236978530884, 0.28221115469932556, 0.28307995200157166, 0.28192660212516785, 0.28125882148742676, 0.2811022400856018, 0.2808748483657837, 0.2800256907939911, 0.2798592448234558, 0.2797256112098694, 0.2792631685733795, 0.27919310331344604, 0.2785957455635071, 0.278659850358963, 0.2783023416996002, 0.27827250957489014, 0.2773658037185669, 0.27704399824142456, 0.27716264128685, 0.27645739912986755, 0.2763824164867401, 0.2761133313179016, 0.2761930227279663, 0.2760474383831024, 0.27604883909225464, 0.2757527232170105, 0.2753397822380066, 0.275834858417511, 0.2753780484199524, 0.27524134516716003, 0.27484849095344543, 0.27440738677978516, 0.27375173568725586, 0.27413827180862427, 0.2731687128543854, 0.27344319224357605, 0.2736826241016388, 0.2730797231197357, 0.2730051279067993, 0.2722797095775604, 0.2717507779598236, 0.2720130980014801], "validation_losses": [0.14147713780403137, 0.13543252646923065, 0.13189871609210968, 0.12929801642894745, 0.12822285294532776, 0.12732550501823425, 0.12575548887252808, 0.12473247945308685, 0.12392959743738174, 0.12298082560300827, 0.1222643330693245, 0.1215938851237297, 0.12094370275735855, 0.11987193673849106, 0.11974285542964935, 0.1193854883313179, 0.11854098737239838, 0.11827511340379715, 0.11822906881570816, 0.11747899651527405, 0.11714020371437073, 0.11650345474481583, 0.1165759339928627, 0.11632511764764786, 0.11552006751298904, 0.11507077515125275, 0.11462806910276413, 0.1141384094953537, 0.11435388773679733, 0.11430936306715012, 0.11417146027088165, 0.11349108815193176, 0.11330974102020264, 0.11277344077825546, 0.11298508197069168, 0.11186084896326065, 0.11220236122608185, 0.11168527603149414, 0.11164405196905136, 0.11091849207878113, 0.11107886582612991, 0.11115624755620956, 0.11030424386262894, 0.11017352342605591, 0.11008547991514206, 0.10952892899513245, 0.1101059764623642, 0.10968392342329025, 0.10983069241046906, 0.10923932492733002, 0.10950008034706116, 0.110201895236969, 0.10928970575332642, 0.10928989946842194, 0.10924231261014938, 0.10871440172195435, 0.1086285188794136, 0.10882284492254257, 0.10797344148159027, 0.10826025158166885, 0.10910546779632568, 0.10784886032342911, 0.10790643095970154, 0.10786659270524979, 0.10798787325620651, 0.10747221857309341, 0.1073451042175293, 0.10733526200056076, 0.1073666512966156, 0.10757199674844742, 0.10661053657531738, 0.10686653852462769, 0.10719099640846252, 0.1072491779923439, 0.10668197274208069, 0.10581212490797043, 0.10676801949739456, 0.1064530462026596, 0.10656127333641052, 0.10626990348100662, 0.10651938617229462, 0.1061641126871109, 0.1067940890789032, 0.10644830763339996, 0.1066388264298439, 0.10717474669218063, 0.10683339834213257, 0.10677342861890793, 0.10652385652065277, 0.10644684731960297, 0.10592299699783325, 0.10639597475528717, 0.10559819638729095, 0.10599734634160995, 0.106138214468956, 0.10566242039203644, 0.10585344582796097, 0.10579949617385864, 0.1052512377500534, 0.1054261177778244], "training_accs": [0.7029314347734604, 0.7116109290256484, 0.7204800658673237, 0.7250563197371056, 0.7365371947389839, 0.7387295886417807, 0.7394783166302563, 0.7431680456773431, 0.7521827565826875, 0.7536781474196154, 0.7561519679129383, 0.7591409261120923, 0.7617583763617217, 0.7646573740345385, 0.7676004402331732, 0.7714318547292044, 0.7728794092582504, 0.7774655054975051, 0.7788652237186692, 0.7793343485913201, 0.7813009294409223, 0.7849047074090575, 0.7846730614337757, 0.7848128025753575, 0.7888779281866939, 0.7921444243616493, 0.7924738080927184, 0.7933642215301383, 0.7951871726234336, 0.7947658840586648, 0.795746258022422, 0.7964948651782368, 0.7961215337540106, 0.7986892033883958, 0.7965408780114172, 0.7982698591309892, 0.7979903768478255, 0.7994857676847533, 0.8001387022248041, 0.8006058827900926, 0.8001387022248041, 0.8001387022248041, 0.7998132071084599, 0.7985992428620583, 0.8008394730727368, 0.8015402439206696, 0.8014924076127876, 0.8027063718591894, 0.8022870276017828, 0.8040600772471729, 0.8028921258339516, 0.8028921258339516, 0.8040122409392909, 0.8046651754793417, 0.8039203361055911, 0.8033593063992401, 0.8053659463272744, 0.8069054056900202, 0.8074682588710725, 0.8068135008563204, 0.8063463202910319, 0.8077498062942597, 0.8081672062443039, 0.8088718657069615, 0.8100360493381187, 0.811998620740335, 0.8093371019648875, 0.8087799608732616, 0.8118588795987532, 0.812511814138804, 0.8092490857459124, 0.8117689190724157, 0.8130268310119743, 0.8105510662112891, 0.8145222218489021, 0.8101834468764894, 0.8130746673198562, 0.8145682346820826, 0.8143805363999578, 0.8156423369542415, 0.8159199957627038, 0.8173675502917496, 0.8165729303027546, 0.8169003697264611, 0.8183459799481446, 0.8152652377479513, 0.8173197139838676, 0.8157783103137594, 0.8159199957627038, 0.8152651169152905, 0.8186293508460332, 0.8173675502917496, 0.8177428260233381, 0.8180683211396823, 0.8156864054800596, 0.8165288617769365, 0.8163871763279923, 0.817461278600151, 0.8195637119766102, 0.8183497477302085],