{"training_acc": 0.9271859716336331, "validation_acc": 0.7856147271531887, "classes": ["aerobe", "anaerobe", "facultative"], "confusion_matrix": [304, 11, 23, 14, 210, 10, 26, 7, 42], "f1_score": 0.8594324357399594, "training_losses": [0.3176516890525818, 0.2888821065425873, 0.2709936797618866, 0.2582755386829376, 0.24885018169879913, 0.24055910110473633, 0.23438814282417297, 0.2286718487739563, 0.2233547419309616, 0.21819829940795898, 0.21410156786441803, 0.21027809381484985, 0.20657174289226532, 0.20318040251731873, 0.20037539303302765, 0.19705486297607422, 0.1941305547952652, 0.1911754161119461, 0.18964332342147827, 0.18693558871746063, 0.1850215196609497, 0.1830027848482132, 0.18176284432411194, 0.1800130307674408, 0.1777079999446869, 0.17682814598083496, 0.17460401356220245, 0.17331114411354065, 0.17143306136131287, 0.17067481577396393, 0.1695408821105957, 0.1680932492017746, 0.16698746383190155, 0.16620689630508423, 0.16366416215896606, 0.16383031010627747, 0.1615101546049118, 0.1626836657524109, 0.16025836765766144, 0.15835286676883698, 0.16025400161743164, 0.15647801756858826, 0.15647956728935242, 0.15666933357715607, 0.15697237849235535, 0.1542537957429886, 0.15360127389431, 0.1529463678598404, 0.15266180038452148, 0.15200567245483398, 0.15164941549301147, 0.14910779893398285, 0.14987722039222717, 0.14985384047031403, 0.14897076785564423, 0.1469450294971466, 0.14597299695014954, 0.14552713930606842, 0.14622503519058228, 0.1444331854581833, 0.14570443332195282, 0.1426151543855667, 0.14292454719543457, 0.14140547811985016, 0.14114102721214294, 0.14098183810710907, 0.1406227946281433, 0.13891275227069855, 0.13817165791988373, 0.1377408802509308, 0.13929638266563416, 0.13642175495624542, 0.13788878917694092, 0.13568024337291718, 0.1344028115272522, 0.1347578763961792, 0.13367991149425507, 0.13073031604290009, 0.13102973997592926, 0.13049568235874176, 0.13144561648368835, 0.13011783361434937, 0.13003522157669067, 0.1283133178949356, 0.12966293096542358, 0.1274132877588272, 0.12887771427631378, 0.12615977227687836, 0.12736625969409943, 0.12624035775661469, 0.12545940279960632, 0.12402328848838806, 0.12546223402023315, 0.12330377846956253, 0.12485577911138535, 0.12272468209266663, 0.12489890307188034, 0.12396783381700516, 0.12300524860620499, 0.12164042890071869], "validation_losses": [0.0836997926235199, 0.07722548395395279, 0.0747390165925026, 0.07343478500843048, 0.07240331918001175, 0.07173231244087219, 0.07128502428531647, 0.07100839167833328, 0.07072646170854568, 0.07038173079490662, 0.07046038657426834, 0.0703103095293045, 0.07012773305177689, 0.07023672014474869, 0.07005666941404343, 0.06984589993953705, 0.06999973952770233, 0.06972164660692215, 0.06999039649963379, 0.06988294422626495, 0.06996496021747589, 0.06998182088136673, 0.07013893872499466, 0.06994917243719101, 0.07009662687778473, 0.06992504745721817, 0.07019715756177902, 0.07016284018754959, 0.07028356194496155, 0.07026031613349915, 0.06994172930717468, 0.07025491446256638, 0.07063037157058716, 0.07058849930763245, 0.07025790959596634, 0.0703597217798233, 0.07000693678855896, 0.07039880007505417, 0.0704418271780014, 0.0704115778207779, 0.07018183916807175, 0.07034675776958466, 0.07007620483636856, 0.07053831964731216, 0.07022792845964432, 0.07096797227859497, 0.07050860673189163, 0.07030635327100754, 0.07034497708082199, 0.07031352072954178, 0.07025755941867828, 0.07008137553930283, 0.07064951211214066, 0.0707583874464035, 0.07006716728210449, 0.07104288786649704, 0.07055218517780304, 0.07068794965744019, 0.07079293578863144, 0.07078792154788971, 0.07055329531431198, 0.07116353511810303, 0.0701337531208992, 0.0711536630988121, 0.07071894407272339, 0.07044532895088196, 0.07083962857723236, 0.07063350081443787, 0.07045654952526093, 0.07070451229810715, 0.07079660147428513, 0.07086790353059769, 0.07094484567642212, 0.07077232003211975, 0.07086988538503647, 0.0711296871304512, 0.070827916264534, 0.07110977172851562, 0.07102735340595245, 0.07125750184059143, 0.07075835019350052, 0.07080122083425522, 0.07101642340421677, 0.07108709216117859, 0.07079817354679108, 0.07059456408023834, 0.07061915844678879, 0.07045331597328186, 0.07066220790147781, 0.0708775594830513, 0.0710320994257927, 0.07093498855829239, 0.07071182131767273, 0.07079840451478958, 0.07070649415254593, 0.07115581631660461, 0.07075910270214081, 0.07137050479650497, 0.07118848711252213, 0.07135912030935287], "training_accs": [0.7864012723038002, 0.7988674233206426, 0.8090752004425057, 0.826061273643726, 0.8317839247232851, 0.8351744549415431, 0.8426765428186865, 0.8446712817636586, 0.851076704622105, 0.8555993911636416, 0.8620048140220882, 0.8635126079234361, 0.8655073468684081, 0.8661438550393264, 0.8701333329292701, 0.8729523988341951, 0.876051810744093, 0.8793115580846727, 0.878337667997425, 0.8813062970296445, 0.8822614068672759, 0.8826262721419577, 0.8838725002879494, 0.8833010359746162, 0.8874400769918545, 0.8876278957808893, 0.8922726620913677, 0.8911109532150853, 0.8922538818417514, 0.8923846647194296, 0.8941453212673977, 0.8965237057366678, 0.8974788155742992, 0.8954378130213584, 0.9012529913168555, 0.896608225006377, 0.8982843622846359, 0.900531963876228, 0.9025267028211997, 0.9033785131395056, 0.9017868951309557, 0.9062250624027831, 0.9070306091131198, 0.9050170899185318, 0.904371878638877, 0.9049050872904698, 0.9062820983141396, 0.9066194802304689, 0.9074250269408056, 0.9083801367784371, 0.9081460543814334, 0.9086142191754408, 0.9086142191754408, 0.9077624088571351, 0.9082305736511426, 0.911245466291331, 0.9115828482076603, 0.9095230654051032, 0.9103748757234089, 0.910627738370029, 0.9130168951426866, 0.9127257768343263, 0.91270699658471, 0.9134280240253375, 0.913324724506012, 0.9152457164846622, 0.9160975268029681, 0.9152457164846622, 0.9138499252113762, 0.9181110459975562, 0.9128485517657757, 0.9203586475891482, 0.9159479636756735, 0.9171371559103085, 0.9205739497365356, 0.9176703645619014, 0.9201057849425281, 0.9216786227014615, 0.9191506751048967, 0.9221193041371163, 0.9193847575019004, 0.9212949771771631, 0.9212949771771631, 0.9241603066900571, 0.9205739497365356, 0.9231018973331003, 0.9233359797301041, 0.9272597185999549, 0.9241877900484098, 0.9278774465212569, 0.9252461994053668, 0.9271751993302457, 0.9253494989246923, 0.9278774465212569, 0.925012117008363, 0.9252461994053668, 0.9227457351671546, 0.9281115289182607, 0.9294040206722213, 0.9282148284375863],