{"training_acc": 0.6131326721487856, "validation_acc": 0.619226555640846, "classes": ["aerobe", "anaerobe", "facultative"], "confusion_matrix": [180, 67, 92, 15, 193, 35, 17, 19, 41], "f1_score": 0.6478744871177997, "training_losses": [0.6096729040145874, 0.5965177416801453, 0.5904240012168884, 0.5863134860992432, 0.5830692052841187, 0.5803263783454895, 0.5779837369918823, 0.5758202075958252, 0.5738122463226318, 0.5718938112258911, 0.5700637102127075, 0.5682472586631775, 0.566490113735199, 0.5647508502006531, 0.5630486011505127, 0.5613773465156555, 0.5597139000892639, 0.5580748319625854, 0.556489884853363, 0.5549350380897522, 0.5534167289733887, 0.5519434213638306, 0.5505093932151794, 0.5491285920143127, 0.5477985143661499, 0.5464951395988464, 0.5452780723571777, 0.5440691709518433, 0.5429064631462097, 0.5417971611022949, 0.5407555103302002, 0.539742648601532, 0.5387791395187378, 0.5378639101982117, 0.5370052456855774, 0.5361694097518921, 0.5353747606277466, 0.5346302390098572, 0.5339157581329346, 0.5332406163215637, 0.5325825214385986, 0.5319586992263794, 0.5313631296157837, 0.530798077583313, 0.5302470326423645, 0.5297209620475769, 0.5292220711708069, 0.5287455320358276, 0.5282906889915466, 0.527849018573761, 0.5274214744567871, 0.5270203351974487, 0.5266234874725342, 0.526247501373291, 0.5258965492248535, 0.5255507230758667, 0.5252222418785095, 0.5249108672142029, 0.524609386920929, 0.5243210196495056, 0.5240294337272644, 0.523780107498169, 0.5234991908073425, 0.5232583284378052, 0.5229877829551697, 0.5227611660957336, 0.5225263237953186, 0.5223047733306885, 0.5220814943313599, 0.5218822956085205, 0.5216804146766663, 0.5214928984642029, 0.5213083624839783, 0.5211324095726013, 0.5209463238716125, 0.520792543888092, 0.5206214785575867, 0.5204745531082153, 0.5203096270561218, 0.5201677083969116, 0.5200169086456299, 0.5198891758918762, 0.5197399854660034, 0.5196152329444885, 0.5194770693778992, 0.5193548798561096, 0.5192435383796692, 0.5191197395324707, 0.5189993381500244, 0.5188980102539062, 0.5187925100326538, 0.5186746716499329, 0.5185893177986145, 0.5184820890426636, 0.5183838605880737, 0.5182872414588928, 0.5182151198387146, 0.5181171298027039, 0.5180341005325317, 0.5179545879364014], "validation_losses": [0.19615548849105835, 0.1933966726064682, 0.19219337403774261, 0.19121240079402924, 0.19026951491832733, 0.18940331041812897, 0.1886919140815735, 0.18801335990428925, 0.18739929795265198, 0.18679466843605042, 0.18625926971435547, 0.18564681708812714, 0.1851228028535843, 0.18454784154891968, 0.1840161234140396, 0.18350332975387573, 0.182958722114563, 0.1824219822883606, 0.18191146850585938, 0.18142008781433105, 0.1809314787387848, 0.18044176697731018, 0.17998690903186798, 0.17952579259872437, 0.17911434173583984, 0.17867733538150787, 0.1783103048801422, 0.17793036997318268, 0.1775549054145813, 0.1772073656320572, 0.17690473794937134, 0.17658588290214539, 0.17628733813762665, 0.17604467272758484, 0.17579373717308044, 0.17554745078086853, 0.17532192170619965, 0.17510932683944702, 0.17494401335716248, 0.1747584193944931, 0.17454813420772552, 0.1744091510772705, 0.17424681782722473, 0.17410796880722046, 0.17392480373382568, 0.17378123104572296, 0.17364971339702606, 0.1735343039035797, 0.17342938482761383, 0.17331737279891968, 0.1731959730386734, 0.17309357225894928, 0.1729714572429657, 0.17288707196712494, 0.17278791964054108, 0.1727178990840912, 0.17262950539588928, 0.1725606620311737, 0.17246028780937195, 0.1724209189414978, 0.1723112314939499, 0.17229102551937103, 0.17221225798130035, 0.17216593027114868, 0.17206770181655884, 0.17203891277313232, 0.17196772992610931, 0.17191074788570404, 0.1718696802854538, 0.1718064695596695, 0.1717614233493805, 0.17172743380069733, 0.17166726291179657, 0.17164650559425354, 0.17158325016498566, 0.17156940698623657, 0.17149940133094788, 0.1714872270822525, 0.1714394986629486, 0.17141403257846832, 0.17137259244918823, 0.17136745154857635, 0.1713036447763443, 0.17131046950817108, 0.17127452790737152, 0.17123328149318695, 0.17121779918670654, 0.1711873710155487, 0.1711563616991043, 0.1711394041776657, 0.17112255096435547, 0.17108851671218872, 0.17109179496765137, 0.17105074226856232, 0.17101658880710602, 0.17100949585437775, 0.17099660634994507, 0.1709628701210022, 0.17094305157661438, 0.1709384024143219], "training_accs": [0.49493048508144505, 0.5133108151661879, 0.5217307988578358, 0.528754866482906, 0.5344411432732825, 0.5422489371805755, 0.5499548626294292, 0.556355246614286, 0.5556634320175825, 0.5617876208000334, 0.5662721337006041, 0.5669283016796068, 0.5687081458190052, 0.5720204910190887, 0.5716958042765916, 0.5757654418484909, 0.5768474209628036, 0.5778282756843035, 0.5810530854795907, 0.5813777722220878, 0.5849272687598721, 0.5853038442894647, 0.5848889689607933, 0.5873181865851861, 0.5883899739584862, 0.5896989126694874, 0.5906831646379913, 0.5942326611757757, 0.5953078457960801, 0.5961034379669746, 0.5969899627896696, 0.5960091080681699, 0.5965224546082765, 0.5967562086989731, 0.5990944936715652, 0.6004485266756534, 0.6010103647558513, 0.6012407215995438, 0.6017991624327375, 0.6022215763210435, 0.6024519331647359, 0.605111507632821, 0.6085666742718006, 0.6099207072758889, 0.6105768752548915, 0.6116062215164825, 0.6124927463391776, 0.6129117629804793, 0.6121195680565892, 0.6124442547990863, 0.6130060928792842, 0.6126780088897829, 0.6126780088897829, 0.6126780088897829, 0.6126780088897829, 0.6125836789909781, 0.6140354391408752, 0.6137073551513739, 0.6145938799740689, 0.6149219639635702, 0.6151557180542668, 0.6142691932315718, 0.615159115301271, 0.6153894721449634, 0.6148310313117697, 0.6157175561344648, 0.616045640123966, 0.6153928693919676, 0.6153928693919676, 0.6158603775733608, 0.6158603775733608, 0.6158603775733608, 0.6158603775733608, 0.6158603775733608, 0.6160941316640574, 0.6157660476745561, 0.6160941316640574, 0.6160941316640574, 0.6156266234826643, 0.6152985394931628, 0.6152985394931628, 0.6149704555036616, 0.6152042095943582, 0.6152042095943582, 0.6148761256048568, 0.6157660476745561, 0.6152042095943582, 0.6166525724972511, 0.6166525724972511, 0.6163244885077498, 0.6163244885077498, 0.6163244885077498, 0.6159964045182486, 0.6163244885077498, 0.6159964045182486, 0.6164639126996416, 0.6166525724972511, 0.6174481646681454, 0.6174481646681454, 0.6182403595920358],