{"training_acc": 0.7101100677646163, "validation_acc": 0.7229689474854996, "classes": ["aerobe", "anaerobe", "facultative"], "confusion_matrix": [223, 20, 96, 10, 181, 52, 16, 2, 59], "f1_score": 0.738025485074667, "training_losses": [0.5718109011650085, 0.5388462543487549, 0.5155109167098999, 0.49732354283332825, 0.4832232892513275, 0.47190895676612854, 0.4627184271812439, 0.45523256063461304, 0.44897252321243286, 0.44375285506248474, 0.4393364191055298, 0.4355993866920471, 0.4324323832988739, 0.42973974347114563, 0.42745599150657654, 0.42543962597846985, 0.4236280620098114, 0.4220779836177826, 0.4206925928592682, 0.41945186257362366, 0.4183438718318939, 0.41736212372779846, 0.4164794087409973, 0.41567981243133545, 0.41495567560195923, 0.4142818748950958, 0.41366490721702576, 0.41311487555503845, 0.41260239481925964, 0.4121270775794983, 0.4116899073123932, 0.41127124428749084, 0.41090092062950134, 0.41053125262260437, 0.4101942777633667, 0.40985265374183655, 0.4095452129840851, 0.40924566984176636, 0.40897348523139954, 0.4087090492248535, 0.4084450900554657, 0.40820446610450745, 0.40796568989753723, 0.40774041414260864, 0.4075147807598114, 0.4073081314563751, 0.40709933638572693, 0.406906396150589, 0.4067184329032898, 0.40653467178344727, 0.40636634826660156, 0.4061985909938812, 0.4060293734073639, 0.40586817264556885, 0.40572306513786316, 0.40556827187538147, 0.40544047951698303, 0.4052945077419281, 0.40515759587287903, 0.40502026677131653, 0.40488916635513306, 0.4047638177871704, 0.40464597940444946, 0.4045243561267853, 0.40441614389419556, 0.4043075740337372, 0.4042043089866638, 0.4040944278240204, 0.4040011763572693, 0.4038996696472168, 0.40381157398223877, 0.40371283888816833, 0.40362948179244995, 0.40354040265083313, 0.4034581482410431, 0.40337714552879333, 0.40330132842063904, 0.4032309949398041, 0.4031585454940796, 0.4030832052230835, 0.403008371591568, 0.4029320478439331, 0.4028620421886444, 0.40280184149742126, 0.40273791551589966, 0.40266573429107666, 0.4026086926460266, 0.402543842792511, 0.4024808406829834, 0.4024242162704468, 0.40236735343933105, 0.40230950713157654, 0.4022577404975891, 0.40220072865486145, 0.4021538197994232, 0.4020904004573822, 0.4020448327064514, 0.4019829332828522, 0.4019375145435333, 0.4018925130367279], "validation_losses": [0.179850235581398, 0.1708199679851532, 0.16407397389411926, 0.15892042219638824, 0.15494996309280396, 0.1518642008304596, 0.14941321313381195, 0.14744240045547485, 0.14581909775733948, 0.14451223611831665, 0.1434113085269928, 0.14250284433364868, 0.14173106849193573, 0.14109723269939423, 0.14058253169059753, 0.14011122286319733, 0.1396571695804596, 0.13929979503154755, 0.13897302746772766, 0.138706773519516, 0.1384667307138443, 0.13825084269046783, 0.1380372941493988, 0.13785649836063385, 0.1376989781856537, 0.1375209093093872, 0.1373949646949768, 0.1372796893119812, 0.13717451691627502, 0.13707101345062256, 0.13695916533470154, 0.13688920438289642, 0.13682153820991516, 0.13673730194568634, 0.13666588068008423, 0.1366250365972519, 0.1365409791469574, 0.1364903599023819, 0.13644996285438538, 0.13640044629573822, 0.13634319603443146, 0.13628098368644714, 0.13625295460224152, 0.1361815631389618, 0.1361502856016159, 0.13610415160655975, 0.13605010509490967, 0.13602036237716675, 0.1359969526529312, 0.13595426082611084, 0.1359378695487976, 0.13590852916240692, 0.13588225841522217, 0.13586190342903137, 0.1358572542667389, 0.13581961393356323, 0.13581399619579315, 0.13578052818775177, 0.1357688158750534, 0.13576015830039978, 0.13572585582733154, 0.1357356458902359, 0.1356835812330246, 0.13569100201129913, 0.13566266000270844, 0.1356498897075653, 0.13564889132976532, 0.13562314212322235, 0.13559170067310333, 0.1355796754360199, 0.13556864857673645, 0.13555312156677246, 0.13555707037448883, 0.1355145126581192, 0.13552966713905334, 0.135499969124794, 0.1354999989271164, 0.13547292351722717, 0.13548541069030762, 0.13544179499149323, 0.13546156883239746, 0.13544423878192902, 0.1354415863752365, 0.13543516397476196, 0.13539716601371765, 0.13539262115955353, 0.1353791505098343, 0.13537143170833588, 0.1353534758090973, 0.13536986708641052, 0.13535428047180176, 0.13534237444400787, 0.13532507419586182, 0.1353205144405365, 0.13532042503356934, 0.13529928028583527, 0.13530197739601135, 0.13530366122722626, 0.1353045254945755, 0.13530424237251282], "training_accs": [0.5448638170995606, 0.5727877495073616, 0.606947572382987, 0.6233663668346988, 0.650950141876096, 0.6780246121337492, 0.6879200149397015, 0.6959006826513191, 0.6994946182499812, 0.7032743078234057, 0.7081741125021693, 0.7109255918039543, 0.7131658220146329, 0.7125109431672197, 0.7140504025299655, 0.7139087170810211, 0.7141423073636654, 0.7152624224690046, 0.7162886884332815, 0.7152604781616422, 0.7149330387379357, 0.7157257144195682, 0.7150249435716355, 0.7145577630063471, 0.7139967332999961, 0.7137631430173519, 0.7146496678400469, 0.7144160775574028, 0.7141824872747584, 0.7148354218148093, 0.7148354218148093, 0.7148354218148093, 0.7146018315321649, 0.7143682412495208, 0.7146018315321649, 0.7146018315321649, 0.7143682412495208, 0.7150211757895716, 0.7146937363658651, 0.7149273266485091, 0.7149273266485091, 0.7149273266485091, 0.7149273266485091, 0.7149273266485091, 0.7149273266485091, 0.7149273266485091, 0.7149273266485091, 0.7146937363658651, 0.7146937363658651, 0.7144601460832206, 0.7142265558005766, 0.7139929655179321, 0.7139929655179321, 0.7139929655179321, 0.7139929655179321, 0.7139929655179321, 0.7139929655179321, 0.7142265558005766, 0.7142265558005766, 0.7142265558005766, 0.7144601460832206, 0.7144601460832206, 0.7144601460832206, 0.7144601460832206, 0.7144601460832206, 0.7144601460832206, 0.7144601460832206, 0.7144601460832206, 0.7144601460832206, 0.7144601460832206, 0.7144601460832206, 0.7144601460832206, 0.7142265558005766, 0.7142265558005766, 0.7142265558005766, 0.7142265558005766, 0.7142265558005766, 0.7142265558005766, 0.7142265558005766, 0.7139929655179321, 0.7139929655179321, 0.7139929655179321, 0.7137593752352881, 0.7137593752352881, 0.7139929655179321, 0.7135257849526436, 0.7137593752352881, 0.7135257849526436, 0.7132921946699996, 0.7132921946699996, 0.7130586043873554, 0.7132921946699996, 0.7132921946699996, 0.7132921946699996, 0.7132921946699996, 0.7132921946699996, 0.7132921946699996, 0.7130586043873554, 0.7130586043873554, 0.7130586043873554],