{"training_acc": 0.6866491682421646, "validation_acc": 0.6702864158349476, "classes": ["aerobe", "anaerobe", "facultative"], "confusion_matrix": [213, 30, 88, 6, 167, 62, 15, 8, 44], "f1_score": 0.7117607322961457, "training_losses": [0.5587377548217773, 0.5261540412902832, 0.5069373846054077, 0.49458813667297363, 0.486142635345459, 0.47997787594795227, 0.47524383664131165, 0.47144395112991333, 0.4682948589324951, 0.46563613414764404, 0.4633570909500122, 0.4613567888736725, 0.45960351824760437, 0.45802196860313416, 0.4565921127796173, 0.455272376537323, 0.4540725350379944, 0.4529663622379303, 0.4519353210926056, 0.45096325874328613, 0.450044721364975, 0.44915837049484253, 0.44832348823547363, 0.4475191831588745, 0.4467664957046509, 0.4460669159889221, 0.4453992545604706, 0.4447614252567291, 0.4441434442996979, 0.44354167580604553, 0.44295963644981384, 0.44240057468414307, 0.4418571889400482, 0.4413343071937561, 0.4408412277698517, 0.4403696358203888, 0.43991249799728394, 0.43946436047554016, 0.4390358328819275, 0.4386240541934967, 0.43822672963142395, 0.43784376978874207, 0.43747761845588684, 0.4371301233768463, 0.43678930401802063, 0.4364496171474457, 0.4361169636249542, 0.4358064830303192, 0.43550461530685425, 0.4352092146873474, 0.4349232614040375, 0.4346441924571991, 0.4343874156475067, 0.43414542078971863, 0.43390485644340515, 0.4336739182472229, 0.4334541857242584, 0.43324014544487, 0.4330321252346039, 0.43283572793006897, 0.4326406419277191, 0.4324460029602051, 0.4322590231895447, 0.4320780634880066, 0.43190109729766846, 0.4317397475242615, 0.43157073855400085, 0.43140989542007446, 0.4312579035758972, 0.43111279606819153, 0.4309651851654053, 0.43083029985427856, 0.43069374561309814, 0.4305747449398041, 0.4304506778717041, 0.4303315281867981, 0.4302111566066742, 0.43009769916534424, 0.4299876391887665, 0.4298804998397827, 0.42977508902549744, 0.42966923117637634, 0.4295673966407776, 0.4294699728488922, 0.42937445640563965, 0.42928546667099, 0.429193913936615, 0.4291011691093445, 0.4290110766887665, 0.4289272427558899, 0.4288400113582611, 0.4287605881690979, 0.4286743402481079, 0.4285995662212372, 0.42852240800857544, 0.42844390869140625, 0.4283701479434967, 0.42829492688179016, 0.4282298684120178, 0.4281582236289978], "validation_losses": [0.18546834588050842, 0.17528735101222992, 0.16855618357658386, 0.16430111229419708, 0.16148974001407623, 0.15947803854942322, 0.15793392062187195, 0.15667854249477386, 0.15562666952610016, 0.15472960472106934, 0.15394918620586395, 0.15326590836048126, 0.15266278386116028, 0.15210266411304474, 0.15159475803375244, 0.15111160278320312, 0.15067581832408905, 0.15027236938476562, 0.1498938947916031, 0.14953503012657166, 0.14919140934944153, 0.14887335896492004, 0.14857801795005798, 0.14828327298164368, 0.14801836013793945, 0.14777599275112152, 0.14755330979824066, 0.14734770357608795, 0.14715152978897095, 0.14696229994297028, 0.14677958190441132, 0.14660412073135376, 0.14643080532550812, 0.14626316726207733, 0.14611701667308807, 0.1459653079509735, 0.14581558108329773, 0.14566867053508759, 0.14552713930606842, 0.14538443088531494, 0.1452367603778839, 0.14510498940944672, 0.14497043192386627, 0.14486241340637207, 0.14474910497665405, 0.14463679492473602, 0.14452745020389557, 0.14442282915115356, 0.14432235062122345, 0.14421890676021576, 0.14413239061832428, 0.14403663575649261, 0.14396893978118896, 0.14389680325984955, 0.14381349086761475, 0.1437329351902008, 0.1436740905046463, 0.1436014622449875, 0.14353863894939423, 0.1434771865606308, 0.14341789484024048, 0.14335274696350098, 0.14330355823040009, 0.14324353635311127, 0.14319024980068207, 0.14314807951450348, 0.14309385418891907, 0.14303739368915558, 0.14298883080482483, 0.14294803142547607, 0.14289996027946472, 0.14286008477210999, 0.1428086757659912, 0.14277638494968414, 0.14274241030216217, 0.14270687103271484, 0.142673522233963, 0.1426430344581604, 0.14261364936828613, 0.14258404076099396, 0.14255350828170776, 0.1425209790468216, 0.14249587059020996, 0.14246122539043427, 0.14243073761463165, 0.1424061357975006, 0.14237657189369202, 0.1423485279083252, 0.14231956005096436, 0.1423019915819168, 0.14227494597434998, 0.14225783944129944, 0.1422319859266281, 0.14221858978271484, 0.1421988606452942, 0.14218048751354218, 0.1421537548303604, 0.14213840663433075, 0.14212384819984436, 0.14209195971488953], "training_accs": [0.5666816333264326, 0.6035692398810527, 0.611495308694784, 0.6294154274043882, 0.6357731045239529, 0.6451150650512728, 0.6518927683384996, 0.6537002381412642, 0.6579654162765052, 0.6582378780338334, 0.6636912033057353, 0.6654564237132213, 0.6673483923065427, 0.6689029826839173, 0.6691022791823588, 0.6706682030914036, 0.6734531900007176, 0.6758913160012558, 0.6733478749856617, 0.6731063290919419, 0.6745556044542607, 0.6742087435454852, 0.6741034285304294, 0.6745978538495391, 0.6745978538495391, 0.6750809456369787, 0.6764683892720811, 0.6776874522723503, 0.6772043604849106, 0.6778350166826844, 0.6780765625764041, 0.6788125337892338, 0.6780765625764041, 0.6788125337892338, 0.678570987895514, 0.6780878961080744, 0.6786763029105697, 0.6784234234851798, 0.6791480611663392, 0.6791480611663392, 0.6801255782728886, 0.6802618091515527, 0.68416054404608, 0.6848965152589095, 0.6848965152589095, 0.6851380611526293, 0.6851380611526293, 0.6852742920312932, 0.6849274311225177, 0.6841914599096882, 0.6844330058034079, 0.6846745516971278, 0.6856520688036771, 0.6851689770162376, 0.6851689770162376, 0.6849274311225177, 0.6839499140159684, 0.6841914599096882, 0.6844330058034079, 0.6844330058034079, 0.6844330058034079, 0.6844330058034079, 0.6849160975908476, 0.6848107825757919, 0.684569236682072, 0.6850523284695117, 0.6840748113629623, 0.684705467560736, 0.6844639216670162, 0.684705467560736, 0.684705467560736, 0.684705467560736, 0.684705467560736, 0.6849470134544559, 0.6849470134544559, 0.6851885593481756, 0.6844948375306245, 0.6844948375306245, 0.6847363834243443, 0.6847363834243443, 0.6847363834243443, 0.6849779293180641, 0.6849779293180641, 0.6849779293180641, 0.6849779293180641, 0.6849779293180641, 0.6849779293180641, 0.6849779293180641, 0.6846310684092884, 0.6851141601967282, 0.6853557060904479, 0.6851141601967282, 0.6851141601967282, 0.6841366430901789, 0.6841366430901789, 0.6851141601967282, 0.6853557060904479, 0.6855972519841678, 0.6855972519841678, 0.6865747690907171],