{"training_acc": 0.9202106080569968, "validation_acc": 0.7997204490157621, "classes": ["aerobe", "anaerobe", "facultative"], "confusion_matrix": [281, 7, 51, 15, 208, 20, 19, 3, 55], "f1_score": 0.8381121259495408, "training_losses": [0.4169352650642395, 0.508625864982605, 0.3706647753715515, 0.35860008001327515, 0.38607096672058105, 0.4308249056339264, 0.41910701990127563, 0.30119484663009644, 0.3028262257575989, 0.3457110524177551, 0.3657389283180237, 0.33295929431915283, 0.3139123022556305, 0.27959251403808594, 0.2751724421977997, 0.26189327239990234, 0.26628589630126953, 0.3328951895236969, 0.26306992769241333, 0.25137361884117126, 0.24560916423797607, 0.2358981817960739, 0.23230591416358948, 0.2222582846879959, 0.22057375311851501, 0.22824627161026, 0.21592794358730316, 0.23854991793632507, 0.22545744478702545, 0.23906885087490082, 0.2445196658372879, 0.2553333044052124, 0.27328386902809143, 0.27883046865463257, 0.23712514340877533, 0.2612270712852478, 0.28415703773498535, 0.36034056544303894, 0.19590657949447632, 0.22823788225650787, 0.22580412030220032, 0.2286454290151596, 0.21657243371009827, 0.22826960682868958, 0.2121959626674652, 0.21220920979976654, 0.2477446049451828, 0.20519965887069702, 0.2436966598033905, 0.19405241310596466, 0.19520032405853271, 0.19329077005386353, 0.2153627723455429, 0.24643541872501373, 0.18297339975833893, 0.20979608595371246, 0.16498695313930511, 0.16892023384571075, 0.16361506283283234, 0.17356222867965698, 0.18193674087524414, 0.16831427812576294, 0.17893366515636444, 0.18946442008018494, 0.18684352934360504, 0.25057902932167053, 0.23865841329097748, 0.22161617875099182, 0.2052312195301056, 0.20971767604351044, 0.2810441553592682, 0.24442221224308014, 0.2194536328315735, 0.2701343297958374, 0.21036942303180695, 0.22265082597732544, 0.1915857195854187, 0.1779109090566635, 0.21617478132247925, 0.18371057510375977, 0.20838771760463715, 0.24529151618480682, 0.20091386139392853, 0.21400706470012665, 0.2655782401561737, 0.22940759360790253, 0.18316620588302612, 0.17017608880996704, 0.17114755511283875, 0.1617232859134674, 0.15756084024906158, 0.15077218413352966, 0.1544974148273468, 0.13588429987430573, 0.13697348535060883, 0.23301084339618683, 0.2002263367176056, 0.13355852663516998, 0.12235965579748154, 0.13101592659950256], "validation_losses": [0.15640997886657715, 0.21251064538955688, 0.11350215971469879, 0.11250146478414536, 0.1379779577255249, 0.18886370956897736, 0.1693916618824005, 0.09923941642045975, 0.12523715198040009, 0.16913928091526031, 0.1292630285024643, 0.12328629195690155, 0.1386430412530899, 0.11537618935108185, 0.128765270113945, 0.11486240476369858, 0.12289415299892426, 0.15376441180706024, 0.1142316460609436, 0.1080862283706665, 0.10499057173728943, 0.10089265555143356, 0.09959891438484192, 0.10064029693603516, 0.09891121089458466, 0.1015009731054306, 0.09407439082860947, 0.10365317016839981, 0.09591343998908997, 0.11068368703126907, 0.11274292320013046, 0.11682853102684021, 0.12284119427204132, 0.13239465653896332, 0.108202263712883, 0.12178561091423035, 0.13008256256580353, 0.13498447835445404, 0.08672451972961426, 0.11745034903287888, 0.1177627369761467, 0.11274313926696777, 0.09878518432378769, 0.0832940936088562, 0.10192354768514633, 0.10604285448789597, 0.1251484751701355, 0.10057532787322998, 0.10904138535261154, 0.09707321226596832, 0.09693729132413864, 0.09838631004095078, 0.1119832694530487, 0.09874151647090912, 0.08902853727340698, 0.10913774371147156, 0.0867205560207367, 0.0846453458070755, 0.08940783888101578, 0.10048338770866394, 0.09559167176485062, 0.09008507430553436, 0.10652996599674225, 0.10162210464477539, 0.10187600553035736, 0.12420592457056046, 0.12992434203624725, 0.11142664402723312, 0.10777601599693298, 0.10364234447479248, 0.11213887482881546, 0.11037043482065201, 0.11784465610980988, 0.11739394813776016, 0.11327441036701202, 0.10368359088897705, 0.10703031718730927, 0.07444223761558533, 0.10433737933635712, 0.10373339802026749, 0.10717305541038513, 0.1113375872373581, 0.10660465806722641, 0.09721370041370392, 0.11143006384372711, 0.1034449115395546, 0.11136963218450546, 0.113367460668087, 0.10877210646867752, 0.11065775901079178, 0.10046874731779099, 0.09628255665302277, 0.10621850937604904, 0.09512464702129364, 0.0986211821436882, 0.14142996072769165, 0.12266553193330765, 0.08927009999752045, 0.08061724156141281, 0.08200675994157791], "training_accs": [0.72581852605967, 0.6925437951022554, 0.7686641777481934, 0.7625496484316364, 0.7604680617405197, 0.7129072254738332, 0.7415250656785318, 0.8123303222615368, 0.8050645933324801, 0.7746337298411943, 0.7674796588345719, 0.7929386818526617, 0.7973965355816351, 0.8228285055095251, 0.822230413130627, 0.8286846274677312, 0.825131475943467, 0.7730136091848757, 0.8227545473773049, 0.8332602771742085, 0.834209951098363, 0.8436141520501378, 0.8488792692583559, 0.8570579609522153, 0.8561711944641983, 0.8438319462085606, 0.8536586550365012, 0.8435768831076946, 0.8473412708723288, 0.8362350210585209, 0.8321678303071612, 0.8218253796100846, 0.8145298074548392, 0.8184077181146945, 0.8422658816908329, 0.8326371968451339, 0.8199374913360541, 0.7564860470303371, 0.8660022862222948, 0.8497486578127719, 0.8489976230189509, 0.844425257763894, 0.858893797201082, 0.837894544147094, 0.8575250206848427, 0.8576307773354017, 0.8352261220430576, 0.8629648765671667, 0.8203471958322878, 0.8693166077203448, 0.8669436886015686, 0.8741755074920498, 0.8521543884913877, 0.8270139011165846, 0.8793246985776789, 0.8625808459600535, 0.8937938067827459, 0.8867935130348856, 0.8947149202597687, 0.8912091217127426, 0.8801932413034684, 0.889818762530408, 0.8778178481664725, 0.8793727411554569, 0.8789634809328453, 0.8260532155533693, 0.8337053453625445, 0.8476764875254851, 0.8757562342598372, 0.866754529342725, 0.807729478334987, 0.834424663413666, 0.8539937398722092, 0.8240088941430997, 0.8561054114548367, 0.8526330396157422, 0.8690849617450631, 0.8867815310729413, 0.850014007556733, 0.8768012183017729, 0.8564535132635643, 0.830606254905867, 0.8694334260517737, 0.855727754465455, 0.8292475624244228, 0.8396670994770529, 0.8827661287118488, 0.8910188639751633, 0.8820194658633965, 0.8907392608593386, 0.8978981346591005, 0.9020109757456578, 0.8984994651092055, 0.9092443764455188, 0.9139068230595742, 0.8488847177128857, 0.8762914936550453, 0.9157644946246456, 0.9265757076963902, 0.9197951524143151],