{"training_acc": 0.8179191001266103, "validation_acc": 0.7941902835380383, "classes": ["aerobe", "anaerobe", "facultative"], "confusion_matrix": [248, 24, 67, 10, 215, 18, 15, 3, 59], "f1_score": 0.8062238530807794, "training_losses": [0.43263882398605347, 0.3950762152671814, 0.3779553472995758, 0.36686453223228455, 0.3587927222251892, 0.35258951783180237, 0.34724199771881104, 0.34250447154045105, 0.3388700783252716, 0.33567550778388977, 0.332219660282135, 0.32967981696128845, 0.3270047605037689, 0.3244253098964691, 0.3228251039981842, 0.31990253925323486, 0.31834876537323, 0.3166196942329407, 0.31507608294487, 0.3134324848651886, 0.31211885809898376, 0.31065547466278076, 0.30971309542655945, 0.30836576223373413, 0.3069857954978943, 0.30586472153663635, 0.30464133620262146, 0.304131418466568, 0.3027544915676117, 0.30204376578330994, 0.3008536696434021, 0.30026689171791077, 0.29943716526031494, 0.2984027862548828, 0.29705604910850525, 0.2976396381855011, 0.29666391015052795, 0.29466328024864197, 0.295676589012146, 0.29404217004776, 0.29311904311180115, 0.2926863133907318, 0.2925889492034912, 0.2918180525302887, 0.29149848222732544, 0.29067400097846985, 0.29088544845581055, 0.2906942069530487, 0.2894681692123413, 0.28861039876937866, 0.2887323796749115, 0.2879851460456848, 0.28791218996047974, 0.287137508392334, 0.28669750690460205, 0.28619882464408875, 0.285849392414093, 0.2855837941169739, 0.28486478328704834, 0.28434327244758606, 0.2844970226287842, 0.28409135341644287, 0.2834772765636444, 0.2828955352306366, 0.28280699253082275, 0.28256505727767944, 0.28258925676345825, 0.28179317712783813, 0.282137393951416, 0.281721830368042, 0.2818061113357544, 0.2803984582424164, 0.2800348699092865, 0.28047820925712585, 0.2801550626754761, 0.2794491946697235, 0.2797408401966095, 0.2790473401546478, 0.2786555290222168, 0.2790185511112213, 0.27853426337242126, 0.27717655897140503, 0.27828219532966614, 0.27825161814689636, 0.2768273651599884, 0.2771952152252197, 0.27625876665115356, 0.2766041159629822, 0.2756851017475128, 0.2761334478855133, 0.275805801153183, 0.27585524320602417, 0.275270938873291, 0.27471426129341125, 0.27469566464424133, 0.2748318016529083, 0.2747335731983185, 0.27398601174354553, 0.27404850721359253, 0.27383965253829956], "validation_losses": [0.14730392396450043, 0.13902410864830017, 0.13481980562210083, 0.13219498097896576, 0.13048680126667023, 0.1291092336177826, 0.12772901356220245, 0.1267119199037552, 0.12580570578575134, 0.12496687471866608, 0.12407384812831879, 0.12350516766309738, 0.12236268818378448, 0.12168052047491074, 0.12151207029819489, 0.11987362802028656, 0.11989776045084, 0.11926950514316559, 0.11852668970823288, 0.11836357414722443, 0.11782066524028778, 0.11720741540193558, 0.11737929284572601, 0.11696744710206985, 0.1166408434510231, 0.11625628918409348, 0.11599511653184891, 0.11556706577539444, 0.11524239927530289, 0.11504626274108887, 0.11467847228050232, 0.11467751860618591, 0.11461246013641357, 0.11386536061763763, 0.11320103704929352, 0.11442025005817413, 0.11378151178359985, 0.11256140470504761, 0.11366618424654007, 0.1128431186079979, 0.11233606189489365, 0.11220856755971909, 0.1123974621295929, 0.11234448105096817, 0.11207523941993713, 0.11202777922153473, 0.1122119128704071, 0.1120908334851265, 0.1121017262339592, 0.1112326979637146, 0.11209411919116974, 0.11147816479206085, 0.11137794703245163, 0.11106978356838226, 0.11100354045629501, 0.11095400899648666, 0.11059117317199707, 0.11094491183757782, 0.11048956215381622, 0.11056909710168839, 0.11045779287815094, 0.1103171855211258, 0.11030925065279007, 0.10963253676891327, 0.11011991649866104, 0.11003240942955017, 0.1101912260055542, 0.10947258025407791, 0.10989044606685638, 0.10999380797147751, 0.11016295105218887, 0.10926297307014465, 0.10914209485054016, 0.10930909961462021, 0.10934048146009445, 0.10887129604816437, 0.10906712710857391, 0.10928458720445633, 0.10869394242763519, 0.10873936116695404, 0.10870836675167084, 0.10824976116418839, 0.10867717117071152, 0.10888092964887619, 0.10783952474594116, 0.10819055140018463, 0.10782691091299057, 0.10751616209745407, 0.10738097131252289, 0.10757472366094589, 0.10785103589296341, 0.10769692063331604, 0.10757128894329071, 0.10718949884176254, 0.10711736232042313, 0.10717718303203583, 0.10744120180606842, 0.10722430795431137, 0.10673784464597702, 0.10686195641756058], "training_accs": [0.6927394134160655, 0.7117907292456626, 0.7204261549720324, 0.73508368645519, 0.7408700159566486, 0.7426469542167635, 0.7427866953583454, 0.7470815226376012, 0.7499325631698749, 0.7560061521839471, 0.7591787992178403, 0.7627307314307076, 0.7641342174339355, 0.7648349882818682, 0.7649268931155682, 0.7685765630842228, 0.769041799342149, 0.7736220626593168, 0.7782062145912092, 0.7761438402931823, 0.7807758285329568, 0.782888104278889, 0.7828422122783696, 0.781386759687213, 0.7883069352782089, 0.7862025575943874, 0.7884946335603337, 0.7903673652688735, 0.7916751786563374, 0.7930768411848638, 0.7921423592216259, 0.793871461173859, 0.7936359265838523, 0.7957422485750363, 0.8002246533037557, 0.7964851436414246, 0.7990108098900152, 0.8006937781764067, 0.7989169607489529, 0.7997594170458298, 0.8019996472565083, 0.8008795321511691, 0.8025147849623396, 0.8035410509266167, 0.8020954407049331, 0.8029341292197462, 0.8048010280061987, 0.8050346182888429, 0.8067138187931707, 0.8065280648184084, 0.8097927375186623, 0.80606088425312, 0.8096549406844429, 0.8102140260834312, 0.8097946818260247, 0.8125500497425348, 0.8106850952634447, 0.8096549406844429, 0.8107770000971445, 0.8111503315213707, 0.810357655839738, 0.8098904752744495, 0.8116635249198395, 0.8100321607233939, 0.8119909643435462, 0.8113380298034955, 0.8103117638392185, 0.8113399741108579, 0.8103117638392185, 0.8111504523540316, 0.80993648810763, 0.8115237837782577, 0.8125519940498971, 0.8115257280856202, 0.8104975178139808, 0.8153054176590446, 0.8102658718386991, 0.8125041577420152, 0.8137181219884168, 0.8113859869440384, 0.8119450723430267, 0.8135323680136546, 0.8116195772266824, 0.8133926268720725, 0.814794168567938, 0.8145605782852939, 0.8159142836732775, 0.8152135128253445, 0.8176432647928493, 0.8135343123210169, 0.815680693390633, 0.8164274770717462, 0.8164274770717462, 0.8165231496875102, 0.8165691625206906, 0.8160081328143397, 0.8158223788395773, 0.8177371139339118, 0.8183461007808056, 0.8162436674043464],