{"training_acc": 0.8097665525426642, "validation_acc": 0.7683113225558325, "classes": ["aerobe", "anaerobe", "facultative"], "confusion_matrix": [260, 12, 67, 14, 197, 32, 17, 4, 56], "f1_score": 0.7996092016971423, "training_losses": [0.4288512170314789, 0.39269986748695374, 0.37610048055648804, 0.36366507411003113, 0.3546839654445648, 0.34498855471611023, 0.33767950534820557, 0.3331427276134491, 0.3314972519874573, 0.3312380015850067, 0.3245667815208435, 0.3179771304130554, 0.3118324875831604, 0.31453362107276917, 0.3081109821796417, 0.3047136068344116, 0.3020690679550171, 0.3022764027118683, 0.3006059229373932, 0.3172762989997864, 0.3109120726585388, 0.2981315851211548, 0.2985393702983856, 0.29506853222846985, 0.2935207486152649, 0.2906270921230316, 0.2932400405406952, 0.288146436214447, 0.2901601195335388, 0.290066659450531, 0.28777486085891724, 0.28877392411231995, 0.2877050042152405, 0.2877701222896576, 0.286405086517334, 0.2871977984905243, 0.2845321595668793, 0.29080480337142944, 0.28303396701812744, 0.286109060049057, 0.2851162850856781, 0.2852056324481964, 0.3038428723812103, 0.2846565544605255, 0.2842459976673126, 0.28368648886680603, 0.2828611433506012, 0.2850074768066406, 0.28314658999443054, 0.2788723409175873, 0.2835426330566406, 0.28499165177345276, 0.2835189402103424, 0.27954456210136414, 0.2786399722099304, 0.2797975540161133, 0.27998897433280945, 0.2801510691642761, 0.2769780158996582, 0.28204795718193054, 0.2821502089500427, 0.2858756482601166, 0.30836427211761475, 0.2805466651916504, 0.2922755181789398, 0.2820839285850525, 0.2788407504558563, 0.2771177589893341, 0.2810499370098114, 0.29288649559020996, 0.2882750332355499, 0.2790108621120453, 0.2800404727458954, 0.2744689881801605, 0.27644309401512146, 0.27353042364120483, 0.27473360300064087, 0.27729806303977966, 0.2732321619987488, 0.27261602878570557, 0.27300772070884705, 0.2730788290500641, 0.2668536901473999, 0.26966166496276855, 0.2723129093647003, 0.2704366147518158, 0.2714005708694458, 0.26923495531082153, 0.267826646566391, 0.26991137862205505, 0.2646346390247345, 0.26262834668159485, 0.28724321722984314, 0.28444144129753113, 0.26981067657470703, 0.2726883590221405, 0.27251261472702026, 0.26937076449394226, 0.2709627151489258, 0.2672249376773834], "validation_losses": [0.14092803001403809, 0.12945257127285004, 0.12559260427951813, 0.11987373977899551, 0.11949442327022552, 0.11600090563297272, 0.11477909237146378, 0.11510559916496277, 0.1146000549197197, 0.11489354819059372, 0.11415383964776993, 0.1150950938463211, 0.11261244118213654, 0.11305568367242813, 0.11240187287330627, 0.11278568208217621, 0.11323501169681549, 0.11460310965776443, 0.11408901959657669, 0.11872609704732895, 0.1088586077094078, 0.11346186697483063, 0.11408369243144989, 0.11464659869670868, 0.11390622705221176, 0.11489322036504745, 0.11594679951667786, 0.11435773968696594, 0.11343816667795181, 0.11479338258504868, 0.11581674218177795, 0.11417461186647415, 0.11578772217035294, 0.11450762301683426, 0.11512258648872375, 0.11599449068307877, 0.11348661780357361, 0.11726459115743637, 0.11766376346349716, 0.1161111518740654, 0.11202415823936462, 0.10815095901489258, 0.1184040755033493, 0.11144588887691498, 0.11204101145267487, 0.1117987185716629, 0.11011171340942383, 0.11116427183151245, 0.11161936819553375, 0.1128581240773201, 0.11381738632917404, 0.11422700434923172, 0.11399893462657928, 0.113071009516716, 0.11247865110635757, 0.11334366351366043, 0.11535543948411942, 0.11527508497238159, 0.11147123575210571, 0.11209309846162796, 0.1111147552728653, 0.11533616483211517, 0.11710656434297562, 0.11315325647592545, 0.1217786893248558, 0.1148950606584549, 0.11859793961048126, 0.11403003334999084, 0.11976680159568787, 0.120367132127285, 0.11349595338106155, 0.11501771211624146, 0.11648814380168915, 0.11376591771841049, 0.11415506899356842, 0.11396308243274689, 0.11440301686525345, 0.11451206356287003, 0.11473480612039566, 0.11500231921672821, 0.1157655417919159, 0.11543406546115875, 0.11502574384212494, 0.11579997837543488, 0.1163814514875412, 0.11608655750751495, 0.11850237101316452, 0.1155911311507225, 0.11430961638689041, 0.11490979790687561, 0.11254680901765823, 0.1140759289264679, 0.11367794871330261, 0.1202036440372467, 0.11504063755273819, 0.11576119810342789, 0.11492514610290527, 0.11532706022262573, 0.11580968648195267, 0.11374450474977493], "training_accs": [0.6785593808622092, 0.7096391293460971, 0.7238507044852511, 0.7358406171483942, 0.7453375085596918, 0.7546118166550239, 0.7605056485937826, 0.7617845701309657, 0.7693044889635878, 0.7710809358559821, 0.7758052532756313, 0.784341252462955, 0.789349303644645, 0.7847568718572528, 0.7925639216989196, 0.7952234961670047, 0.8026505732320747, 0.7985809356601754, 0.80157538861177, 0.7930418076377318, 0.7880743374036855, 0.7979526897228325, 0.7974708484877963, 0.8018098867680928, 0.8035404953017737, 0.8060708373189795, 0.7987805312644235, 0.8051918510559192, 0.8021598423708719, 0.8027032060847964, 0.8042883399982032, 0.8046615182807916, 0.8079287691877881, 0.8055131405514121, 0.8083579775701025, 0.80494790522421, 0.8073592065315491, 0.8034859533333004, 0.8049459961084584, 0.807746903884187, 0.8047694371676131, 0.8073441294122797, 0.795721344603343, 0.8040121447957974, 0.8039253534566274, 0.8033218183303464, 0.8052410866616367, 0.8028569633303312, 0.8049580969652226, 0.8095793808763072, 0.8053737163595202, 0.8035589696680473, 0.8028543101489533, 0.8066409580244384, 0.8098267239550205, 0.8068296178220479, 0.8072027961046363, 0.8073395671151502, 0.8101002659760486, 0.806229479942771, 0.807921044611747, 0.8051865446931634, 0.7949337119765821, 0.8082676029675216, 0.7977834343735294, 0.8048228140859611, 0.8098036872916176, 0.808751539334716, 0.8069595943385535, 0.7996959082108113, 0.803958581861043, 0.8059957258520746, 0.806407947999368, 0.8105677741574416, 0.8098206735266386, 0.8117789857226337, 0.8105643769104375, 0.8110769793849179, 0.8107981310011341, 0.8117789857226337, 0.8109382992586522, 0.8122013996109398, 0.8139252136506124, 0.8154220680935965, 0.8157959904418113, 0.8169970102659909, 0.8154126204182104, 0.8150939841040952, 0.8127181433980506, 0.8148041999136727, 0.8173905720306044, 0.81546790645231, 0.8076680720891507, 0.8061283555499582, 0.8116975007462196, 0.8101514106975177, 0.8126647664797025, 0.8141131293825955, 0.8112198008238138, 0.818737066475058],