{"training_acc": 0.650704300319926, "validation_acc": 0.6412472653049512, "classes": ["aerobe", "anaerobe", "facultative"], "confusion_matrix": [201, 53, 85, 16, 194, 33, 18, 18, 41], "f1_score": 0.6825049786826782, "training_losses": [0.6046096086502075, 0.5892829298973083, 0.5796537399291992, 0.572195291519165, 0.5658034682273865, 0.560063362121582, 0.5549376010894775, 0.550250768661499, 0.5459657311439514, 0.5419792532920837, 0.5381954908370972, 0.5346480011940002, 0.5313563942909241, 0.528258740901947, 0.5253662467002869, 0.5226609706878662, 0.5201252102851868, 0.5177769064903259, 0.5156092047691345, 0.5135905742645264, 0.5117299556732178, 0.5100148320198059, 0.5084051489830017, 0.5069049596786499, 0.5055036544799805, 0.5041903853416443, 0.5029836893081665, 0.5018419027328491, 0.5007593631744385, 0.4997486472129822, 0.49880003929138184, 0.4979110360145569, 0.49705830216407776, 0.49626147747039795, 0.4955184757709503, 0.4948117136955261, 0.49415257573127747, 0.4935198128223419, 0.4929318428039551, 0.4923752248287201, 0.4918263852596283, 0.49132826924324036, 0.49084872007369995, 0.4904021620750427, 0.4899657964706421, 0.4895760416984558, 0.4891793727874756, 0.48880115151405334, 0.48844921588897705, 0.48811376094818115, 0.4878058135509491, 0.48749080300331116, 0.4871959090232849, 0.48691800236701965, 0.48664411902427673, 0.4863903224468231, 0.4861418306827545, 0.4859035909175873, 0.48569175601005554, 0.4854651987552643, 0.4852764904499054, 0.48507457971572876, 0.4848898649215698, 0.4847039580345154, 0.48453760147094727, 0.48436275124549866, 0.48419854044914246, 0.4840424060821533, 0.4838951826095581, 0.48374825716018677, 0.4836059808731079, 0.4834734797477722, 0.48334330320358276, 0.4832288920879364, 0.48309004306793213, 0.4829714298248291, 0.4828636646270752, 0.48275992274284363, 0.4826453924179077, 0.4825402498245239, 0.48242998123168945, 0.482346773147583, 0.48223331570625305, 0.4821498692035675, 0.48204678297042847, 0.48196008801460266, 0.4818873405456543, 0.48179587721824646, 0.4817153811454773, 0.4816333055496216, 0.48156511783599854, 0.48148012161254883, 0.4814162254333496, 0.48133206367492676, 0.48126667737960815, 0.48119020462036133, 0.481122761964798, 0.48106440901756287, 0.480991005897522, 0.48092901706695557], "validation_losses": [0.18891221284866333, 0.18616139888763428, 0.18386375904083252, 0.18182216584682465, 0.17998896539211273, 0.17829230427742004, 0.17671574652194977, 0.17524157464504242, 0.17384955286979675, 0.172518789768219, 0.17122702300548553, 0.17000272870063782, 0.16891825199127197, 0.16790653765201569, 0.16697312891483307, 0.1661166399717331, 0.16533441841602325, 0.16462008655071259, 0.16397620737552643, 0.1633986532688141, 0.1629016101360321, 0.16244372725486755, 0.16202212870121002, 0.16160465776920319, 0.16126051545143127, 0.16093164682388306, 0.16062280535697937, 0.16033358871936798, 0.1600673943758011, 0.1598416417837143, 0.1596238613128662, 0.15942378342151642, 0.15924134850502014, 0.15906906127929688, 0.15888813138008118, 0.15874087810516357, 0.15858739614486694, 0.15846863389015198, 0.15835079550743103, 0.1582229733467102, 0.15813224017620087, 0.15802101790905, 0.15792088210582733, 0.15781442821025848, 0.15773159265518188, 0.1576399952173233, 0.15755179524421692, 0.1574895977973938, 0.1574314683675766, 0.15735310316085815, 0.15727698802947998, 0.15721791982650757, 0.15716221928596497, 0.15712004899978638, 0.15704508125782013, 0.15700075030326843, 0.1569555252790451, 0.15691103041172028, 0.15687888860702515, 0.15682555735111237, 0.15679411590099335, 0.15674574673175812, 0.15672096610069275, 0.1566895693540573, 0.15665331482887268, 0.15660583972930908, 0.15658549964427948, 0.15655869245529175, 0.15651735663414001, 0.1564846783876419, 0.1564667820930481, 0.1564536839723587, 0.15641310811042786, 0.15637506544589996, 0.1563660055398941, 0.15635500848293304, 0.15632304549217224, 0.15629427134990692, 0.15627996623516083, 0.1562465876340866, 0.15624268352985382, 0.15618178248405457, 0.1561935693025589, 0.15616384148597717, 0.15614968538284302, 0.15614457428455353, 0.1561061590909958, 0.15609028935432434, 0.15606564283370972, 0.15604448318481445, 0.15600770711898804, 0.15600848197937012, 0.15601412951946259, 0.1559883952140808, 0.15595552325248718, 0.15595410764217377, 0.1559421569108963, 0.1559271663427353, 0.15592177212238312, 0.15591678023338318], "training_accs": [0.4901411644573477, 0.49333349842970103, 0.516032961475101, 0.5328992819357636, 0.5529188277565389, 0.5784772022124051, 0.5901825959941206, 0.5993671923911822, 0.6058577971718433, 0.6106488780676705, 0.6139659147316794, 0.6172317744645889, 0.6202200800306359, 0.6225118147885184, 0.6217593755853293, 0.6236274022379847, 0.6257244915174115, 0.6263819537133352, 0.628946551174155, 0.6266063248761812, 0.6287034141556078, 0.6302865097864674, 0.6301430412391108, 0.6301895267062847, 0.6322913074496366, 0.6319578848877495, 0.6339646886238361, 0.637281725287845, 0.6403650078611572, 0.6424667886045091, 0.6439111071519373, 0.6431148678725823, 0.6436726615973155, 0.6435776845900502, 0.64427894686214, 0.6444689008766705, 0.6455891797900621, 0.6454504027066309, 0.6464803960766825, 0.6464803960766825, 0.6454504027066309, 0.6454504027066309, 0.6451216716086691, 0.6454504027066309, 0.6471331668086809, 0.6473669208993775, 0.6468044357107191, 0.6468044357107191, 0.6470381898014157, 0.6461469735147953, 0.6460519965075301, 0.6460519965075301, 0.6460035049674387, 0.6460035049674387, 0.647357537971527, 0.647357537971527, 0.6471237838808303, 0.647357537971527, 0.6475912920622235, 0.6478250461529201, 0.6478250461529201, 0.6478250461529201, 0.6478250461529201, 0.6489453250663116, 0.6500656039797033, 0.6502993580704, 0.6506280891683618, 0.6508618432590584, 0.6513293514404516, 0.6513293514404516, 0.6510006203424896, 0.6515631055311482, 0.6515631055311482, 0.6517968596218447, 0.6517968596218447, 0.6514681285238829, 0.6517018826145794, 0.6517018826145794, 0.651935636705276, 0.651935636705276, 0.6530559156186676, 0.6536184008073261, 0.6532896697093643, 0.6532896697093643, 0.6532896697093643, 0.6532896697093643, 0.6532896697093643, 0.6532896697093643, 0.6538521548980227, 0.6540859089887193, 0.6538521548980227, 0.6538521548980227, 0.6538521548980227, 0.6535234238000609, 0.6538521548980227, 0.6538521548980227, 0.6535234238000609, 0.6537571778907575, 0.6535234238000609, 0.6537571778907575],