{"training_acc": 0.8849602697503961, "validation_acc": 0.8081531709850295, "classes": ["aerobe", "anaerobe", "facultative"], "confusion_matrix": [252, 19, 68, 15, 216, 12, 12, 4, 61], "f1_score": 0.8154025700410831, "training_losses": [0.4256654679775238, 0.3727894723415375, 0.34961050748825073, 0.338888555765152, 0.3283828794956207, 0.32053136825561523, 0.3145555853843689, 0.30844366550445557, 0.30682995915412903, 0.29799050092697144, 0.2957113981246948, 0.2903561294078827, 0.2852168083190918, 0.28101739287376404, 0.2778252959251404, 0.2757438123226166, 0.27120935916900635, 0.2698986828327179, 0.2674327790737152, 0.26450401544570923, 0.2632574439048767, 0.26301443576812744, 0.25969383120536804, 0.25872382521629333, 0.2547270357608795, 0.25371935963630676, 0.25053125619888306, 0.24945145845413208, 0.24809397757053375, 0.24770788848400116, 0.24554714560508728, 0.2437278926372528, 0.24413883686065674, 0.240324929356575, 0.24125787615776062, 0.23891925811767578, 0.2388020008802414, 0.2380305528640747, 0.23512455821037292, 0.23744013905525208, 0.23570653796195984, 0.23835422098636627, 0.23514828085899353, 0.23355704545974731, 0.22844424843788147, 0.2294435352087021, 0.22693175077438354, 0.22531312704086304, 0.2258591651916504, 0.22462964057922363, 0.22162681818008423, 0.22231945395469666, 0.21978028118610382, 0.21939295530319214, 0.21882395446300507, 0.2167796790599823, 0.21839101612567902, 0.21708256006240845, 0.2140701413154602, 0.2136303186416626, 0.214214488863945, 0.2129966914653778, 0.2119530588388443, 0.2119443714618683, 0.21219071745872498, 0.2120130956172943, 0.20943236351013184, 0.20975401997566223, 0.20921708643436432, 0.20550192892551422, 0.21442857384681702, 0.20924971997737885, 0.20752790570259094, 0.2024431973695755, 0.20488469302654266, 0.2058640718460083, 0.20275677740573883, 0.20138421654701233, 0.20277029275894165, 0.20148169994354248, 0.20335803925991058, 0.20116540789604187, 0.20015597343444824, 0.2181355059146881, 0.19615259766578674, 0.19771239161491394, 0.19865860044956207, 0.1983640491962433, 0.1973925530910492, 0.19799526035785675, 0.19733919203281403, 0.19731660187244415, 0.19765540957450867, 0.19853827357292175, 0.19666780531406403, 0.19772958755493164, 0.1957705318927765, 0.19438998401165009, 0.19288034737110138, 0.19180454313755035], "validation_losses": [0.14343039691448212, 0.12789444625377655, 0.12480492889881134, 0.12220731377601624, 0.12047731876373291, 0.11882273852825165, 0.11762937158346176, 0.11622843891382217, 0.11734285205602646, 0.1141892820596695, 0.11378099024295807, 0.11266765743494034, 0.11076062172651291, 0.10983553528785706, 0.10902353376150131, 0.1086200699210167, 0.1073652133345604, 0.10700157284736633, 0.10729721188545227, 0.10660453140735626, 0.10640240460634232, 0.10703779011964798, 0.10600526630878448, 0.10682754963636398, 0.10489419847726822, 0.10434520989656448, 0.10434232652187347, 0.10421741753816605, 0.10407409816980362, 0.1039484515786171, 0.10421773046255112, 0.10363802313804626, 0.10325844585895538, 0.10300688445568085, 0.10356084257364273, 0.10310046374797821, 0.10341132432222366, 0.10243092477321625, 0.10275932401418686, 0.10357539355754852, 0.10237570106983185, 0.10455909371376038, 0.10463912039995193, 0.10354109853506088, 0.10128048807382584, 0.10208512842655182, 0.10098223388195038, 0.10039375722408295, 0.10127794742584229, 0.10121892392635345, 0.09992878139019012, 0.10136198252439499, 0.10126943141222, 0.1012149304151535, 0.100721076130867, 0.10039207339286804, 0.10132402926683426, 0.10068561881780624, 0.09996908158063889, 0.10027842223644257, 0.10046806931495667, 0.10024897009134293, 0.09959420561790466, 0.09987318515777588, 0.10112592577934265, 0.10075134038925171, 0.09978846460580826, 0.10047037899494171, 0.10163723677396774, 0.09907878190279007, 0.10459035634994507, 0.10228663682937622, 0.09998060762882233, 0.09778381884098053, 0.1016995832324028, 0.10003208369016647, 0.09971214830875397, 0.09916636347770691, 0.09945736080408096, 0.09872924536466599, 0.10050611197948456, 0.0986623466014862, 0.10273778438568115, 0.10772635787725449, 0.09960617125034332, 0.10022302716970444, 0.10055405646562576, 0.10095617920160294, 0.10063551366329193, 0.10155759006738663, 0.10077647119760513, 0.10158593207597733, 0.10265447944402695, 0.10275783389806747, 0.1012515276670456, 0.10331186652183533, 0.10248123109340668, 0.10144396126270294, 0.10100864619016647, 0.09964242577552795], "training_accs": [0.6886934282287244, 0.7417308865051053, 0.7565821287920002, 0.7692918024052119, 0.7791088267777323, 0.7837798964458292, 0.7874627667471233, 0.796658752144953, 0.795290644749089, 0.8062299541079184, 0.8106578867574683, 0.8140281064254937, 0.8184674280758114, 0.8219232418232517, 0.822858258186038, 0.8245363308241629, 0.827160808825842, 0.8302878914753201, 0.8306584165765307, 0.8339794653863742, 0.8350512527596745, 0.8334560888099566, 0.837296502050383, 0.8364443943760035, 0.8421130463387541, 0.8401480366059161, 0.843281816792237, 0.8444923812489686, 0.8434623878789171, 0.8432724338643864, 0.8446311583323999, 0.8462236368911101, 0.8462162600361768, 0.8485611777980759, 0.8462115685722514, 0.8492139485300744, 0.8473412304134937, 0.8496255883164429, 0.8529958079844685, 0.8524871851179171, 0.8514518209658496, 0.8562636737902953, 0.8518782144620848, 0.8522069455600466, 0.8576344665771675, 0.8555306797608981, 0.8575879811099935, 0.8601107845675645, 0.8601572700347385, 0.8583795289254232, 0.8634830103085074, 0.8609973093902595, 0.8614695090355781, 0.86357128977893, 0.8628235420396663, 0.8658603391458045, 0.8642240605109285, 0.8644066376705258, 0.8702902778682717, 0.8686122052301469, 0.8673484577693987, 0.8693990615816514, 0.8722943962133504, 0.8722943962133504, 0.8722412132093339, 0.8707968946619057, 0.8715028483979207, 0.8737387147607786, 0.8736437377535134, 0.8747807764496889, 0.8720027676547121, 0.8739751542424831, 0.8731398063508875, 0.8772086028999947, 0.8755582498733427, 0.8733297603654181, 0.876977534200306, 0.8791716065599154, 0.8783315672043943, 0.8813656789195247, 0.878370675816635, 0.8795441377340433, 0.8801383546800091, 0.8727243726833414, 0.883187220105006, 0.8827244033875381, 0.8806691081113601, 0.8798728688320051, 0.8820716326555397, 0.8819746495753571, 0.8826294263802729, 0.8814121643866986, 0.8818284956369925, 0.8818284956369925, 0.8818796725680919, 0.8813124959155081, 0.8842563220872984, 0.8866403484614382, 0.8844873907869871, 0.8865035774509242],