{"training_acc": 0.716628568548534, "validation_acc": 0.7320970785408675, "classes": ["aerobe", "anaerobe", "facultative"], "confusion_matrix": [225, 34, 80, 15, 202, 26, 17, 6, 54], "f1_score": 0.7488034571763638, "training_losses": [0.5796123147010803, 0.5575385093688965, 0.5381271839141846, 0.5198925137519836, 0.5039153695106506, 0.49097245931625366, 0.48105424642562866, 0.4718365967273712, 0.46474990248680115, 0.4588356614112854, 0.45381659269332886, 0.449815571308136, 0.44557538628578186, 0.44221359491348267, 0.4392029643058777, 0.43642428517341614, 0.4340035021305084, 0.4317268133163452, 0.42968282103538513, 0.4276484251022339, 0.42590272426605225, 0.42426979541778564, 0.422575980424881, 0.42137038707733154, 0.4197410047054291, 0.4185531437397003, 0.4174693524837494, 0.41610804200172424, 0.4150274097919464, 0.41716259717941284, 0.4139339029788971, 0.4126732349395752, 0.41183093190193176, 0.41035836935043335, 0.40970224142074585, 0.4090781509876251, 0.4085850715637207, 0.40778976678848267, 0.40734168887138367, 0.40659230947494507, 0.40589189529418945, 0.40517953038215637, 0.40476998686790466, 0.404300332069397, 0.4035870432853699, 0.4032999277114868, 0.40282008051872253, 0.4048781096935272, 0.40273451805114746, 0.4018130302429199, 0.4008016288280487, 0.4002828001976013, 0.39990541338920593, 0.39962708950042725, 0.3992982506752014, 0.39890024065971375, 0.3987221121788025, 0.3982399106025696, 0.3981752097606659, 0.39754587411880493, 0.3973217010498047, 0.3970983922481537, 0.39681562781333923, 0.39649882912635803, 0.3962947428226471, 0.3959241211414337, 0.3956476151943207, 0.3953094780445099, 0.39496126770973206, 0.39462631940841675, 0.394464910030365, 0.3942289352416992, 0.3940703272819519, 0.39367610216140747, 0.39354994893074036, 0.39337843656539917, 0.39293211698532104, 0.39264610409736633, 0.3944748640060425, 0.39263761043548584, 0.3920535147190094, 0.3917185366153717, 0.3915499448776245, 0.39134177565574646, 0.391216516494751, 0.39098432660102844, 0.39085739850997925, 0.3908136487007141, 0.3905920684337616, 0.39100536704063416, 0.390415221452713, 0.3902510702610016, 0.39016154408454895, 0.39004796743392944, 0.38992762565612793, 0.3897850215435028, 0.3896562457084656, 0.38945379853248596, 0.3892921805381775, 0.38919317722320557], "validation_losses": [0.1909032166004181, 0.18518288433551788, 0.17914550006389618, 0.17327924072742462, 0.16769561171531677, 0.163429394364357, 0.16030864417552948, 0.15675590932369232, 0.15447749197483063, 0.15253856778144836, 0.1510666310787201, 0.15084999799728394, 0.1489768922328949, 0.1479334682226181, 0.14709889888763428, 0.14644065499305725, 0.14571857452392578, 0.14582331478595734, 0.14460162818431854, 0.1438804268836975, 0.14347031712532043, 0.14301156997680664, 0.14279025793075562, 0.14293113350868225, 0.1418914496898651, 0.14146621525287628, 0.14134478569030762, 0.1404741257429123, 0.14111769199371338, 0.1404762864112854, 0.14029720425605774, 0.14017581939697266, 0.1400655210018158, 0.13883373141288757, 0.13869664072990417, 0.13857930898666382, 0.13853763043880463, 0.1383395493030548, 0.1382455974817276, 0.13823603093624115, 0.13756203651428223, 0.13780035078525543, 0.13754193484783173, 0.1371854543685913, 0.13700807094573975, 0.1369697004556656, 0.13774514198303223, 0.13679395616054535, 0.1365920454263687, 0.1380929797887802, 0.13594935834407806, 0.13563233613967896, 0.1353788524866104, 0.13529570400714874, 0.1351197063922882, 0.13510262966156006, 0.13509202003479004, 0.13517054915428162, 0.13672694563865662, 0.13561676442623138, 0.135402649641037, 0.13523223996162415, 0.13503052294254303, 0.13487745821475983, 0.13483595848083496, 0.13467814028263092, 0.1345430612564087, 0.1343543380498886, 0.13454857468605042, 0.1343693882226944, 0.1341012716293335, 0.1339697539806366, 0.13395042717456818, 0.1337607353925705, 0.1338476687669754, 0.13357438147068024, 0.13366544246673584, 0.13401557505130768, 0.134054496884346, 0.13389572501182556, 0.13333626091480255, 0.1329374760389328, 0.13292638957500458, 0.13285382091999054, 0.13282938301563263, 0.13269531726837158, 0.13280469179153442, 0.13260528445243835, 0.13258136808872223, 0.13434727489948273, 0.1332160234451294, 0.1329495906829834, 0.1327948421239853, 0.13268616795539856, 0.13262152671813965, 0.1325773447751999, 0.1324879378080368, 0.13253028690814972, 0.13258682191371918, 0.13240323960781097], "training_accs": [0.5593912595472431, 0.5928576866404427, 0.6166848218679477, 0.6395694021730319, 0.6544014986734875, 0.6636595645994252, 0.6699103326513777, 0.676463729816143, 0.678054914157932, 0.6830520295329828, 0.6861332738237479, 0.6882828989987303, 0.6905685511186008, 0.6922506681121904, 0.6947700743227573, 0.6966367098013259, 0.6964480500037163, 0.6977111503560041, 0.6974281606595899, 0.699159513258897, 0.6988348265163999, 0.696824625533309, 0.6974773962653075, 0.6979899987397878, 0.6976653119972905, 0.6976653119972905, 0.6983631770223763, 0.7032742451238834, 0.7006037348491595, 0.7003699807584628, 0.7013959297730498, 0.7004116778045458, 0.7042926555788357, 0.7027533600241421, 0.7017691080556382, 0.7028893869690299, 0.7035906492411197, 0.7037300734330115, 0.7038244033318163, 0.7039638275237081, 0.7088816901192235, 0.7043370058062965, 0.7031716325998177, 0.703499716589319, 0.7047628169416068, 0.7037300734330115, 0.7060225200468903, 0.7071920345659994, 0.7056076447182188, 0.7053110660337879, 0.7072897617118082, 0.7063998396421093, 0.7082247780745948, 0.7062111798444995, 0.7070067720153942, 0.7068181122177847, 0.7068181122177847, 0.7082664751206776, 0.7103710060025733, 0.7082664751206776, 0.7080327210299812, 0.7077046370404797, 0.7088249159538714, 0.7100395247660677, 0.710507032947461, 0.7102732788567643, 0.7106464571393528, 0.7123046073875064, 0.7114837463563303, 0.7098542622154623, 0.7120948200422457, 0.7123285741329423, 0.7123285741329423, 0.7132150989556373, 0.7132150989556373, 0.7132150989556373, 0.713448853046334, 0.713029836405032, 0.7115890120617738, 0.715971656503905, 0.7148589161501481, 0.7149983403420399, 0.7143421723630373, 0.7148096805444305, 0.7142478424642326, 0.7168164842805171, 0.7172839924619102, 0.716394070392211, 0.7175143493056027, 0.7143906639031287, 0.7172805952149061, 0.716955908472409, 0.7177481033962992, 0.717981857486996, 0.717842433295104, 0.7175143493056027, 0.7170953326643009, 0.717562840845694, 0.7180303490270873, 0.718449365668389],