{"training_acc": 0.5179749122217948, "validation_acc": 0.5087745933370319, "classes": ["aerobe", "anaerobe", "facultative"], "confusion_matrix": [180, 104, 55, 20, 204, 19, 24, 41, 12], "f1_score": 0.6002696725727855, "training_losses": [0.6242402195930481, 0.611176073551178, 0.6056798696517944, 0.602451741695404, 0.600271999835968, 0.5985982418060303, 0.59727942943573, 0.5963383316993713, 0.5955924391746521, 0.5949860215187073, 0.5944769382476807, 0.5940299034118652, 0.5936406254768372, 0.5933063626289368, 0.5930134654045105, 0.5927637219429016, 0.5925464034080505, 0.592352032661438, 0.5921730995178223, 0.5920130014419556, 0.5918703079223633, 0.5917431712150574, 0.5916297435760498, 0.5915301442146301, 0.5914357304573059, 0.5913524031639099, 0.5912779569625854, 0.5912131071090698, 0.5911545753479004, 0.5911032557487488, 0.5910562872886658, 0.5910084843635559, 0.5909625291824341, 0.5909206867218018, 0.5908843278884888, 0.5908560156822205, 0.5908313989639282, 0.59080970287323, 0.5907911062240601, 0.5907768607139587, 0.5907648801803589, 0.5907583832740784, 0.5907516479492188, 0.5907518267631531, 0.5907532572746277, 0.5907578468322754, 0.590762197971344, 0.5907676815986633, 0.5907741189002991, 0.5907811522483826, 0.5907887816429138, 0.59079509973526, 0.590802788734436, 0.5908103585243225, 0.5908181667327881, 0.590826690196991, 0.5908352136611938, 0.5908436179161072, 0.5908515453338623, 0.5908622741699219, 0.5908689498901367, 0.5908836126327515, 0.5908915400505066, 0.5908972024917603, 0.5909095406532288, 0.5909190773963928, 0.5909307599067688, 0.590939462184906, 0.5909501910209656, 0.5909571647644043, 0.590965211391449, 0.5909764766693115, 0.5909789204597473, 0.590987503528595, 0.5909919738769531, 0.5909966826438904, 0.5910027623176575, 0.5910112261772156, 0.591012179851532, 0.5910175442695618, 0.5910236239433289, 0.5910253524780273, 0.5910290479660034, 0.5910313725471497, 0.5910345315933228, 0.5910360217094421, 0.5910384654998779, 0.591039776802063, 0.5910436511039734, 0.5910423398017883, 0.5910442471504211, 0.5910435318946838, 0.5910413861274719, 0.5910419821739197, 0.5910415649414062, 0.591047465801239, 0.5910422205924988, 0.5910412669181824, 0.5910378694534302, 0.5910404920578003], "validation_losses": [0.20224516093730927, 0.19675619900226593, 0.1950937807559967, 0.19399376213550568, 0.19320328533649445, 0.19258596003055573, 0.19210512936115265, 0.19174040853977203, 0.19143037497997284, 0.1911500245332718, 0.19090017676353455, 0.19068315625190735, 0.1904865801334381, 0.1903180330991745, 0.1901749074459076, 0.19005805253982544, 0.18995101749897003, 0.18985269963741302, 0.18977031111717224, 0.1896999329328537, 0.18964049220085144, 0.1895855963230133, 0.1895308941602707, 0.18947850167751312, 0.18941780924797058, 0.18935956060886383, 0.18930403888225555, 0.18924619257450104, 0.1891987919807434, 0.18915048241615295, 0.18910661339759827, 0.18906037509441376, 0.1890140026807785, 0.18897324800491333, 0.1889401078224182, 0.18891625106334686, 0.1888926476240158, 0.18886961042881012, 0.18885573744773865, 0.18884791433811188, 0.18883000314235687, 0.18881730735301971, 0.18880465626716614, 0.18879275023937225, 0.1887805014848709, 0.18877148628234863, 0.18876264989376068, 0.1887560784816742, 0.1887471228837967, 0.18874064087867737, 0.1887386441230774, 0.18873311579227448, 0.18872934579849243, 0.1887231022119522, 0.18871788680553436, 0.1887117177248001, 0.18870490789413452, 0.1886996477842331, 0.18869155645370483, 0.1886993646621704, 0.18867452442646027, 0.18870875239372253, 0.18870872259140015, 0.18866488337516785, 0.1886586993932724, 0.18865330517292023, 0.18865706026554108, 0.18865713477134705, 0.1886795163154602, 0.18866631388664246, 0.1886613816022873, 0.18868763744831085, 0.18866831064224243, 0.1886824667453766, 0.18867377936840057, 0.1886526346206665, 0.1886579990386963, 0.18867677450180054, 0.18865330517292023, 0.18865008652210236, 0.18867111206054688, 0.18865104019641876, 0.18865741789340973, 0.18865078687667847, 0.18864330649375916, 0.18864193558692932, 0.18864163756370544, 0.18864823877811432, 0.18867267668247223, 0.1886667162179947, 0.18868769705295563, 0.18868382275104523, 0.18864990770816803, 0.18863750994205475, 0.1886383444070816, 0.1887054294347763, 0.18867294490337372, 0.1886708289384842, 0.18864740431308746, 0.1886827051639557], "training_accs": [0.46973591387824154, 0.4953781188783469, 0.49094111848414873, 0.5000367235547915, 0.5115649434968311, 0.5159524733172193, 0.5171704793764198, 0.5235155773271768, 0.5234178501813679, 0.527061676617957, 0.528932453409156, 0.5309392571452426, 0.5327157040376368, 0.5310403815380557, 0.53309642087986, 0.5329603939349722, 0.5310513173446946, 0.5337142890597838, 0.5315714583788095, 0.5333513025182078, 0.5326534374931223, 0.5320949966599285, 0.5321927238057375, 0.5325208077952388, 0.5325242050422431, 0.5338331437532441, 0.5323881780973553, 0.5312678991839638, 0.5310341450932671, 0.5319206699159621, 0.5316869158252655, 0.5311284749920718, 0.5288879171652885, 0.5283294763320948, 0.527910459690793, 0.526884510676206, 0.5263260698430123, 0.5266541538325136, 0.5273069245645121, 0.5259528915604239, 0.5257191374697273, 0.5257191374697273, 0.5239460878243373, 0.5234819768899482, 0.5231572901474512, 0.5231572901474512, 0.5232516200462558, 0.5235797040357572, 0.5235797040357572, 0.5239077880252584, 0.5245639560042611, 0.5236774311815661, 0.5234436770908695, 0.5225571522681745, 0.5225571522681745, 0.5198975778000893, 0.5198975778000893, 0.5196638237093928, 0.5196638237093928, 0.5202256617895906, 0.5203199916883954, 0.5203199916883954, 0.5203199916883954, 0.5204143215872, 0.5201805674965035, 0.5192940426738085, 0.5206029813848095, 0.5197164565621145, 0.5191546184819166, 0.5191546184819166, 0.5193883725726132, 0.5189208643912201, 0.5192489483807213, 0.5189208643912201, 0.5192489483807213, 0.5192489483807213, 0.5192489483807213, 0.5190151942900247, 0.5190151942900247, 0.5190151942900247, 0.5190151942900247, 0.5190151942900247, 0.5190151942900247, 0.5190151942900247, 0.5193432782795261, 0.5202298031022211, 0.5202298031022211, 0.5193432782795261, 0.5191095241888294, 0.5191095241888294, 0.5188757700981329, 0.5188757700981329, 0.5191095241888294, 0.5191095241888294, 0.5191095241888294, 0.5185476861086316, 0.518313932017935, 0.518313932017935, 0.5186420160074363, 0.5180801779272384],