{"training_acc": 0.6921098288723427, "validation_acc": 0.7498597278997147, "classes": ["aerobe", "anaerobe", "facultative"], "confusion_matrix": [287, 23, 29, 10, 221, 12, 21, 18, 38], "f1_score": 0.8290917830188272, "training_losses": [0.515735387802124, 0.4831387400627136, 0.464774489402771, 0.4529220759868622, 0.44474104046821594, 0.4388429522514343, 0.4344791769981384, 0.43117329478263855, 0.4285745322704315, 0.42650434374809265, 0.42482924461364746, 0.4234439730644226, 0.4222724735736847, 0.421279639005661, 0.4204277992248535, 0.4196949303150177, 0.419053316116333, 0.4184955358505249, 0.4180122911930084, 0.41759008169174194, 0.4172195494174957, 0.4168967008590698, 0.41661933064460754, 0.41636738181114197, 0.4161473214626312, 0.41594189405441284, 0.41575887799263, 0.41560664772987366, 0.41547510027885437, 0.415357381105423, 0.4152459502220154, 0.41515490412712097, 0.4150708317756653, 0.4150049090385437, 0.4149450957775116, 0.41489145159721375, 0.4148503243923187, 0.4148177206516266, 0.41479015350341797, 0.4147703945636749, 0.41475769877433777, 0.4147477447986603, 0.41474273800849915, 0.41474223136901855, 0.4147476255893707, 0.4147557318210602, 0.4147673547267914, 0.41477954387664795, 0.414791077375412, 0.4148064851760864, 0.4148256182670593, 0.414837121963501, 0.4148523807525635, 0.41486698389053345, 0.4148835837841034, 0.41489213705062866, 0.41490688920021057, 0.4149257242679596, 0.41495004296302795, 0.414975643157959, 0.4150105118751526, 0.41503825783729553, 0.41507288813591003, 0.4150966703891754, 0.4151248037815094, 0.41514915227890015, 0.4151884913444519, 0.4152047038078308, 0.41523703932762146, 0.41526293754577637, 0.4152965843677521, 0.4153280556201935, 0.41538006067276, 0.4153992533683777, 0.4154164493083954, 0.41543498635292053, 0.41547152400016785, 0.41549962759017944, 0.4155234694480896, 0.4155504107475281, 0.41557466983795166, 0.4156007468700409, 0.41562744975090027, 0.41565465927124023, 0.4156806468963623, 0.41570478677749634, 0.41572803258895874, 0.4157467186450958, 0.4157731831073761, 0.4157928228378296, 0.4158116281032562, 0.41583094000816345, 0.4158485531806946, 0.41586267948150635, 0.41588541865348816, 0.41589808464050293, 0.41592055559158325, 0.4159384071826935, 0.4159552752971649, 0.41597557067871094], "validation_losses": [0.14327189326286316, 0.13200360536575317, 0.1263415664434433, 0.12267003208398819, 0.1200563907623291, 0.11809657514095306, 0.11659389734268188, 0.11542563140392303, 0.11449483782052994, 0.11374015361070633, 0.11312318593263626, 0.11262036114931107, 0.11219890415668488, 0.11184387654066086, 0.11154171079397202, 0.11129111051559448, 0.11107669025659561, 0.11089927703142166, 0.11074413359165192, 0.11061229556798935, 0.11049368232488632, 0.11039462685585022, 0.11030833423137665, 0.1102362871170044, 0.11017260700464249, 0.11011597514152527, 0.11006367206573486, 0.11001437157392502, 0.10997164994478226, 0.1099352166056633, 0.10989643633365631, 0.10986186563968658, 0.10983075946569443, 0.10981125384569168, 0.1097923070192337, 0.10977177321910858, 0.10975230485200882, 0.10973769426345825, 0.10972217470407486, 0.10970912128686905, 0.10969837754964828, 0.10968882590532303, 0.10968197137117386, 0.10967131704092026, 0.10966850817203522, 0.10966412723064423, 0.10966601967811584, 0.1096709817647934, 0.10966861248016357, 0.10967059433460236, 0.10967973619699478, 0.10967444628477097, 0.10968354344367981, 0.10968252271413803, 0.10968511551618576, 0.10969211161136627, 0.10970059037208557, 0.10970944166183472, 0.10971880704164505, 0.10972843319177628, 0.1097395196557045, 0.10974723100662231, 0.10973774641752243, 0.10975976288318634, 0.10976019501686096, 0.10976618528366089, 0.10975445061922073, 0.10978075861930847, 0.10978777706623077, 0.10978575795888901, 0.10979536920785904, 0.1098036989569664, 0.1097610592842102, 0.10976454615592957, 0.10981406271457672, 0.10980791598558426, 0.10981059819459915, 0.1098300889134407, 0.10983412712812424, 0.10984615981578827, 0.10983741283416748, 0.10984177887439728, 0.10985755175352097, 0.10985871404409409, 0.10986366868019104, 0.10987024009227753, 0.10988031327724457, 0.10987996309995651, 0.10988790541887283, 0.1098979040980339, 0.10989672690629959, 0.10989967733621597, 0.1099136620759964, 0.10990840196609497, 0.10993077605962753, 0.10992178320884705, 0.10991962999105453, 0.10994811356067657, 0.10993241518735886, 0.10994236171245575], "training_accs": [0.6276832503464381, 0.6653252129781835, 0.6753908152999984, 0.6819580338062544, 0.6871775006792747, 0.6911331018579885, 0.7013423339361101, 0.7013843373219047, 0.7048346431642601, 0.7044114102921286, 0.7038962725862974, 0.7041279185615791, 0.7049205942432119, 0.7049205942432119, 0.7051541845258561, 0.7053877748085001, 0.7045012499858051, 0.7042676597031611, 0.7047348402684493, 0.7049684305510936, 0.7049684305510936, 0.7039421645868168, 0.7048286894095118, 0.7051561288332184, 0.7057171585395693, 0.7057171585395693, 0.7063720373869825, 0.7090316118550676, 0.7095926415614184, 0.709920080985125, 0.7095926415614184, 0.7098262318440627, 0.7098262318440627, 0.7098262318440627, 0.7101536712677694, 0.7102475204088318, 0.7102475204088318, 0.710481110691476, 0.710481110691476, 0.7110421403978268, 0.7110421403978268, 0.7108085501151825, 0.7108085501151825, 0.7108085501151825, 0.7108085501151825, 0.7110421403978268, 0.7110421403978268, 0.7110421403978268, 0.7108085501151825, 0.7108085501151825, 0.7111359895388892, 0.7111359895388892, 0.7111359895388892, 0.7111359895388892, 0.7111359895388892, 0.7109023992562449, 0.7112298386799516, 0.7112298386799516, 0.7112298386799516, 0.7112298386799516, 0.7112298386799516, 0.7114634289625958, 0.7114634289625958, 0.7102494647161942, 0.7103433138572566, 0.7094567890345616, 0.7094567890345616, 0.7085702642118665, 0.7085702642118665, 0.7088977036355731, 0.7088977036355731, 0.7092251430592796, 0.7095525824829862, 0.709880021906693, 0.7101136121893372, 0.7101136121893372, 0.7092270873666422, 0.7092270873666422, 0.708993497083998, 0.7081069722613029, 0.7072204474386078, 0.7072204474386078, 0.7072204474386078, 0.7072204474386078, 0.7072204474386078, 0.7072204474386078, 0.7081069722613029, 0.7081069722613029, 0.7081069722613029, 0.7081069722613029, 0.7081069722613029, 0.7081069722613029, 0.7081069722613029, 0.7081069722613029, 0.7081069722613029, 0.7081069722613029, 0.7081069722613029, 0.7078733819786587, 0.7078733819786587, 0.7078733819786587],