{"training_acc": 0.7352637390440706, "validation_acc": 0.7424613697966697, "classes": ["aerobe", "anaerobe", "facultative"], "confusion_matrix": [229, 40, 70, 14, 213, 16, 14, 11, 52], "f1_score": 0.761655140865254, "training_losses": [0.5668242573738098, 0.5358890295028687, 0.5122777819633484, 0.4935917854309082, 0.4792401194572449, 0.46824148297309875, 0.45960140228271484, 0.4527113437652588, 0.44698283076286316, 0.44225430488586426, 0.4380922317504883, 0.4344516098499298, 0.43122896552085876, 0.42835551500320435, 0.42580464482307434, 0.42340803146362305, 0.42119506001472473, 0.419198215007782, 0.41736388206481934, 0.4156421422958374, 0.41411033272743225, 0.4125734865665436, 0.41106677055358887, 0.40970540046691895, 0.40852758288383484, 0.4072113633155823, 0.40607690811157227, 0.40497782826423645, 0.40408557653427124, 0.4030173122882843, 0.4019813537597656, 0.4010954201221466, 0.4001084864139557, 0.39920321106910706, 0.39838477969169617, 0.3976190686225891, 0.3968418836593628, 0.39606016874313354, 0.3955223560333252, 0.3946320712566376, 0.3940387964248657, 0.39337801933288574, 0.3927815854549408, 0.39219340682029724, 0.39157018065452576, 0.3909279406070709, 0.3903001844882965, 0.3898475468158722, 0.38922619819641113, 0.38865870237350464, 0.38825851678848267, 0.38766956329345703, 0.3873470425605774, 0.3866809606552124, 0.3863585293292999, 0.3857335150241852, 0.38548362255096436, 0.38503605127334595, 0.3846198618412018, 0.38431787490844727, 0.3838834762573242, 0.3833507299423218, 0.3830965757369995, 0.3827827274799347, 0.38245245814323425, 0.38204488158226013, 0.3817136287689209, 0.38140055537223816, 0.3811940550804138, 0.38085612654685974, 0.3804784417152405, 0.3801499009132385, 0.379959374666214, 0.3795950710773468, 0.3793095052242279, 0.37904930114746094, 0.3788647949695587, 0.3784623444080353, 0.37834522128105164, 0.3781113922595978, 0.37788671255111694, 0.3775750398635864, 0.37735405564308167, 0.3771781325340271, 0.37690210342407227, 0.3767290413379669, 0.37650588154792786, 0.376262366771698, 0.37620145082473755, 0.3760749399662018, 0.37591344118118286, 0.3754494786262512, 0.3753962516784668, 0.375143438577652, 0.3750329911708832, 0.37474438548088074, 0.3746333122253418, 0.374519944190979, 0.3741748631000519, 0.3740316331386566], "validation_losses": [0.17968937754631042, 0.17100152373313904, 0.16360880434513092, 0.1578701287508011, 0.15356789529323578, 0.15037015080451965, 0.1479053497314453, 0.14595940709114075, 0.14432400465011597, 0.14297319948673248, 0.1417943835258484, 0.14076198637485504, 0.13985759019851685, 0.1390305459499359, 0.1382790356874466, 0.1376137137413025, 0.13700366020202637, 0.13639862835407257, 0.13590885698795319, 0.13539475202560425, 0.13495366275310516, 0.13449755311012268, 0.134060800075531, 0.13367827236652374, 0.13337355852127075, 0.13295146822929382, 0.13265196979045868, 0.13235971331596375, 0.13211970031261444, 0.13180485367774963, 0.13145989179611206, 0.13129398226737976, 0.13097956776618958, 0.13074995577335358, 0.1305176168680191, 0.13035006821155548, 0.13022634387016296, 0.1299704611301422, 0.12991300225257874, 0.129628986120224, 0.129546120762825, 0.12938553094863892, 0.12918630242347717, 0.12903252243995667, 0.1289180964231491, 0.12871092557907104, 0.1285371482372284, 0.12842710316181183, 0.12836016714572906, 0.12815925478935242, 0.1281367540359497, 0.12795235216617584, 0.12792010605335236, 0.1277005523443222, 0.12761110067367554, 0.1274183839559555, 0.12746301293373108, 0.12738429009914398, 0.1272580623626709, 0.12723034620285034, 0.12708480656147003, 0.1270001381635666, 0.12691965699195862, 0.12689685821533203, 0.12685516476631165, 0.1267487108707428, 0.12665216624736786, 0.12665924429893494, 0.1265447735786438, 0.1265346109867096, 0.12638989090919495, 0.12636318802833557, 0.12632891535758972, 0.1262694001197815, 0.1261405646800995, 0.12617769837379456, 0.12609834969043732, 0.12596234679222107, 0.1260262429714203, 0.12596318125724792, 0.1259196251630783, 0.1258765459060669, 0.12582242488861084, 0.1258193999528885, 0.12563511729240417, 0.12574565410614014, 0.1255403757095337, 0.12554921209812164, 0.12559008598327637, 0.1256449669599533, 0.1255621761083603, 0.12542301416397095, 0.12538862228393555, 0.12539386749267578, 0.12533573806285858, 0.1252569705247879, 0.12525101006031036, 0.12528370320796967, 0.12506072223186493, 0.1251102089881897], "training_accs": [0.546570396649762, 0.5930971575349541, 0.6303499659438467, 0.6525244755119906, 0.6688779108142554, 0.683782336105167, 0.6859764084647763, 0.6907350782852054, 0.6944293375872673, 0.6978804598707823, 0.7026485126190619, 0.7055856412540096, 0.7075971364540216, 0.708113136175506, 0.7117124184703029, 0.7143301989351393, 0.7147977071165323, 0.7139158737577627, 0.7144783589464211, 0.714383381939156, 0.7149458671278142, 0.7156956209399953, 0.7163530831359189, 0.7170543454080088, 0.7180796473141351, 0.7207877133223116, 0.7210699589530994, 0.722099952323151, 0.7225674605045443, 0.723359008319974, 0.7239214935086326, 0.7239214935086326, 0.7272823302488073, 0.7287313402601608, 0.7279351009808058, 0.7295228880755906, 0.7297566421662872, 0.7297566421662872, 0.727516084339504, 0.7268148220674142, 0.7277013468901092, 0.7274675927994126, 0.7274675927994126, 0.7277013468901092, 0.7297081506261959, 0.7312959377209807, 0.7312959377209807, 0.7324647081744636, 0.7335849870878551, 0.7340524952692484, 0.7349390200919435, 0.7346102889939816, 0.7366170927300683, 0.7363880301032969, 0.7377420631073851, 0.7380707942053469, 0.7388185419446108, 0.7391910731187386, 0.7388185419446108, 0.7395198042167005, 0.7399388208580024, 0.740172574948699, 0.7399388208580024, 0.7404063290393955, 0.740172574948699, 0.7395198042167005, 0.7397535583073971, 0.7395198042167005, 0.7395198042167005, 0.7395198042167005, 0.740172574948699, 0.7399388208580024, 0.7404063290393955, 0.7404063290393955, 0.7404063290393955, 0.7411075913114854, 0.7413413454021819, 0.7415750994928785, 0.7419038305908404, 0.742137584681537, 0.7423713387722336, 0.7424663157794988, 0.7427000698701954, 0.7418088535835752, 0.7420472991381969, 0.7419476306670064, 0.741718568040235, 0.7413898369422732, 0.7410611058443113, 0.7412948599350079, 0.7412948599350079, 0.7419523221309317, 0.7420910992143629, 0.7418573451236664, 0.7423248533050595, 0.742887338493718, 0.7425586073957561, 0.7423248533050595, 0.7440076174071097, 0.742887338493718],