{"training_acc": 0.8002486515118993, "validation_acc": 0.7892718131983947, "classes": ["aerobe", "anaerobe", "facultative"], "confusion_matrix": [227, 36, 76, 9, 217, 17, 8, 7, 62], "f1_score": 0.7812001286718347, "training_losses": [0.4839105010032654, 0.43938136100769043, 0.4195181429386139, 0.40649205446243286, 0.39682137966156006, 0.3893059194087982, 0.3829353451728821, 0.37728461623191833, 0.3720186650753021, 0.36755070090293884, 0.3636623024940491, 0.35952991247177124, 0.35519471764564514, 0.35353749990463257, 0.349806547164917, 0.34922367334365845, 0.3465636074542999, 0.34569212794303894, 0.34046295285224915, 0.3420450687408447, 0.3391387462615967, 0.33923912048339844, 0.3342392146587372, 0.33678150177001953, 0.3329625427722931, 0.3340987265110016, 0.32828572392463684, 0.33152472972869873, 0.3300667405128479, 0.3272802233695984, 0.3274959921836853, 0.3265078067779541, 0.3218103349208832, 0.3212907612323761, 0.32561254501342773, 0.32413119077682495, 0.32271671295166016, 0.31996622681617737, 0.3218516409397125, 0.32102057337760925, 0.31728219985961914, 0.32021188735961914, 0.3174963891506195, 0.3165205717086792, 0.3179428279399872, 0.31265074014663696, 0.3183373808860779, 0.31548431515693665, 0.31569066643714905, 0.31095901131629944, 0.3159932792186737, 0.3101983368396759, 0.31452542543411255, 0.3096737861633301, 0.312753289937973, 0.3106343150138855, 0.30573979020118713, 0.30925869941711426, 0.31206148862838745, 0.31048592925071716, 0.30350780487060547, 0.3100098967552185, 0.3098849654197693, 0.30864429473876953, 0.30430591106414795, 0.3097550868988037, 0.30546247959136963, 0.3074592351913452, 0.3049185574054718, 0.30593717098236084, 0.3025456368923187, 0.3077182173728943, 0.3028998076915741, 0.30648648738861084, 0.30037471652030945, 0.30649885535240173, 0.30311164259910583, 0.29926663637161255, 0.30519217252731323, 0.3011625111103058, 0.304895281791687, 0.2959737479686737, 0.29746168851852417, 0.29676324129104614, 0.29630187153816223, 0.2952219545841217, 0.29638805985450745, 0.2963758707046509, 0.29586493968963623, 0.29516473412513733, 0.29564857482910156, 0.2951994836330414, 0.2949669361114502, 0.29492685198783875, 0.29476967453956604, 0.294431209564209, 0.29599055647850037, 0.2945382595062256, 0.293731153011322, 0.2963223457336426], "validation_losses": [0.15738770365715027, 0.14410284161567688, 0.13821835815906525, 0.1341078281402588, 0.13122202455997467, 0.12905114889144897, 0.1272391378879547, 0.12555654346942902, 0.12436851859092712, 0.12306809425354004, 0.12229790538549423, 0.1210804432630539, 0.12010081112384796, 0.1196393221616745, 0.11888782680034637, 0.1190759539604187, 0.11827608197927475, 0.11863178759813309, 0.11682792007923126, 0.11792916059494019, 0.117014579474926, 0.11782168596982956, 0.11570627987384796, 0.11739049106836319, 0.1158195361495018, 0.11766701936721802, 0.11441780626773834, 0.11668834835290909, 0.1167873740196228, 0.11492811888456345, 0.11577923595905304, 0.11519261449575424, 0.11349716037511826, 0.11322199553251266, 0.11706423759460449, 0.11655256897211075, 0.11554922163486481, 0.11322544515132904, 0.11575774103403091, 0.11562149971723557, 0.1129387691617012, 0.11620616167783737, 0.11417683213949203, 0.11355742812156677, 0.1152488961815834, 0.1118985190987587, 0.11604473739862442, 0.11525555700063705, 0.11527461558580399, 0.11173590272665024, 0.11564917862415314, 0.11214359104633331, 0.11556655913591385, 0.11218138039112091, 0.11505480855703354, 0.11382462829351425, 0.11099488288164139, 0.11350513249635696, 0.11513026803731918, 0.11491766571998596, 0.11060954630374908, 0.1147117093205452, 0.11474765092134476, 0.11466644704341888, 0.11133129894733429, 0.11488957703113556, 0.1127907782793045, 0.11429189145565033, 0.11287789046764374, 0.11411388963460922, 0.11133699864149094, 0.11486528813838959, 0.11234204471111298, 0.11463817954063416, 0.11043006926774979, 0.11481012403964996, 0.11379317194223404, 0.11003129929304123, 0.11453805863857269, 0.11206953227519989, 0.1145661324262619, 0.10964493453502655, 0.10586022585630417, 0.10915709286928177, 0.1088624820113182, 0.10884200036525726, 0.10909393429756165, 0.10900399088859558, 0.1090666651725769, 0.1087426096200943, 0.10905902087688446, 0.10937902331352234, 0.10938315093517303, 0.10982555896043777, 0.11024058610200882, 0.10911266505718231, 0.11151953786611557, 0.11025124043226242, 0.11000077426433563, 0.11268165707588196], "training_accs": [0.649621545760701, 0.690844809002337, 0.708268673041721, 0.7195293366435793, 0.7235449501886699, 0.7302713151329449, 0.7369027030699548, 0.7397057460853964, 0.7451750611057658, 0.7458763233778556, 0.751753266038759, 0.7559103420582889, 0.7611438969150445, 0.7612779825345504, 0.763432946281919, 0.763613517368599, 0.7666503144747372, 0.7677659019242036, 0.7696433115047094, 0.7686524267468986, 0.7688888662286031, 0.7694419684894109, 0.7731874047225723, 0.7721500344975875, 0.7726734110740051, 0.7721965199647615, 0.7756664081039775, 0.7727105136133284, 0.7774738748976829, 0.7805618489349205, 0.7782216226369467, 0.7785503537349086, 0.7837932915195145, 0.782344281508161, 0.7819549905512494, 0.7841517483018666, 0.7827977152977784, 0.7851426330596776, 0.7841517483018666, 0.7844804793998285, 0.7873346993463693, 0.7845660734792433, 0.786906299777217, 0.7885937553431924, 0.7870450768606482, 0.7915402669059907, 0.7897922514810655, 0.7916696610615714, 0.7906396676915198, 0.792894299910079, 0.791241261492419, 0.7962551366502537, 0.7925952944965072, 0.794667349555469, 0.7940443045078607, 0.7949402122584063, 0.7985953629482275, 0.7967132619037963, 0.7952083834974183, 0.7965186164253405, 0.7999493959523157, 0.7970764101500736, 0.7974051412480355, 0.798391334541921, 0.8014840000430841, 0.7971713871573388, 0.7981622719151499, 0.7967523705160371, 0.7983960260058464, 0.7972710556285295, 0.8000834815718219, 0.7965139249614152, 0.799516304919238, 0.7971713871573388, 0.8005974752203889, 0.7982869746068054, 0.7989053281904882, 0.8019030166843857, 0.7982916660707305, 0.80170837120593, 0.7980532205161088, 0.804896013714358, 0.8052839460350886, 0.8062567442552888, 0.8043402260625422, 0.8027524389677575, 0.8039583119605638, 0.8039583119605638, 0.8064326238780436, 0.8066663779687402, 0.804006803500655, 0.8054976075152572, 0.8070853946100421, 0.8072706571606473, 0.8057266701420286, 0.8088099527153408, 0.8066085035007983, 0.8071756801533821, 0.8084859130813044, 0.8051594934894449],