{"training_acc": 0.9261062203257565, "validation_acc": 0.8144380232220284, "classes": ["aerobe", "anaerobe", "facultative"], "confusion_matrix": [292, 6, 41, 15, 214, 14, 18, 5, 54], "f1_score": 0.8575069395389199, "training_losses": [0.42510083317756653, 0.41390639543533325, 0.42675870656967163, 0.39088723063468933, 0.3867033123970032, 0.30749261379241943, 0.34520694613456726, 0.44302868843078613, 0.2894093692302704, 0.28315722942352295, 0.26572588086128235, 0.25682884454727173, 0.2580181062221527, 0.2399056851863861, 0.25352784991264343, 0.26893332600593567, 0.24268411099910736, 0.24062517285346985, 0.23848095536231995, 0.254849910736084, 0.2528969347476959, 0.2547052204608917, 0.2566649317741394, 0.2467677891254425, 0.2286066710948944, 0.2367846518754959, 0.22948697209358215, 0.22283203899860382, 0.22949039936065674, 0.2168910950422287, 0.21268333494663239, 0.2344374805688858, 0.20600053668022156, 0.20262715220451355, 0.24831730127334595, 0.25683289766311646, 0.21241368353366852, 0.20681436359882355, 0.27373579144477844, 0.28554755449295044, 0.23338283598423004, 0.2616852819919586, 0.19914598762989044, 0.2099570631980896, 0.1941237896680832, 0.20338469743728638, 0.22499917447566986, 0.24908116459846497, 0.25413355231285095, 0.174980029463768, 0.17535369098186493, 0.1995011270046234, 0.18851998448371887, 0.18473175168037415, 0.18014980852603912, 0.18186186254024506, 0.16830624639987946, 0.16738206148147583, 0.18230870366096497, 0.18213902413845062, 0.17171823978424072, 0.1667862981557846, 0.1534748375415802, 0.17603379487991333, 0.18702365458011627, 0.18986767530441284, 0.22583937644958496, 0.2943015694618225, 0.20270894467830658, 0.18539783358573914, 0.1888819932937622, 0.1667347550392151, 0.20797176659107208, 0.27288714051246643, 0.28939786553382874, 0.19315437972545624, 0.26336604356765747, 0.12618133425712585, 0.2385484129190445, 0.14258618652820587, 0.1531994640827179, 0.16116639971733093, 0.1358947455883026, 0.1597815752029419, 0.13974836468696594, 0.1691911667585373, 0.13225463032722473, 0.14267055690288544, 0.14058610796928406, 0.14802485704421997, 0.12671953439712524, 0.16334405541419983, 0.13866104185581207, 0.1480189561843872, 0.13009802997112274, 0.12337449938058853, 0.15361137688159943, 0.1225227639079094, 0.15068590641021729, 0.11800412088632584], "validation_losses": [0.15544168651103973, 0.16228149831295013, 0.12788625061511993, 0.13203847408294678, 0.12761454284191132, 0.09924130886793137, 0.12550881505012512, 0.21081896126270294, 0.12002452462911606, 0.12052690237760544, 0.1259336769580841, 0.11366965621709824, 0.11955394595861435, 0.1028616651892662, 0.11756587773561478, 0.09865209460258484, 0.11276397109031677, 0.09840346872806549, 0.10881544649600983, 0.11554229259490967, 0.10400452464818954, 0.10735295712947845, 0.10741771757602692, 0.09850551933050156, 0.09706132858991623, 0.09585731476545334, 0.09216558933258057, 0.09194920212030411, 0.1095392256975174, 0.1035020649433136, 0.08889537304639816, 0.10391825437545776, 0.09735989570617676, 0.09194920212030411, 0.1056455746293068, 0.10170749574899673, 0.10352709889411926, 0.0981069803237915, 0.12694059312343597, 0.1279664933681488, 0.10595306754112244, 0.09341578930616379, 0.08752016723155975, 0.07828576117753983, 0.08244220167398453, 0.08146048337221146, 0.09218679368495941, 0.07907187938690186, 0.08482614159584045, 0.0748555064201355, 0.07860033214092255, 0.08348420262336731, 0.09049490094184875, 0.08541289716959, 0.09081625193357468, 0.08710978925228119, 0.08674528449773788, 0.08919159322977066, 0.09510444104671478, 0.09653507173061371, 0.08768684417009354, 0.08760375529527664, 0.08947961032390594, 0.09582501649856567, 0.10912489145994186, 0.1096407026052475, 0.13082174956798553, 0.15500394999980927, 0.10195422172546387, 0.10467836260795593, 0.10256271809339523, 0.09277153015136719, 0.0956214964389801, 0.09754282236099243, 0.09520792961120605, 0.08395100384950638, 0.09018062055110931, 0.07432149350643158, 0.1279321312904358, 0.08207259327173233, 0.07904945313930511, 0.08072421699762344, 0.08225001394748688, 0.09076470136642456, 0.0818701684474945, 0.08488500863313675, 0.08032052963972092, 0.08166787028312683, 0.0900023952126503, 0.0861823558807373, 0.08222009986639023, 0.0970640480518341, 0.0868004634976387, 0.09705860912799835, 0.08426979184150696, 0.08534488826990128, 0.0895402729511261, 0.08215875923633575, 0.09218713641166687, 0.07746477425098419], "training_accs": [0.7201993642727632, 0.7320320978806459, 0.7371001296956757, 0.7415952169716663, 0.7564303126603443, 0.7968258770988986, 0.7733945823595075, 0.7089205153773207, 0.7849597668248935, 0.817107959017428, 0.8189977806140335, 0.8230817451356897, 0.8290488415184498, 0.8426737163321515, 0.8318608006183664, 0.8241301698571322, 0.8385453207866947, 0.8479879245550744, 0.8445328378891542, 0.8382363467905375, 0.8428354490180249, 0.8325335407300244, 0.8183444091235522, 0.8458319427813069, 0.8533412996475894, 0.8391207320207617, 0.847945558671297, 0.8614271198464615, 0.8540570952435647, 0.8584910595010974, 0.8596056297298847, 0.8446584001113203, 0.8670661726422103, 0.8692678047511754, 0.8425943231712528, 0.8369229885265215, 0.863268863469863, 0.8767098822359517, 0.8214661416680392, 0.8149990531601511, 0.851444390422074, 0.8117590486307082, 0.8681152869641927, 0.8595557746621926, 0.8733040537976104, 0.8579206426836831, 0.847402148563869, 0.8263006649760639, 0.8198428036895568, 0.8845624001977145, 0.8814778902154575, 0.8649512739731633, 0.8662120968813719, 0.8742020027991582, 0.8773119840622354, 0.8745659751845549, 0.8901520348762019, 0.8935907957070436, 0.8788114697837841, 0.881861500959587, 0.8858894894459285, 0.8871573645876213, 0.9009940334247842, 0.8855082599595918, 0.8708684225278049, 0.8742304704858634, 0.8443306726420786, 0.807761511195456, 0.8672227729913234, 0.8747543630672193, 0.8769784700511196, 0.8892141476288828, 0.8572573714587279, 0.8114907488610753, 0.8048694986268674, 0.8696984987349871, 0.820514697972588, 0.9283085774306872, 0.8423088761485534, 0.9085127847253222, 0.899884773730419, 0.8880689237407062, 0.9173374905431966, 0.8965057103367425, 0.9077660010442091, 0.8839140792683543, 0.9195281818039526, 0.9043576985876483, 0.90798646450596, 0.9011770326589836, 0.9178431483775377, 0.8922897819029544, 0.9100003983328002, 0.9028914259809436, 0.9144627558245908, 0.9237949429515077, 0.8950075293638257, 0.931655191762507, 0.9012066452046379, 0.9253134238114629],