{"training_acc": 0.7929191836644542, "validation_acc": 0.7673132189684141, "classes": ["aerobe", "anaerobe", "facultative"], "confusion_matrix": [265, 16, 58, 14, 199, 30, 20, 3, 54], "f1_score": 0.8033061909746791, "training_losses": [0.499619722366333, 0.4560931921005249, 0.4335806369781494, 0.4194125235080719, 0.40890786051750183, 0.4035034775733948, 0.39553338289260864, 0.39125460386276245, 0.38525390625, 0.38026851415634155, 0.37603506445884705, 0.37156492471694946, 0.3673171103000641, 0.3635023534297943, 0.3598763346672058, 0.3571993410587311, 0.3545593023300171, 0.35245195031166077, 0.3505368232727051, 0.3482644855976105, 0.34648025035858154, 0.344607412815094, 0.3431549370288849, 0.34546083211898804, 0.3434804081916809, 0.3394448161125183, 0.33776891231536865, 0.3372074067592621, 0.33479180932044983, 0.3336905241012573, 0.3323137164115906, 0.3307494521141052, 0.32941997051239014, 0.32874980568885803, 0.3273293077945709, 0.32617247104644775, 0.3271576762199402, 0.3240494132041931, 0.3239739239215851, 0.32222917675971985, 0.3209115266799927, 0.3207077980041504, 0.31969645619392395, 0.3188595771789551, 0.3208465576171875, 0.32110825181007385, 0.32023507356643677, 0.3176354467868805, 0.31541070342063904, 0.3145538568496704, 0.31378185749053955, 0.31475427746772766, 0.3131895363330841, 0.3168637156486511, 0.31393107771873474, 0.3115120828151703, 0.3135213553905487, 0.31121453642845154, 0.31185585260391235, 0.3097154498100281, 0.3089859187602997, 0.308108925819397, 0.3079409897327423, 0.30781519412994385, 0.30650919675827026, 0.30822259187698364, 0.3062635362148285, 0.30606383085250854, 0.305815190076828, 0.3048752546310425, 0.3124920427799225, 0.31068623065948486, 0.30765649676322937, 0.30684712529182434, 0.30439287424087524, 0.30138158798217773, 0.30118873715400696, 0.3015078604221344, 0.30140596628189087, 0.30019545555114746, 0.3005562424659729, 0.2999098598957062, 0.29999688267707825, 0.30041956901550293, 0.3003627359867096, 0.29977890849113464, 0.29927465319633484, 0.29903557896614075, 0.29921475052833557, 0.2999982237815857, 0.3002321422100067, 0.29920586943626404, 0.29980984330177307, 0.29834452271461487, 0.29798024892807007, 0.2978426516056061, 0.29673150181770325, 0.29627537727355957, 0.29654479026794434, 0.2970682382583618], "validation_losses": [0.16705313324928284, 0.15144316852092743, 0.14251931011676788, 0.13798722624778748, 0.13526488840579987, 0.1317359358072281, 0.12990708649158478, 0.1279013305902481, 0.12698833644390106, 0.12536193430423737, 0.12462494522333145, 0.12413670867681503, 0.12273222208023071, 0.12242138385772705, 0.1185239925980568, 0.11919630318880081, 0.1181010752916336, 0.11825424432754517, 0.11765620857477188, 0.117507204413414, 0.11660759896039963, 0.11634117364883423, 0.11614223569631577, 0.11915957182645798, 0.11654680967330933, 0.11544111371040344, 0.11533832550048828, 0.11594545841217041, 0.11498584598302841, 0.11403975635766983, 0.11415115743875504, 0.11303755640983582, 0.1131865605711937, 0.11324930191040039, 0.11333532631397247, 0.11385906487703323, 0.11547845602035522, 0.11207464337348938, 0.11123044043779373, 0.11114878952503204, 0.11199909448623657, 0.111544668674469, 0.1116190031170845, 0.11165301501750946, 0.11217596381902695, 0.11391415446996689, 0.11290840059518814, 0.11182395368814468, 0.11194741725921631, 0.11043747514486313, 0.11070871353149414, 0.11143606901168823, 0.11191622912883759, 0.11145084351301193, 0.11150737851858139, 0.10976801812648773, 0.11125543713569641, 0.1113944798707962, 0.11173633486032486, 0.10752648860216141, 0.10887652635574341, 0.10882625728845596, 0.10930728912353516, 0.10948774218559265, 0.11007727682590485, 0.11030484735965729, 0.11023237556219101, 0.10945025831460953, 0.10989801585674286, 0.11011731624603271, 0.11274340748786926, 0.11371765285730362, 0.11478562653064728, 0.11114393919706345, 0.11118632555007935, 0.10945212841033936, 0.10939828306436539, 0.10883351415395737, 0.10922455787658691, 0.10883069038391113, 0.10907629132270813, 0.10863117128610611, 0.1087660863995552, 0.11021822690963745, 0.10985936969518661, 0.10942325741052628, 0.10925628989934921, 0.10920031368732452, 0.10968568176031113, 0.10936518013477325, 0.11025749146938324, 0.11024190485477448, 0.10810719430446625, 0.10828135162591934, 0.1086156964302063, 0.1093672662973404, 0.11030500382184982, 0.10869360715150833, 0.10851558297872543, 0.10875213891267776], "training_accs": [0.6439359023491406, 0.6718502683844715, 0.6940553209660228, 0.6965773803579677, 0.7068519476231058, 0.7118100191334517, 0.7205384963498882, 0.7219376236470635, 0.7293256568474283, 0.7310596626281134, 0.7335373717925974, 0.731896951845091, 0.7358749126995633, 0.7356317109334803, 0.743268252262684, 0.7442389152431712, 0.746674183295946, 0.749616003394819, 0.7507396795552147, 0.752980237381998, 0.7564354040209776, 0.7584422077570642, 0.7591893083878675, 0.7577852957124355, 0.7582644837660936, 0.7628808822989215, 0.7620435930819441, 0.763676474469816, 0.7646171202764854, 0.7645663965395153, 0.7642315180560056, 0.7677487652230931, 0.768729619944593, 0.7680283576725032, 0.7725238063797125, 0.7704083396911784, 0.7714187906019969, 0.7726845441356623, 0.7723802408751904, 0.7768715482697693, 0.7781608475643716, 0.7748094584995829, 0.7792871769061454, 0.7785919650624377, 0.7807738396081171, 0.7761312421329745, 0.7783650054657493, 0.7825740672295406, 0.786100527103922, 0.7879417077058021, 0.7868214287924106, 0.7866293717477969, 0.7905459961397875, 0.7873102505378616, 0.7873136477848656, 0.7918158909860834, 0.787879627177694, 0.7905203062950067, 0.7888294856916572, 0.7932157623488852, 0.7911078342199854, 0.7936832705302783, 0.7947967549496616, 0.7944720682071645, 0.7960564580549451, 0.7947994081310394, 0.7974563294177467, 0.7989148840616522, 0.7985800055781426, 0.8003666442115493, 0.7914606290205488, 0.7928937287877659, 0.795723067702688, 0.7956347882322653, 0.7962902121456418, 0.801106950348344, 0.8000790922180055, 0.8005936038082376, 0.7997036817385382, 0.8029284915338254, 0.801993475171039, 0.8019025425192385, 0.8012012802471489, 0.8033433668624971, 0.8000291125466616, 0.7993305034559498, 0.8023666534536277, 0.8008731962576475, 0.8001234424454665, 0.8040021880228774, 0.8004481291879637, 0.8007269775717475, 0.8018930948438522, 0.8039483901200303, 0.8021753404746402, 0.8025977543629462, 0.803415404163525, 0.8026401954746555, 0.8034842791856412, 0.8022730676204493],