{"training_acc": 0.5566674496727315, "validation_acc": 0.5422803521787462, "classes": ["aerobe", "anaerobe", "facultative"], "confusion_matrix": [184, 98, 57, 22, 194, 27, 24, 31, 22], "f1_score": 0.6135674805250134, "training_losses": [0.6012992858886719, 0.5939256548881531, 0.5899057984352112, 0.5870457291603088, 0.5848132967948914, 0.5829845666885376, 0.5814508199691772, 0.5801538825035095, 0.579041063785553, 0.5780860185623169, 0.5772631764411926, 0.5765344500541687, 0.5758819580078125, 0.5753116607666016, 0.5748290419578552, 0.5744152665138245, 0.574061930179596, 0.573756217956543, 0.5734930038452148, 0.5732682943344116, 0.5730659365653992, 0.572894811630249, 0.5727449655532837, 0.5726134777069092, 0.5724960565567017, 0.5723820924758911, 0.5722748637199402, 0.5721826553344727, 0.5720983147621155, 0.572032630443573, 0.5719699263572693, 0.571912944316864, 0.5718548893928528, 0.5717928409576416, 0.5717304348945618, 0.5716680884361267, 0.5715985894203186, 0.5715250372886658, 0.5714721083641052, 0.5714147090911865, 0.5713670253753662, 0.5713233947753906, 0.5712810158729553, 0.5712407827377319, 0.5712026357650757, 0.5711638331413269, 0.5711230635643005, 0.5710824131965637, 0.5710459351539612, 0.5710117816925049, 0.5709806084632874, 0.5709508061408997, 0.5709215402603149, 0.5708957314491272, 0.5708729028701782, 0.5708484053611755, 0.5708248019218445, 0.5707986950874329, 0.5707743167877197, 0.5707526803016663, 0.5707322359085083, 0.5707120895385742, 0.5706889033317566, 0.5706685185432434, 0.5706496238708496, 0.5706324577331543, 0.5706125497817993, 0.5705959796905518, 0.5705798864364624, 0.570563793182373, 0.5705487132072449, 0.5705344676971436, 0.5705219507217407, 0.5705105066299438, 0.5704993009567261, 0.5704885125160217, 0.5704792737960815, 0.5704711079597473, 0.5704641938209534, 0.5704576969146729, 0.5704518556594849, 0.5704454183578491, 0.5704403519630432, 0.5704355835914612, 0.570431649684906, 0.5704277157783508, 0.5704231262207031, 0.5704187154769897, 0.570414662361145, 0.570411741733551, 0.5704091787338257, 0.570406436920166, 0.5704042315483093, 0.5704023241996765, 0.5704008340835571, 0.570399820804596, 0.5703982710838318, 0.5703973174095154, 0.5703966617584229, 0.5703952312469482], "validation_losses": [0.18906332552433014, 0.18815721571445465, 0.18742232024669647, 0.18684907257556915, 0.18638820946216583, 0.18600699305534363, 0.18568679690361023, 0.18541020154953003, 0.18516689538955688, 0.18495678901672363, 0.18477129936218262, 0.18459244072437286, 0.1844308078289032, 0.18427565693855286, 0.1841384619474411, 0.18401344120502472, 0.1839010864496231, 0.1837971806526184, 0.18370717763900757, 0.18362540006637573, 0.18354345858097076, 0.18347442150115967, 0.18341323733329773, 0.1833588033914566, 0.1832979917526245, 0.1832420974969864, 0.18318943679332733, 0.18314741551876068, 0.18310381472110748, 0.1830633580684662, 0.18302300572395325, 0.1829812377691269, 0.1829439103603363, 0.18290334939956665, 0.18286578357219696, 0.1828291267156601, 0.18278862535953522, 0.18274077773094177, 0.1827101856470108, 0.18268625438213348, 0.18265774846076965, 0.1826392412185669, 0.18261970579624176, 0.18260574340820312, 0.18259087204933167, 0.18257541954517365, 0.18255360424518585, 0.18254020810127258, 0.18252548575401306, 0.18251366913318634, 0.1824963241815567, 0.18247750401496887, 0.18246741592884064, 0.18244600296020508, 0.18243122100830078, 0.18241703510284424, 0.18240144848823547, 0.18237878382205963, 0.18236525356769562, 0.18235433101654053, 0.1823425441980362, 0.18232326209545135, 0.1823091208934784, 0.1822935789823532, 0.18228024244308472, 0.18226630985736847, 0.1822541207075119, 0.18224291503429413, 0.18223050236701965, 0.18221664428710938, 0.1822061985731125, 0.18219643831253052, 0.18218877911567688, 0.18217603862285614, 0.18216805160045624, 0.18215693533420563, 0.1821499466896057, 0.1821400672197342, 0.18213357031345367, 0.1821206659078598, 0.18211868405342102, 0.1821083128452301, 0.18209998309612274, 0.1820935308933258, 0.18208996951580048, 0.1820869892835617, 0.18207889795303345, 0.18207217752933502, 0.18206879496574402, 0.18205955624580383, 0.18206056952476501, 0.18205586075782776, 0.18205229938030243, 0.18204905092716217, 0.18204383552074432, 0.1820421814918518, 0.18203991651535034, 0.1820358783006668, 0.18203414976596832, 0.18203021585941315], "training_accs": [0.4926954814075691, 0.5075532422052393, 0.5185750310803966, 0.5243449284151763, 0.5223725418274051, 0.5301660026810552, 0.5364154765160863, 0.5402344385098039, 0.5441436860468614, 0.544377440137558, 0.5464401122686692, 0.5473313285552894, 0.5522314608501578, 0.5558725371482033, 0.5587705571709102, 0.5604095211967942, 0.5591942652761374, 0.5606385838235656, 0.5612913545555641, 0.561381640098904, 0.5619441252875624, 0.5613863315628294, 0.5634928037701065, 0.5634928037701065, 0.5647080596907634, 0.5638215348680684, 0.5641502659660302, 0.5650367907887253, 0.5645692826073321, 0.5646642596145974, 0.5654604988939523, 0.565784538527989, 0.5665807778073441, 0.565694252984649, 0.565694252984649, 0.5665807778073441, 0.5665807778073441, 0.5665807778073441, 0.5660182926186855, 0.5651317677959905, 0.5646689510785227, 0.5649976821764845, 0.5656551443724083, 0.5654213902817117, 0.5654213902817117, 0.5648589050930533, 0.5648589050930533, 0.5647201280096219, 0.5638336031869269, 0.5635998490962303, 0.5630373639075719, 0.5638289117230016, 0.5632711179982685, 0.562574547190104, 0.5629032782880659, 0.5624357701066728, 0.5613154911932811, 0.5622020160159761, 0.5624357701066728, 0.5617345078345829, 0.5616395308273177, 0.5616395308273177, 0.5625260556500127, 0.5624310786427474, 0.5618685934540889, 0.5618685934540889, 0.5618685934540889, 0.5616348393633923, 0.5625213641860873, 0.5616348393633923, 0.5616348393633923, 0.5616348393633923, 0.5607483145406973, 0.5598617897180023, 0.5586465337973453, 0.5586465337973453, 0.5586465337973453, 0.5586465337973453, 0.5586465337973453, 0.5586465337973453, 0.5584127797066488, 0.5575262548839538, 0.5575262548839538, 0.5575262548839538, 0.5575262548839538, 0.5571975237859919, 0.5571975237859919, 0.5575262548839538, 0.5575262548839538, 0.5572925007932571, 0.5572925007932571, 0.557621231891219, 0.5573874778005224, 0.5573874778005224, 0.5573874778005224, 0.5570587467025605, 0.5570587467025605, 0.5572925007932571, 0.5572925007932571, 0.5581790256159521],